timestamp,demand_mw,supply_mw,loadshed_mw,remarks
2026-04-23T00:00,14377,12443,1934,
2026-04-23T01:00,14282,12311,1971,
2026-04-23T02:00,14017,12032,1985,
2026-04-23T03:00,13823,12006,1817,
2026-04-23T04:00,13852,12059,1793,
2026-04-23T05:00,13602,12013,1589,
2026-04-23T06:00,13636,12053,1583,
2026-04-23T07:00,13449,12008,1441,
2026-04-23T08:00,13870,12243,1627,
2026-04-23T09:00,14226,12585,1641,
2026-04-23T10:00,14627,13118,1509,
2026-04-23T11:00,15069,13441,1628,
2026-04-23T12:00,15020,13385,1635,Day Peak
2026-04-23T13:00,15223,13577,1646,
2026-04-23T14:00,15157,13045,2112,
2026-04-23T15:00,15261,12860,2401,
2026-04-23T16:00,15282,12895,2387,
2026-04-23T17:00,15218,12866,2352,
2026-04-23T18:00,15304,13102,2202,
2026-04-23T19:00,16176,13693,2483,
2026-04-23T19:30,16175,13823,2352,
2026-04-23T20:00,16237,13988,2249,
2026-04-23T21:00,15982,13906,2076,Evening Peak
2026-04-23T22:00,16113,14022,2091,
2026-04-23T23:00,16026,13683,2343,
2026-04-24T00:00,15529,12969,2560,
2026-04-24T01:00,15317,12591,2726,
2026-04-24T02:00,15165,12413,2728,
2026-04-24T03:00,14973,12363,2610,
2026-04-24T04:00,14754,12242,2512,
2026-04-24T05:00,14421,12046,2375,
2026-04-24T06:00,13987,11714,2273,
2026-04-24T07:00,13828,11701,2127,
2026-04-24T08:00,13783,12025,1758,
2026-04-24T09:00,13630,12108,1522,
2026-04-24T10:00,13436,12338,1098,
2026-04-24T11:00,13638,12282,1356,
2026-04-24T12:00,13967,12295,1672,Day Peak
2026-04-24T13:00,14202,12344,1858,
2026-04-24T14:00,14132,12358,1774,
2026-04-24T15:00,14016,12431,1585,
2026-04-24T16:00,14109,12379,1730,
2026-04-24T17:00,14235,12592,1643,
2026-04-24T18:00,14320,12873,1447,
2026-04-24T19:00,15346,13580,1766,
2026-04-24T19:30,15435,13656,1779,
2026-04-24T20:00,14904,13086,1818,Evening Peak
2026-04-24T21:00,15387,13441,1946,
2026-04-24T22:00,15317,13422,1895,
2026-04-24T23:00,15169,13143,2026,
2026-04-25T00:00,14984,12546,2438,
2026-04-25T01:00,14989,12269,2720,
2026-04-25T02:00,14807,12053,2754,
2026-04-25T03:00,14603,12072,2531,
2026-04-25T04:00,14478,11976,2502,
2026-04-25T05:00,14197,11945,2252,
2026-04-25T06:00,13924,11732,2192,
2026-04-25T07:00,13746,11748,1998,
2026-04-25T08:00,13710,11793,1917,
2026-04-25T09:00,13842,11900,1942,
2026-04-25T10:00,13938,12018,1920,
2026-04-25T11:00,14099,12065,2034,Day Peak
2026-04-25T12:00,14333,12116,2217,
2026-04-25T13:00,14574,12287,2287,
2026-04-25T14:00,14467,12377,2090,
2026-04-25T15:00,14366,12151,2215,
2026-04-25T16:00,14670,12333,2337,
2026-04-25T17:00,14831,12505,2326,
2026-04-25T18:00,15216,13186,2030,
2026-04-25T19:00,16006,13621,2385,
2026-04-25T19:30,16181,14163,2018,
2026-04-25T20:00,16182,14280,1902,
2026-04-25T21:00,15765,13800,1965,Evening Peak
2026-04-25T22:00,15915,14058,1857,
2026-04-25T23:00,15322,13361,1961,
2026-04-26T00:00,14352,12487,1865,
2026-04-26T01:00,13637,12238,1399,
2026-04-26T02:00,13273,12565,708,
2026-04-26T03:00,12279,12109,170,
2026-04-26T04:00,12306,12168,138,
2026-04-26T05:00,12045,12005,40,
2026-04-26T06:00,12075,11984,91,
2026-04-26T07:00,12123,11978,145,
2026-04-26T08:00,12212,12003,209,
2026-04-26T09:00,12437,12103,334,
2026-04-26T10:00,13107,12691,416,
2026-04-26T11:00,13572,13113,459,
2026-04-26T12:00,13928,13417,511,Day Peak
2026-04-26T13:00,14116,13184,932,
2026-04-26T14:00,13893,12887,1006,
2026-04-26T15:00,13795,13040,755,
2026-04-26T16:00,12312,12081,231,
2026-04-26T17:00,10417,10275,142,
2026-04-26T18:00,8974,8908,66,
2026-04-26T19:00,10606,10508,98,
2026-04-26T19:30,10700,10700,0,
2026-04-26T20:00,10891,10891,0,
2026-04-26T21:00,11294,11294,0,Evening Peak
2026-04-26T22:00,11347,11317,30,
2026-04-26T23:00,11703,11672,31,
2026-04-27T00:00,11862,11835,27,
2026-04-27T01:00,11114,11114,0,
2026-04-27T02:00,10591,10591,0,
2026-04-27T03:00,9818,9818,0,
2026-04-27T04:00,9012,9012,0,
2026-04-27T05:00,7907,7907,0,
2026-04-27T06:00,7007,7007,0,
2026-04-27T07:00,7405,7405,0,
2026-04-27T08:00,8078,8078,0,
2026-04-27T09:00,8714,8714,0,
2026-04-27T10:00,9423,9423,0,
2026-04-27T11:00,10166,10166,0,
2026-04-27T12:00,11134,11134,0,Day Peak
2026-04-27T13:00,10873,10873,0,
2026-04-27T14:00,10784,10784,0,
2026-04-27T15:00,11341,11318,23,
2026-04-27T16:00,11123,11101,22,
2026-04-27T17:00,11258,11194,64,
2026-04-27T18:00,11688,11629,59,
2026-04-27T19:00,13040,12974,66,
2026-04-27T19:30,12847,12815,32,
2026-04-27T20:00,12668,12668,0,
2026-04-27T21:00,12793,12793,0,Evening Peak
2026-04-27T22:00,12398,12398,0,
2026-04-27T23:00,12278,12278,0,
2026-04-28T00:00,12183,12183,0,
2026-04-28T01:00,11697,11697,0,
2026-04-28T02:00,11404,11404,0,
2026-04-28T03:00,11017,11017,0,
2026-04-28T04:00,10493,10493,0,
2026-04-28T05:00,10570,10570,0,
2026-04-28T06:00,10366,10366,0,
2026-04-28T07:00,10743,10743,0,
2026-04-28T08:00,10610,10562,48,
2026-04-28T09:00,10660,10628,32,
2026-04-28T10:00,10669,10633,36,
2026-04-28T11:00,10360,10360,0,
2026-04-28T12:00,10620,10620,0,Day Peak
2026-04-28T13:00,10127,10127,0,
2026-04-28T14:00,10069,10069,0,
2026-04-28T15:00,10029,10029,0,
2026-04-28T16:00,9947,9947,0,
2026-04-28T17:00,9982,9982,0,
2026-04-28T18:00,10371,10371,0,
2026-04-28T19:00,11359,11359,0,
2026-04-28T19:30,11475,11475,0,Evening Peak
2026-04-28T20:00,11326,11326,0,
2026-04-28T21:00,11458,11458,0,
2026-04-28T22:00,11105,11105,0,
2026-04-28T23:00,11001,11001,0,
2026-04-29T00:00,10612,10612,0,
2026-04-29T01:00,10240,10240,0,
2026-04-29T02:00,9577,9577,0,
2026-04-29T03:00,9054,9054,0,
2026-04-29T04:00,8444,8444,0,
2026-04-29T05:00,8169,8169,0,
2026-04-29T06:00,7894,7894,0,
2026-04-29T07:00,7236,7236,0,
2026-04-29T08:00,6957,6957,0,
2026-04-29T09:00,7444,7444,0,
2026-04-29T10:00,8089,8089,0,
2026-04-29T11:00,8644,8644,0,
2026-04-29T12:00,9330,9330,0,Day Peak
2026-04-29T13:00,9100,9100,0,
2026-04-29T14:00,9280,9280,0,
2026-04-29T15:00,9253,9253,0,
2026-04-29T16:00,9084,9084,0,
2026-04-29T17:00,9261,9261,0,
2026-04-29T18:00,9692,9692,0,
2026-04-29T19:00,11036,11036,0,Evening Peak
2026-04-29T19:30,10789,10789,0,
2026-04-29T20:00,10676,10676,0,
2026-04-29T21:00,10525,10525,0,
2026-04-29T22:00,9304,9304,0,
2026-04-29T23:00,8758,8758,0,
2026-04-30T00:00,7941,7941,0,
2026-04-30T01:00,7604,7604,0,
2026-04-30T02:00,7350,7350,0,
2026-04-30T03:00,7400,7400,0,
2026-04-30T04:00,7217,7217,0,
2026-04-30T05:00,7200,7200,0,
2026-04-30T06:00,7679,7679,0,
2026-04-30T07:00,8250,8250,0,
2026-04-30T08:00,9095,9095,0,
2026-04-30T09:00,9619,9619,0,
2026-04-30T10:00,10096,10096,0,
2026-04-30T11:00,10800,10800,0,
2026-04-30T12:00,11270,11270,0,Day Peak
2026-04-30T13:00,11456,11456,0,
2026-04-30T14:00,11372,11372,0,
2026-04-30T15:00,11160,11160,0,
2026-04-30T16:00,11018,11018,0,
2026-04-30T17:00,10860,10860,0,
2026-04-30T18:00,11019,11019,0,
2026-04-30T19:00,12238,12238,0,
2026-04-30T19:30,12614,12614,0,Evening Peak
2026-04-30T20:00,12159,12159,0,
2026-04-30T21:00,12080,12080,0,
2026-04-30T22:00,11497,11497,0,
2026-04-30T23:00,10964,10964,0,
2026-05-01T00:00,10374,10374,0,
2026-05-01T01:00,9970,9970,0,
2026-05-01T02:00,9460,9460,0,
2026-05-01T03:00,8990,8990,0,
2026-05-01T04:00,8595,8595,0,
2026-05-01T05:00,8328,8328,0,
2026-05-01T06:00,7986,7986,0,
2026-05-01T07:00,8054,8054,0,
2026-05-01T08:00,8126,8126,0,
2026-05-01T09:00,8119,8119,0,
2026-05-01T10:00,8129,8129,0,
2026-05-01T11:00,8419,8419,0,
2026-05-01T12:00,8894,8894,0,Day Peak
2026-05-01T13:00,9785,9785,0,
2026-05-01T14:00,9095,9095,0,
2026-05-01T15:00,8475,8475,0,
2026-05-01T16:00,8036,8036,0,
2026-05-01T17:00,8028,8028,0,
2026-05-01T18:00,8398,8398,0,
2026-05-01T19:00,10492,10492,0,
2026-05-01T19:30,10462,10462,0,Evening Peak
2026-05-01T20:00,10315,10315,0,
2026-05-01T21:00,10410,10410,0,
2026-05-01T22:00,10243,10243,0,
2026-05-01T23:00,10141,10141,0,
2026-05-02T00:00,9961,9961,0,
2026-05-02T01:00,9226,9226,0,
2026-05-02T02:00,8924,8924,0,
2026-05-02T03:00,8614,8614,0,
2026-05-02T04:00,8249,8249,0,
2026-05-02T05:00,7960,7960,0,
2026-05-02T06:00,8005,8005,0,
2026-05-02T07:00,8695,8695,0,
2026-05-02T08:00,9033,9033,0,
2026-05-02T09:00,9129,9129,0,
2026-05-02T10:00,9357,9357,0,
2026-05-02T11:00,9872,9872,0,
2026-05-02T12:00,10427,10427,0,Day Peak
2026-05-02T13:00,10343,10343,0,
2026-05-02T14:00,9710,9710,0,
2026-05-02T15:00,9207,9207,0,
2026-05-02T16:00,9193,9193,0,
2026-05-02T17:00,9267,9267,0,
2026-05-02T18:00,9776,9776,0,
2026-05-02T19:00,11066,11066,0,
2026-05-02T19:30,11085,11085,0,
2026-05-02T20:00,11092,11092,0,Evening Peak
2026-05-02T21:00,10929,10929,0,
2026-05-02T22:00,10754,10754,0,
2026-05-02T23:00,10530,10530,0,
2026-05-03T00:00,10316,10316,0,
2026-05-03T01:00,9803,9803,0,
2026-05-03T02:00,9555,9555,0,
2026-05-03T03:00,9236,9236,0,
2026-05-03T04:00,8956,8956,0,
2026-05-03T05:00,8837,8837,0,
2026-05-03T06:00,9028,9028,0,
2026-05-03T07:00,9617,9617,0,
2026-05-03T08:00,9755,9755,0,
2026-05-03T09:00,10053,10053,0,
2026-05-03T10:00,10576,10576,0,
2026-05-03T11:00,11282,11282,0,
2026-05-03T12:00,11604,11604,0,Day Peak
2026-05-03T13:00,11526,11526,0,
2026-05-03T14:00,11491,11491,0,
2026-05-03T15:00,11387,11387,0,
2026-05-03T16:00,11107,11107,0,
2026-05-03T17:00,11010,11010,0,
2026-05-03T18:00,11210,11210,0,
2026-05-03T19:00,12684,12684,0,
2026-05-03T19:30,12745,12745,0,Evening Peak
2026-05-03T20:00,12684,12684,0,
2026-05-03T21:00,12435,12435,0,
2026-05-03T22:00,12222,12222,0,
2026-05-03T23:00,11866,11866,0,
2026-05-04T00:00,11568,11568,0,
2026-05-04T01:00,11298,11298,0,
2026-05-04T02:00,10636,10636,0,
2026-05-04T03:00,10388,10388,0,
2026-05-04T04:00,9883,9883,0,
2026-05-04T05:00,9638,9638,0,
2026-05-04T06:00,9602,9602,0,
2026-05-04T07:00,9930,9930,0,
2026-05-04T08:00,10261,10261,0,
2026-05-04T09:00,10630,10630,0,
2026-05-04T10:00,10907,10907,0,
2026-05-04T11:00,11277,11277,0,
2026-05-04T12:00,11818,11818,0,Day Peak
2026-05-04T13:00,12140,12140,0,
2026-05-04T14:00,12060,12060,0,
2026-05-04T15:00,11966,11966,0,
2026-05-04T16:00,11628,11628,0,
2026-05-04T17:00,11484,11484,0,
2026-05-04T18:00,11704,11704,0,
2026-05-04T19:00,13371,13371,0,
2026-05-04T19:30,13128,13128,0,Evening Peak
2026-05-04T20:00,13183,13183,0,
2026-05-04T21:00,13039,13039,0,
2026-05-04T22:00,12593,12593,0,
2026-05-04T23:00,12042,12042,0,
2026-05-05T00:00,11410,11410,0,
2026-05-05T01:00,10780,10780,0,
2026-05-05T02:00,10400,10400,0,
2026-05-05T03:00,10188,10188,0,
2026-05-05T04:00,10008,10008,0,
2026-05-05T05:00,9669,9669,0,
2026-05-05T06:00,10047,10047,0,
2026-05-05T07:00,10488,10488,0,
2026-05-05T08:00,10847,10847,0,
2026-05-05T09:00,11138,11138,0,
2026-05-05T10:00,11729,11729,0,
2026-05-05T11:00,12362,12362,0,
2026-05-05T12:00,12879,12879,0,Day Peak
2026-05-05T13:00,13415,13415,0,
2026-05-05T14:00,12594,12594,0,
2026-05-05T15:00,12912,12912,0,
2026-05-05T16:00,12528,12528,0,
2026-05-05T17:00,12320,12320,0,
2026-05-05T18:00,12371,12371,0,
2026-05-05T19:00,13753,13658,95,
2026-05-05T19:30,13774,13650,124,Evening Peak
2026-05-05T20:00,13938,13829,109,
2026-05-05T21:00,13773,13658,115,
2026-05-05T22:00,13527,13391,136,
2026-05-05T23:00,13246,13108,138,
2026-05-06T00:00,12775,12655,120,
2026-05-06T01:00,12471,12389,82,
2026-05-06T02:00,12046,11966,80,
2026-05-06T03:00,11717,11638,79,
2026-05-06T04:00,11404,11333,71,
2026-05-06T05:00,11128,11084,44,
2026-05-06T06:00,11193,11149,44,
2026-05-06T07:00,11465,11415,50,
2026-05-06T08:00,11558,11558,0,
2026-05-06T09:00,11976,11976,0,
2026-05-06T10:00,12339,12339,0,
2026-05-06T11:00,12690,12690,0,
2026-05-06T12:00,12897,12897,0,Day Peak
2026-05-06T13:00,12866,12866,0,
2026-05-06T14:00,12614,12614,0,
2026-05-06T15:00,12439,12407,32,
2026-05-06T16:00,11829,11829,0,
2026-05-06T17:00,11322,11322,0,
2026-05-06T18:00,10315,10315,0,
2026-05-06T19:00,10870,10870,0,
2026-05-06T19:30,11107,11107,0,
2026-05-06T20:00,11125,11125,0,
2026-05-06T21:00,11572,11572,0,Evening Peak
2026-05-06T22:00,11646,11646,0,
2026-05-06T23:00,11886,11886,0,
2026-05-07T00:00,11671,11671,0,
2026-05-07T01:00,11242,11242,0,
2026-05-07T02:00,11026,11026,0,
2026-05-07T03:00,10523,10523,0,
2026-05-07T04:00,10374,10374,0,
2026-05-07T05:00,10283,10283,0,
2026-05-07T06:00,10438,10438,0,
2026-05-07T07:00,10731,10731,0,
2026-05-07T08:00,10971,10971,0,
2026-05-07T09:00,11135,11135,0,
2026-05-07T10:00,11520,11520,0,
2026-05-07T11:00,12055,12055,0,
2026-05-07T12:00,12688,12688,0,Day Peak
2026-05-07T13:00,12962,12962,0,
2026-05-07T14:00,12892,12892,0,
2026-05-07T15:00,12845,12845,0,
2026-05-07T16:00,12799,12799,0,
2026-05-07T17:00,12416,12416,0,
2026-05-07T18:00,12440,12440,0,
2026-05-07T19:00,14130,13955,175,
2026-05-07T19:30,13989,13814,175,Evening Peak
2026-05-07T20:00,14018,13862,156,
2026-05-07T21:00,13324,13212,112,
2026-05-07T22:00,12605,12493,112,
2026-05-07T23:00,11756,11710,46,
2026-05-08T00:00,11991,11921,70,
2026-05-08T01:00,11948,11889,59,
2026-05-08T02:00,11618,11560,58,
2026-05-08T03:00,11206,11161,45,
2026-05-08T04:00,10917,10884,33,
2026-05-08T05:00,10595,10577,18,
2026-05-08T06:00,10372,10372,0,
2026-05-08T07:00,10521,10521,0,
2026-05-08T08:00,10471,10471,0,
2026-05-08T09:00,10559,10559,0,
2026-05-08T10:00,10796,10796,0,
2026-05-08T11:00,11387,11387,0,
2026-05-08T12:00,11768,11768,0,
2026-05-08T13:00,12355,12355,0,
2026-05-08T14:00,11554,11554,0,
2026-05-08T15:00,11894,11894,0,
2026-05-08T16:00,11658,11658,0,
2026-05-08T17:00,11338,11338,0,
2026-05-08T18:00,11199,11199,0,
2026-05-08T19:00,13118,13045,73,
2026-05-08T19:30,13576,13499,77,
2026-05-08T20:00,13570,13497,73,
2026-05-08T21:00,13438,13438,0,Evening Peak
2026-05-08T22:00,13408,13408,0,
2026-05-08T23:00,13376,13376,0,
2026-05-09T00:00,12709,12709,0,
2026-05-09T01:00,12259,12259,0,
2026-05-09T02:00,11520,11520,0,
2026-05-09T03:00,11245,11245,0,
2026-05-09T04:00,11125,11125,0,
2026-05-09T05:00,10924,10924,0,
2026-05-09T06:00,10871,10871,0,
2026-05-09T07:00,10970,10970,0,
2026-05-09T08:00,10834,10834,0,
2026-05-09T09:00,10623,10623,0,
2026-05-09T10:00,10992,10992,0,
2026-05-09T11:00,11706,11706,0,
2026-05-09T12:00,12196,12196,0,Day Peak
2026-05-09T13:00,12740,12740,0,
2026-05-09T14:00,12732,12732,0,
2026-05-09T15:00,12924,12924,0,
2026-05-09T16:00,12858,12858,0,
2026-05-09T17:00,12814,12814,0,
2026-05-09T18:00,12997,12944,53,
2026-05-09T19:00,14701,14580,121,
2026-05-09T19:30,14750,14629,121,Evening Peak
2026-05-09T20:00,14796,14673,123,
2026-05-09T21:00,14902,14782,120,
2026-05-09T22:00,14724,14617,107,
2026-05-09T23:00,14591,14480,111,
2026-05-10T00:00,13909,13813,96,
2026-05-10T01:00,13740,13606,134,
2026-05-10T02:00,13430,13317,113,
2026-05-10T03:00,12861,12778,83,
2026-05-10T04:00,12445,12372,73,
2026-05-10T05:00,12041,11990,51,
2026-05-10T06:00,12007,11944,63,
2026-05-10T07:00,12111,12038,73,
2026-05-10T08:00,12243,12149,94,
2026-05-10T09:00,12583,12499,84,
2026-05-10T10:00,12927,12879,48,
2026-05-10T11:00,13109,13064,45,
2026-05-10T12:00,13777,13732,45,Day Peak
2026-05-10T13:00,13922,13877,45,
2026-05-10T14:00,12775,12680,95,
2026-05-10T15:00,12199,12199,0,
2026-05-10T16:00,11803,11803,0,
2026-05-10T17:00,11554,11554,0,
2026-05-10T18:00,11574,11574,0,
2026-05-10T19:00,13275,13206,69,
2026-05-10T19:30,13591,13546,45,Evening Peak
2026-05-10T20:00,13565,13522,43,
2026-05-10T21:00,13230,13209,21,
2026-05-10T22:00,13036,13036,0,
2026-05-10T23:00,13020,13020,0,
2026-05-11T00:00,12686,12686,0,
2026-05-11T01:00,12163,12163,0,
2026-05-11T02:00,11881,11881,0,
2026-05-11T03:00,11617,11617,0,
2026-05-11T04:00,11206,11206,0,
2026-05-11T05:00,10996,10996,0,
2026-05-11T06:00,11167,11167,0,
2026-05-11T07:00,11537,11537,0,
2026-05-11T08:00,11504,11504,0,
2026-05-11T09:00,11986,11986,0,
2026-05-11T10:00,12412,12412,0,
2026-05-11T11:00,13047,13020,27,
2026-05-11T12:00,13388,13358,30,Day Peak
2026-05-11T13:00,13327,13281,55,
2026-05-11T14:00,12389,12345,44,
2026-05-11T15:00,12303,12269,34,
2026-05-11T16:00,12259,12192,67,
2026-05-11T17:00,12238,12190,48,
2026-05-11T18:00,12216,12150,66,
2026-05-11T19:00,13764,13650,114,
2026-05-11T19:30,14039,13906,133,Evening Peak
2026-05-11T20:00,14200,14080,120,
2026-05-11T22:00,13703,13613,90,
2026-05-11T23:00,13487,13397,90,
2026-05-12T00:00,13126,13048,78,
2026-05-12T01:00,12756,12706,50,
2026-05-12T02:00,12302,12249,53,
2026-05-12T03:00,11936,11889,47,
2026-05-12T04:00,11564,11523,41,
2026-05-12T05:00,11309,11267,42,
2026-05-12T06:00,11191,11131,60,
2026-05-12T07:00,11644,11591,53,
2026-05-12T08:00,11776,11776,0,
2026-05-12T09:00,12225,12225,0,
2026-05-12T10:00,12513,12513,0,
2026-05-12T11:00,13001,13001,0,
2026-05-12T12:00,13363,13363,0,Day Peak
2026-05-12T13:00,13690,13690,0,
2026-05-12T14:00,13807,13807,0,
2026-05-12T15:00,13816,13754,62,
2026-05-12T16:00,13614,13542,72,
2026-05-12T17:00,13572,13530,42,
2026-05-12T18:00,13397,13330,67,
2026-05-12T19:00,15310,15158,152,
2026-05-12T19:30,15311,15088,223,Evening Peak
2026-05-12T20:00,15287,15092,195,
2026-05-12T21:00,14038,13923,115,
2026-05-12T22:00,14825,14653,172,
2026-05-12T23:00,14840,14638,202,
2026-05-13T00:00,14382,14219,163,
2026-05-13T01:00,13976,13854,122,
2026-05-13T02:00,13409,13320,89,
2026-05-13T03:00,13034,12960,74,
2026-05-13T04:00,12725,12683,42,
2026-05-13T05:00,12304,12282,22,
2026-05-13T06:00,12053,12038,15,
2026-05-13T07:00,12038,12005,33,
2026-05-13T08:00,11968,11968,0,
2026-05-13T09:00,12371,12371,0,
2026-05-13T10:00,12578,12578,0,
2026-05-13T11:00,12850,12850,0,
2026-05-13T12:00,13181,13097,84,Day Peak
2026-05-13T13:00,13315,13230,85,
2026-05-13T14:00,12818,12789,29,
2026-05-13T15:00,12782,12663,119,
2026-05-13T16:00,12246,12111,135,
2026-05-13T17:00,11556,11473,83,
2026-05-13T18:00,11528,11446,82,
2026-05-13T19:00,13077,12944,133,
2026-05-13T19:30,13316,13172,144,Evening Peak
2026-05-13T20:00,13098,12956,142,
2026-05-13T21:00,12965,12854,111,
2026-05-13T22:00,12715,12620,95,
2026-05-13T23:00,12780,12721,59,
2026-05-14T00:00,12646,12629,17,
2026-05-14T01:00,12252,12197,55,
2026-05-14T02:00,11958,11911,47,
2026-05-14T03:00,11466,11429,37,
2026-05-14T04:00,11137,11112,25,
2026-05-14T05:00,10709,10709,0,
2026-05-14T06:00,10726,10726,0,
2026-05-14T07:00,11252,11252,0,
2026-05-14T08:00,11542,11542,0,
2026-05-14T09:00,12012,12012,0,
2026-05-14T10:00,12321,12254,67,
2026-05-14T11:00,12979,12882,97,
2026-05-14T12:00,13449,13336,113,Day Peak
2026-05-14T13:00,13546,13454,92,
2026-05-14T14:00,13321,13241,80,
2026-05-14T15:00,13254,13133,121,
2026-05-14T16:00,13494,13342,152,
2026-05-14T17:00,13323,13230,93,
2026-05-14T18:00,13117,13027,90,
2026-05-14T19:00,15039,14859,180,
2026-05-14T19:30,15161,14974,187,Evening Peak
2026-05-14T20:00,15207,15040,167,
2026-05-14T21:00,14865,14707,158,
2026-05-14T22:00,14714,14561,153,
2026-05-14T23:00,14377,14260,117,
2026-05-15T00:00,14269,14152,117,
2026-05-15T01:00,13962,13858,104,
2026-05-15T02:00,13569,13462,107,
2026-05-15T03:00,13111,13015,96,
2026-05-15T04:00,12784,12715,69,
2026-05-15T05:00,12266,12224,42,
2026-05-15T06:00,11904,11863,41,
2026-05-15T07:00,11814,11746,68,
2026-05-15T08:00,11605,11524,81,
2026-05-15T09:00,11654,11569,85,
2026-05-15T10:00,11697,11628,69,
2026-05-15T11:00,12059,12005,54,
2026-05-15T12:00,12529,12471,58,Day Peak
2026-05-15T13:00,13375,13349,26,
2026-05-15T14:00,12736,12736,0,
2026-05-15T15:00,12693,12693,0,
2026-05-15T16:00,12138,12138,0,
2026-05-15T17:00,11438,11438,0,
2026-05-15T18:00,11372,11372,0,
2026-05-15T19:00,13237,13220,17,
2026-05-15T19:30,13846,13800,46,
2026-05-15T20:00,13771,13720,51,
2026-05-15T21:00,14066,14013,53,Evening Peak
2026-05-15T22:00,14010,13957,53,
2026-05-15T23:00,13772,13730,42,
2026-05-16T00:00,13665,13630,35,
2026-05-16T01:00,13118,13094,24,
2026-05-16T02:00,12835,12835,0,
2026-05-16T03:00,12473,12473,0,
2026-05-16T04:00,12213,12213,0,
2026-05-16T05:00,11963,11963,0,
2026-05-16T06:00,11766,11766,0,
2026-05-16T07:00,11983,11983,0,
2026-05-16T08:00,11963,11963,0,
2026-05-16T09:00,11808,11808,0,
2026-05-16T10:00,12050,12050,0,
2026-05-16T11:00,12488,12452,36,
2026-05-16T12:00,12935,12897,38,Day Peak
2026-05-16T13:00,13679,13582,97,
2026-05-16T14:00,13756,13654,102,
2026-05-16T15:00,13846,13729,117,
2026-05-16T16:00,14003,13871,132,
2026-05-16T17:00,14152,14038,114,
2026-05-16T18:00,14075,13947,128,
2026-05-16T19:00,15320,15079,241,
2026-05-16T19:30,15891,15473,418,
2026-05-16T20:00,15806,15290,516,
2026-05-16T21:00,15939,15740,199,Evening Peak
2026-05-16T22:00,15671,15201,470,
2026-05-16T23:00,14774,14630,144,
2026-05-17T00:00,14735,14618,117,
2026-05-17T01:00,13579,13513,66,
2026-05-17T02:00,12824,12757,67,
2026-05-17T03:00,12191,12134,57,
2026-05-17T04:00,11364,11318,46,
2026-05-17T05:00,10233,10193,40,
2026-05-17T06:00,10003,10003,0,
2026-05-17T07:00,10504,10504,0,
2026-05-17T08:00,10667,10667,0,
2026-05-17T09:00,11171,11131,40,
2026-05-17T10:00,11957,11905,52,
2026-05-17T11:00,12576,12485,91,
2026-05-17T12:00,13403,13313,90,Day Peak
2026-05-17T13:00,14108,13996,112,
2026-05-17T14:00,14043,13963,80,
2026-05-17T15:00,14186,14105,81,
2026-05-17T16:00,14292,14137,155,
2026-05-17T17:00,14131,13972,159,
2026-05-17T18:00,14138,13958,180,
2026-05-17T19:00,15651,15025,626,
2026-05-17T19:30,15769,15392,377,
2026-05-17T20:00,15974,15688,286,
2026-05-17T21:00,15695,15428,267,Evening Peak
2026-05-17T22:00,15543,15353,190,
2026-05-17T23:00,15241,15093,148,
2026-05-18T00:00,14814,14706,108,
2026-05-18T01:00,14084,13994,90,
2026-05-18T02:00,13311,13243,68,
2026-05-18T03:00,12608,12550,58,
2026-05-18T04:00,12052,11995,57,
2026-05-18T05:00,11426,11406,20,
2026-05-18T06:00,11133,11075,58,
2026-05-18T07:00,11329,11305,24,
2026-05-18T08:00,11601,11573,28,
2026-05-18T09:00,11818,11770,48,
2026-05-18T10:00,12251,12173,78,
2026-05-18T11:00,12543,12450,93,
2026-05-18T12:00,13160,13070,90,Day Peak
2026-05-18T13:00,13393,13310,83,
2026-05-18T14:00,13649,13590,59,
2026-05-18T15:00,13654,13558,96,
2026-05-18T16:00,13859,13721,138,
2026-05-18T17:00,13533,13411,122,
2026-05-18T18:00,13212,13076,136,
2026-05-18T19:00,14346,14055,291,Evening Peak
2026-05-18T19:30,14270,13980,290,
2026-05-18T20:00,13903,13601,302,
2026-05-18T21:00,13981,13734,247,
2026-05-18T22:00,13809,13600,209,
2026-05-18T23:00,14034,13900,134,
2026-05-19T00:00,13805,13686,119,
2026-05-19T01:00,13479,13337,142,
2026-05-19T02:00,12969,12850,119,
2026-05-19T03:00,12507,12397,110,
2026-05-19T04:00,12231,12130,101,
2026-05-19T05:00,12096,12000,96,
2026-05-19T06:00,11929,11835,94,
2026-05-19T07:00,12203,12110,93,
2026-05-19T08:00,12467,12358,109,
2026-05-19T09:00,12841,12721,120,
2026-05-19T10:00,13270,13152,118,
2026-05-19T11:00,13650,13540,110,
2026-05-19T12:00,13876,13826,50,Day Peak
2026-05-19T13:00,14322,14250,72,
2026-05-19T14:00,14546,14432,114,
2026-05-19T15:00,14613,14497,116,
2026-05-19T16:00,14888,14752,136,
2026-05-19T17:00,14519,14313,206,
2026-05-19T18:00,14418,14250,168,
2026-05-19T19:00,16037,15780,257,
2026-05-19T19:30,16432,16153,279,
2026-05-19T20:00,16145,15840,305,Evening Peak
2026-05-19T21:00,16387,16073,314,
2026-05-19T22:00,15951,15346,605,
2026-05-19T23:00,16212,15760,452,
2026-05-20T00:00,16001,15679,322,
2026-05-20T01:00,15640,15352,288,
2026-05-20T02:00,15153,14914,239,
2026-05-20T03:00,14740,14517,223,
2026-05-20T04:00,14211,13994,217,
2026-05-20T05:00,13841,13668,173,
2026-05-20T06:00,13602,13463,139,
2026-05-20T07:00,13472,13351,121,
2026-05-20T08:00,13552,13460,92,
2026-05-20T09:00,13894,13700,194,
2026-05-20T10:00,14256,14143,113,
2026-05-20T11:00,14725,14550,175,
2026-05-20T12:00,15087,14786,301,Day Peak
2026-05-20T13:00,15293,14786,507,
2026-05-20T14:00,15294,14856,438,
2026-05-20T15:00,15507,14982,525,
2026-05-20T16:00,15117,14509,608,
2026-05-20T17:00,15245,14569,676,
2026-05-20T18:00,14977,14330,647,
2026-05-20T19:00,16185,15560,625,
2026-05-20T19:30,16770,16235,535,
2026-05-20T20:00,16776,16183,593,
2026-05-20T21:00,16810,16418,392,Evening Peak
2026-05-20T22:00,16807,16362,445,
2026-05-20T23:00,16822,15999,823,
2026-05-21T00:00,16615,15212,1403,
2026-05-21T01:00,16342,15046,1296,
2026-05-21T02:00,16105,14909,1196,
2026-05-21T03:00,15693,14719,974,
2026-05-21T04:00,15199,14650,549,
2026-05-21T05:00,14440,14074,366,
2026-05-21T06:00,14129,13862,267,
2026-05-21T07:00,13672,13454,218,
2026-05-21T08:00,13417,13240,177,
2026-05-21T09:00,13395,13224,171,
2026-05-21T10:00,13220,13137,83,
2026-05-21T11:00,13565,13187,378,
2026-05-21T12:00,13706,13274,432,Day Peak
2026-05-21T13:00,14125,13650,475,
2026-05-21T14:00,14255,13725,530,
2026-05-21T15:00,14655,13823,832,
2026-05-21T16:00,15175,14167,1008,
2026-05-21T17:00,14907,13894,1013,
2026-05-21T18:00,14655,14050,605,
2026-05-21T19:00,16054,15400,654,
2026-05-21T19:30,16587,15927,660,
2026-05-21T20:00,16495,15689,806,
2026-05-21T21:00,16418,15744,674,Evening Peak
2026-05-21T22:00,16198,15936,262,
2026-05-21T23:00,16200,15881,319,
2026-05-22T00:00,15506,14453,1053,
2026-05-22T01:00,15894,14506,1388,
2026-05-22T02:00,15727,14442,1285,
2026-05-22T03:00,15391,14141,1250,
2026-05-22T04:00,14789,14061,728,
2026-05-22T05:00,14083,13695,388,
2026-05-22T06:00,13627,13308,319,
2026-05-22T07:00,13296,12926,370,
2026-05-22T08:00,12701,12595,106,
2026-05-22T09:00,12620,12561,59,Day Peak
2026-05-22T10:00,12470,12430,40,
2026-05-22T11:00,12653,12653,0,
2026-05-22T12:00,12304,12271,33,
2026-05-22T13:00,13224,13202,22,
2026-05-22T14:00,12921,12896,25,
2026-05-22T15:00,13251,13154,97,
2026-05-22T16:00,12952,12952,0,
2026-05-22T17:00,12824,12814,10,
2026-05-22T18:00,12887,12867,20,
2026-05-22T19:00,14626,14451,175,
2026-05-22T19:30,15325,15122,203,
2026-05-22T20:00,15200,15029,161,
2026-05-22T21:00,15321,15022,299,Evening Peak
2026-05-22T22:00,15351,15194,157,
2026-05-22T23:00,15509,15232,277,
2026-05-23T00:00,14973,14508,465,
2026-05-23T01:00,14613,14193,420,
2026-05-23T02:00,14091,13858,233,
2026-05-23T03:00,13796,13563,233,
2026-05-23T04:00,13407,13174,233,
2026-05-23T05:00,13305,13095,210,
2026-05-23T06:00,12713,12498,215,
2026-05-23T07:00,12774,12576,198,
2026-05-23T08:00,12891,12736,155,
2026-05-23T09:00,13065,12945,120,
2026-05-23T10:00,13429,13296,133,
2026-05-23T11:00,13932,13703,229,
2026-05-23T12:00,14382,13933,449,Day Peak
2026-05-23T13:00,14785,14469,316,
2026-05-23T14:00,14986,14667,319,
2026-05-23T15:00,15292,14409,883,
2026-05-23T16:00,14719,14242,477,
2026-05-23T17:00,14636,14361,275,
2026-05-23T18:00,14567,14421,146,
2026-05-23T19:00,16207,15891,316,
2026-05-23T19:30,16158,15669,489,Evening Peak
2026-05-23T20:00,16103,15829,274,
2026-05-23T21:00,16076,15708,343,
2026-05-23T22:00,15472,15252,220,
2026-05-23T23:00,15246,15056,190,
2026-05-24T00:00,15012,14675,337,
2026-05-24T01:00,14621,14410,211,
2026-05-24T02:00,13855,13717,138,
2026-05-24T03:00,13318,13212,106,
2026-05-24T04:00,12709,12624,85,
2026-05-24T05:00,12325,12248,77,
2026-05-24T06:00,12329,12275,54,
2026-05-24T07:00,12525,12491,34,
2026-05-24T08:00,12648,12617,31,
2026-05-24T09:00,12873,12842,31,
2026-05-24T10:00,13423,13273,150,
2026-05-24T11:00,13846,13690,156,
2026-05-24T12:00,14112,13786,326,Day Peak
2026-05-24T13:00,14665,14404,261,
2026-05-24T14:00,14748,14463,285,
2026-05-24T15:00,15064,14430,634,
2026-05-24T16:00,13939,13864,75,
2026-05-24T17:00,12104,12104,0,
2026-05-24T18:00,12269,12269,0,
2026-05-24T19:00,13974,13964,10,
2026-05-24T19:30,14042,14020,22,
2026-05-24T20:00,14001,13983,18,
2026-05-24T21:00,14127,13936,191,Evening Peak
2026-05-24T22:00,13910,13795,115,
2026-05-24T23:00,13990,13883,107,
2026-05-25T00:00,13850,13590,285,
2026-05-25T01:00,13309,13173,136,
2026-05-25T02:00,13081,12986,95,
2026-05-25T03:00,12649,12564,85,
2026-05-25T04:00,12094,12014,80,
2026-05-25T05:00,11784,11704,80,
2026-05-25T06:00,11381,11279,102,
2026-05-25T07:00,11363,11236,127,
2026-05-25T08:00,11000,10927,73,
2026-05-25T09:00,11144,11088,70,
2026-05-25T10:00,11067,11000,67,Day Peak
2026-05-25T11:00,10696,10639,57,
2026-05-25T12:00,10602,10602,0,
2026-05-25T13:00,10733,10733,0,
2026-05-25T14:00,11019,11019,0,
2026-05-25T15:00,11257,11257,0,
2026-05-25T16:00,11379,11379,0,
2026-05-25T17:00,11192,11192,0,
2026-05-25T18:00,11064,11064,0,
2026-05-25T19:00,12235,12235,0,
2026-05-25T19:30,13005,12988,17,
2026-05-25T20:00,12962,12925,37,
2026-05-25T21:00,13196,13169,27,Evening Peak
2026-05-25T22:00,13183,13163,20,
2026-05-25T23:00,13274,13240,34,
2026-05-26T00:00,12804,12760,44,
2026-05-26T01:00,11928,11899,29,
2026-05-26T02:00,10715,10715,0,
2026-05-26T03:00,9947,9947,0,
2026-05-26T04:00,8809,8809,0,
2026-05-26T05:00,7775,7775,0,
2026-05-26T06:00,7584,7584,0,
2026-05-26T07:00,7957,7957,0,
2026-05-26T08:00,8492,8492,0,
2026-05-26T09:00,8854,8854,0,Day Peak
2026-05-26T10:00,8646,8646,0,
2026-05-26T11:00,8771,8771,0,
2026-05-26T12:00,8187,8187,0,
2026-05-26T13:00,7604,7604,0,
2026-05-26T14:00,8239,8239,0,
2026-05-26T15:00,8382,8382,0,
2026-05-26T16:00,8526,8526,0,
2026-05-26T17:00,8601,8601,0,
2026-05-26T18:00,9053,9053,0,
2026-05-26T19:00,10563,10563,0,
2026-05-26T19:30,10789,10789,0,
2026-05-26T20:00,10805,10805,0,
2026-05-26T21:00,10775,10770,5,Evening Peak
2026-05-26T22:00,10821,10821,0,
2026-05-26T23:00,10746,10746,0,
2026-05-27T00:00,10460,10460,0,
2026-05-27T01:00,9962,9962,0,
2026-05-27T02:00,9601,9601,0,
2026-05-27T03:00,9284,9284,0,
2026-05-27T04:00,8874,8874,0,
2026-05-27T05:00,8057,8057,0,
2026-05-27T06:00,7289,7289,0,
2026-05-27T07:00,6766,6766,0,
2026-05-27T08:00,6205,6205,0,
2026-05-27T09:00,5521,5521,0,
2026-05-27T10:00,5777,5777,0,
2026-05-27T11:00,6077,6077,0,
2026-05-27T12:00,6372,6372,0,Day Peak
2026-05-27T13:00,7207,7207,0,
2026-05-27T14:00,7530,7530,0,
2026-05-27T15:00,7619,7619,0,
2026-05-27T16:00,7718,7718,0,
2026-05-27T17:00,7714,7714,0,
2026-05-27T18:00,8110,8110,0,
2026-05-27T19:00,9400,9400,0,
2026-05-27T19:30,9696,9696,0,
2026-05-27T20:00,9667,9667,0,Evening Peak
2026-05-27T21:00,9463,9463,0,
2026-05-27T22:00,9537,9537,0,
2026-05-27T23:00,9341,9341,0,
2026-05-28T00:00,9300,9300,0,
2026-05-28T01:00,8978,8978,0,
2026-05-28T02:00,8789,8789,0,
2026-05-28T03:00,8472,8472,0,
2026-05-28T04:00,8287,8287,0,
2026-05-28T05:00,8209,8209,0,
2026-05-28T06:00,8611,8611,0,
2026-05-28T07:00,8718,8718,0,
2026-05-28T08:00,7955,7955,0,
2026-05-28T09:00,7486,7486,0,
2026-05-28T10:00,7253,7253,0,
2026-05-28T11:00,7417,7417,0,
2026-05-28T12:00,7580,7580,0,Day Peak
2026-05-28T13:00,8390,8390,0,
2026-05-28T14:00,8800,8800,0,
2026-05-28T15:00,9424,9424,0,
2026-05-28T16:00,9587,9587,0,
2026-05-28T17:00,9846,9846,0,
2026-05-28T18:00,9921,9921,0,
2026-05-28T19:00,11246,11246,0,
2026-05-28T19:30,11953,11953,0,
2026-05-28T20:00,11775,11775,0,
2026-05-28T21:00,11988,11974,14,Evening Peak
2026-05-28T22:00,12078,12070,8,
2026-05-28T23:00,12035,12027,8,
2026-05-29T00:00,11928,11920,8,
2026-05-29T01:00,11491,11491,0,
2026-05-29T02:00,10994,10994,0,
2026-05-29T03:00,10547,10547,0,
2026-05-29T04:00,10193,10193,0,
2026-05-29T05:00,9902,9902,0,
2026-05-29T06:00,9572,9572,0,
2026-05-29T07:00,9685,9685,0,
2026-05-29T08:00,9840,9840,0,
2026-05-29T09:00,10006,10006,0,
2026-05-29T10:00,9935,9935,0,
2026-05-29T11:00,10203,10203,0,
2026-05-29T12:00,10817,10817,0,Day Peak
2026-05-29T13:00,11634,11634,0,
2026-05-29T14:00,11435,11430,5,
2026-05-29T15:00,10825,10825,0,
2026-05-29T16:00,9190,9190,0,
2026-05-29T17:00,7862,7862,0,
2026-05-29T18:00,7308,7308,0,
2026-05-29T19:00,8672,8672,0,
2026-05-29T19:30,9278,9278,0,
2026-05-29T20:00,9820,9820,0,
2026-05-29T21:00,10443,10438,5,Evening Peak
2026-05-29T22:00,10713,10713,0,
2026-05-29T23:00,10646,10646,0,
2026-05-30T00:00,10757,10869,3,
2026-05-30T01:00,10600,10600,0,
2026-05-30T02:00,10378,10378,0,
2026-05-30T03:00,10106,10106,0,
2026-05-30T04:00,9771,9771,0,
2026-05-30T05:00,9464,9464,0,
2026-05-30T06:00,9286,9286,0,
2026-05-30T07:00,9302,9302,0,
2026-05-30T08:00,9293,9293,0,
2026-05-30T09:00,9247,9247,0,
2026-05-30T10:00,9422,9382,40,
2026-05-30T11:00,9648,9608,40,
2026-05-30T12:00,10213,10163,50,Day Peak
2026-05-30T13:00,10933,10933,0,
2026-05-30T14:00,11102,11102,0,
2026-05-30T15:00,11118,11118,0,
2026-05-30T16:00,10446,10446,0,
2026-05-30T17:00,10626,10626,0,
2026-05-30T18:00,10404,10404,0,
2026-05-30T19:00,11620,11620,0,
2026-05-30T19:30,12801,12801,0,
2026-05-30T20:00,12894,12894,0,
2026-05-30T21:00,13132,13120,12,Evening Peak
2026-05-30T22:00,13090,13060,30,
2026-05-30T23:00,13206,13166,40,
2026-05-31T00:00,13134,13067,67,
2026-05-31T01:00,12791,12756,35,
2026-05-31T02:00,12475,12440,35,
2026-05-31T03:00,12043,12018,25,
2026-05-31T04:00,11813,11798,15,
2026-05-31T05:00,11565,11560,5,
2026-05-31T06:00,10944,10944,0,
2026-05-31T07:00,10922,10922,0,
2026-05-31T08:00,10862,10862,0,
2026-05-31T09:00,10825,10825,0,
2026-05-31T10:00,10636,10636,0,
2026-05-31T11:00,10802,10802,0,
2026-05-31T12:00,11258,11258,0,Day Peak
2026-05-31T13:00,11940,11940,0,
2026-05-31T14:00,11951,11951,0,
2026-05-31T15:00,11971,11971,0,
2026-05-31T16:00,11802,11802,0,
2026-05-31T17:00,11412,11412,0,
2026-05-31T18:00,11155,11155,0,
2026-05-31T19:00,12769,12769,0,
2026-05-31T19:30,13206,13015,191,
2026-05-31T20:00,13613,13521,92,
2026-05-31T21:00,13734,13687,47,Evening Peak
2026-05-31T22:00,13913,13750,163,
2026-05-31T23:00,14194,14037,157,
2026-06-01T00:00,13997,13878,119,
2026-06-01T01:00,13708,13648,60,
2026-06-01T02:00,13268,13203,65,
2026-06-01T03:00,12871,12826,45,
2026-06-01T04:00,12555,12515,40,
2026-06-01T05:00,12221,12181,40,
2026-06-01T06:00,11913,11868,45,
2026-06-01T07:00,11890,11850,40,
2026-06-01T08:00,11920,11890,30,
2026-06-01T09:00,12172,12157,15,
2026-06-01T10:00,12233,12218,15,
2026-06-01T11:00,12526,12511,15,
2026-06-01T12:00,12759,12744,15,Day Peak
2026-06-01T13:00,13114,13099,15,
2026-06-01T14:00,13082,13067,15,
2026-06-01T15:00,13176,13159,17,
2026-06-01T16:00,13182,13162,20,
2026-06-01T17:00,12728,12728,0,
2026-06-01T18:00,12163,12163,0,
2026-06-01T19:00,13855,13800,55,
2026-06-01T19:30,14513,14443,70,
2026-06-01T20:00,14547,14457,90,
2026-06-01T21:00,14744,14598,146,Evening Peak
2026-06-01T22:00,14747,14662,85,
2026-06-01T23:00,14773,14631,142,
2026-06-02T00:00,14533,14296,237,
2026-06-02T01:00,14481,14339,142,
2026-06-02T02:00,14235,14100,135,
2026-06-02T03:00,13754,13627,127,
2026-06-02T04:00,13408,13286,122,
2026-06-02T05:00,13054,12939,115,
2026-06-02T06:00,12666,12586,80,
2026-06-02T07:00,12535,12432,103,
2026-06-02T08:00,12644,12539,105,
2026-06-02T09:00,12762,12747,15,
2026-06-02T10:00,12836,12821,15,
2026-06-02T11:00,13118,13103,15,
2026-06-02T12:00,13440,13416,24,Day Peak
2026-06-02T13:00,13950,13920,30,
2026-06-02T14:00,14207,14162,45,
2026-06-02T15:00,14128,14080,48,
2026-06-02T16:00,14011,13976,35,
2026-06-02T17:00,13693,13653,40,
2026-06-02T18:00,13024,12967,57,
2026-06-02T19:00,14525,14348,177,
2026-06-02T19:30,15282,15100,182,
2026-06-02T20:00,15393,15195,198,
2026-06-02T21:00,15557,15182,375,Evening Peak
2026-06-02T22:00,15399,15120,279,
2026-06-02T23:00,15576,15299,277,
2026-06-03T00:00,15451,15060,391,
2026-06-03T01:00,15124,14872,252,
2026-06-03T02:00,14837,14582,255,
2026-06-03T03:00,14454,14209,245,
2026-06-03T04:00,14124,13904,220,
2026-06-03T05:00,13825,13615,210,
2026-06-03T06:00,13298,13074,224,
2026-06-03T07:00,13160,12924,236,
2026-06-03T08:00,12902,12767,135,
2026-06-03T09:00,13170,13025,145,
2026-06-03T10:00,13483,13398,85,
2026-06-03T11:00,13813,13622,191,
2026-06-03T12:00,14217,13913,304,Day Peak
2026-06-03T13:00,14738,14542,196,
2026-06-03T14:00,14855,14669,186,
2026-06-03T15:00,14917,14543,374,
2026-06-03T16:00,14708,14500,208,
2026-06-03T17:00,13985,13777,208,
2026-06-03T18:00,13188,13000,188,
2026-06-03T19:00,14633,14400,233,
2026-06-03T19:30,15318,15067,251,
2026-06-03T20:00,15102,14895,207,
2026-06-03T21:00,15571,15170,401,Evening Peak
2026-06-03T22:00,15693,15259,434,
2026-06-03T23:00,15830,15468,362,
2026-06-04T00:00,15534,14982,552,
2026-06-04T01:00,15465,15116,349,
2026-06-04T02:00,14933,14603,330,
2026-06-04T03:00,14622,14314,308,
2026-06-04T04:00,14185,13902,283,
2026-06-04T05:00,13819,13541,278,
2026-06-04T06:00,13491,13234,257,
2026-06-04T07:00,13286,13051,235,
2026-06-04T08:00,13293,13093,200,
2026-06-04T09:00,13440,13197,243,
2026-06-04T10:00,13705,13519,186,
2026-06-04T11:00,14049,13913,136,
2026-06-04T12:00,14387,14169,218,Day Peak
2026-06-04T13:00,14593,14516,77,
2026-06-04T14:00,14600,14536,64,
2026-06-04T15:00,14703,14617,86,
2026-06-04T16:00,14366,14110,256,
2026-06-04T17:00,13652,13446,206,
2026-06-04T18:00,12656,12540,116,
2026-06-04T19:00,14008,13766,242,
2026-06-04T19:30,14475,14295,180,
2026-06-04T20:00,14572,14385,187,
2026-06-04T21:00,14642,14283,359,Evening Peak
2026-06-04T22:00,14638,14452,186,
2026-06-04T23:00,14799,14624,175,
2026-06-05T00:00,15007,14647,360,
2026-06-05T01:00,15013,14821,192,
2026-06-05T02:00,14680,14498,182,
2026-06-05T03:00,14175,14013,162,
2026-06-05T04:00,13821,13664,157,
2026-06-05T05:00,13409,13257,152,
2026-06-05T06:00,12931,12704,227,
2026-06-05T07:00,12537,12352,185,
2026-06-05T08:00,12342,12138,204,
2026-06-05T09:00,12159,11958,201,Day Peak
2026-06-05T10:00,12097,11904,193,
2026-06-05T11:00,11916,11826,90,
2026-06-05T12:00,11911,11743,168,
2026-06-05T13:00,12299,12207,92,
2026-06-05T14:00,11732,11667,65,
2026-06-05T15:00,11816,11681,135,
2026-06-05T16:00,11415,11415,0,
2026-06-05T17:00,11433,11433,0,
2026-06-05T18:00,11469,11449,20,
2026-06-05T19:00,12929,12810,119,
2026-06-05T19:30,13746,13541,205,
2026-06-05T20:00,13659,13456,203,
2026-06-05T21:00,14165,13896,269,Evening Peak
2026-06-05T22:00,14243,14063,180,
2026-06-05T23:00,14307,14145,162,
2026-06-06T00:00,14336,14026,310,
2026-06-06T01:00,13918,13748,170,
2026-06-06T02:00,13551,13392,159,
2026-06-06T03:00,13119,12985,134,
2026-06-06T04:00,12836,12717,119,
2026-06-06T05:00,12651,12527,124,
2026-06-06T06:00,12387,12261,126,
2026-06-06T07:00,12476,12356,120,
2026-06-06T08:00,12674,12563,111,
2026-06-06T09:00,13023,12897,126,
2026-06-06T10:00,13284,13098,186,
2026-06-06T11:00,13716,13529,187,
2026-06-06T12:00,13747,13467,280,Day Peak
2026-06-06T13:00,13898,13731,167,
2026-06-06T14:00,13723,13540,183,
2026-06-06T15:00,13962,13627,335,
2026-06-06T16:00,13555,13391,164,
2026-06-06T17:00,12640,12499,141,
2026-06-06T18:00,12149,12026,123,
2026-06-06T19:00,13670,13450,220,
2026-06-06T19:30,14609,14359,250,
2026-06-06T20:00,14772,14568,204,
2026-06-06T21:00,15061,14683,378,Evening Peak
2026-06-06T22:00,15030,14744,286,
2026-06-06T23:00,15086,14807,279,
2026-06-07T00:00,15267,14830,437,
2026-06-07T01:00,14589,14335,254,
2026-06-07T02:00,14033,13793,240,
2026-06-07T03:00,13499,13275,224,
2026-06-07T04:00,13244,13055,189,
2026-06-07T05:00,12842,12644,198,
2026-06-07T06:00,12621,12445,176,
2026-06-07T07:00,12882,12700,182,
2026-06-07T08:00,13033,12868,165,
2026-06-07T09:00,13177,13044,133,
2026-06-07T10:00,13670,13528,142,
2026-06-07T11:00,13823,13600,223,
2026-06-07T12:00,14529,14088,441,Day Peak
2026-06-07T13:00,14888,14550,338,
2026-06-07T14:00,14929,14584,345,
2026-06-07T15:00,15289,14606,683,
2026-06-07T16:00,14487,14124,363,
2026-06-07T17:00,13899,13567,332,
2026-06-07T18:00,12920,12679,241,
2026-06-07T19:00,14342,14080,262,
2026-06-07T19:30,15061,14800,261,
2026-06-07T20:00,15125,14874,251,
2026-06-07T21:00,15324,14915,409,Evening Peak
2026-06-07T22:00,15299,15038,261,
2026-06-07T23:00,15299,14999,300,
2026-06-08T00:00,15261,14756,505,
2026-06-08T01:00,14902,14560,342,
2026-06-08T02:00,14372,14109,263,
2026-06-08T03:00,13982,13739,243,
2026-06-08T04:00,13771,13538,233,
2026-06-08T05:00,13412,13179,233,
2026-06-08T06:00,13160,12947,213,
2026-06-08T07:00,13104,12872,232,
2026-06-08T08:00,13115,12892,223,
2026-06-08T09:00,13430,13201,229,
2026-06-08T10:00,13800,13507,293,
2026-06-08T11:00,14117,13805,312,
2026-06-08T12:00,14778,14301,477,Day Peak
2026-06-08T13:00,14755,14448,307,
2026-06-08T14:00,14752,14535,217,
2026-06-08T15:00,15238,14666,572,
2026-06-08T16:00,15116,14724,392,
2026-06-08T17:00,14829,14448,381,
2026-06-08T18:00,14205,13917,288,
2026-06-08T19:00,15275,14850,425,
2026-06-08T19:30,15614,14965,649,Evening Peak
2026-06-08T20:00,15456,14984,472,
2026-06-08T21:00,15620,15207,413,
2026-06-08T22:00,15370,14999,371,
2026-06-08T23:00,15282,14925,357,
2026-06-09T00:00,15365,14780,585,
2026-06-09T01:00,14883,14569,314,
2026-06-09T02:00,14407,14214,193,
2026-06-09T03:00,13804,13630,174,
2026-06-09T04:00,13517,13358,159,
2026-06-09T05:00,13156,13003,153,
2026-06-09T06:00,12962,12916,46,
2026-06-09T07:00,12686,12660,26,
2026-06-09T08:00,12520,12500,20,
2026-06-09T09:00,12622,12602,20,
2026-06-09T10:00,13065,13050,15,
2026-06-09T11:00,13445,13400,45,
2026-06-09T12:00,13848,13797,51,Day Peak
2026-06-09T13:00,14190,14160,30,
2026-06-09T14:00,14190,14180,10,
2026-06-09T15:00,14159,14079,80,
2026-06-09T16:00,13746,13671,75,
2026-06-09T17:00,13144,13129,15,
2026-06-09T18:00,12703,12676,27,
2026-06-09T19:00,14156,14055,101,
2026-06-09T19:30,14212,14091,121,
2026-06-09T20:00,14251,14072,179,Evening Peak
2026-06-09T21:00,13992,13884,108,
2026-06-09T22:00,13927,13819,108,
2026-06-09T23:00,13869,13759,110,
2026-06-10T00:00,14123,13815,308,
2026-06-10T01:00,13625,13409,216,
2026-06-10T02:00,13367,13156,211,
2026-06-10T03:00,12930,12803,127,
2026-06-10T04:00,12493,12363,130,
2026-06-10T05:00,12281,12155,126,
2026-06-10T06:00,12063,11934,129,
2026-06-10T07:00,12189,12050,139,
2026-06-10T08:00,12147,12084,63,
2026-06-10T09:00,12427,12386,41,
2026-06-10T10:00,12696,12650,46,
2026-06-10T11:00,13046,13000,46,
2026-06-10T12:00,13600,13591,9,Day Peak
2026-06-10T13:00,13516,13502,14,
2026-06-10T14:00,13177,13177,0,
2026-06-10T15:00,13373,13373,0,
2026-06-10T16:00,12978,12960,18,
2026-06-10T17:00,12743,12725,18,
2026-06-10T18:00,12709,12649,60,
2026-06-10T19:00,13832,13727,105,
2026-06-10T19:30,14476,14364,112,
2026-06-10T20:00,14542,14417,125,
2026-06-10T21:00,14793,14611,182,Evening Peak
2026-06-10T22:00,14684,14584,100,
2026-06-10T23:00,14621,14509,112,
2026-06-11T00:00,14577,14359,218,
2026-06-11T01:00,14268,14101,167,
2026-06-11T02:00,13888,13721,167,
2026-06-11T03:00,13444,13287,157,
2026-06-11T04:00,13002,12854,148,
2026-06-11T05:00,12742,12614,128,
2026-06-11T06:00,12411,12275,136,
2026-06-11T07:00,12410,12292,118,
2026-06-11T08:00,12572,12454,118,
2026-06-11T09:00,12963,12850,113,
2026-06-11T10:00,13548,13350,198,
2026-06-11T11:00,13877,13714,163,
2026-06-11T12:00,14188,13977,211,Day Peak
2026-06-11T13:00,14543,14158,385,
2026-06-11T14:00,14514,14122,392,
2026-06-11T15:00,14395,13757,638,
2026-06-11T16:00,13844,13411,433,
2026-06-11T17:00,13444,13345,99,
2026-06-11T18:00,13340,13299,41,
2026-06-11T19:00,14367,14200,167,
2026-06-11T19:30,14888,14483,405,
2026-06-11T20:00,15025,14558,467,Evening Peak
2026-06-11T21:00,14585,14415,170,
2026-06-11T22:00,14400,14230,170,
2026-06-11T23:00,14368,14220,148,
2026-06-12T00:00,14516,13991,525,
2026-06-12T01:00,14224,13839,385,
2026-06-12T02:00,13857,13578,279,
2026-06-12T03:00,13351,13163,188,
2026-06-12T04:00,12900,12717,183,
2026-06-12T05:00,12518,12370,148,
2026-06-12T06:00,12086,11895,191,
2026-06-12T07:00,11997,11851,146,
2026-06-12T08:00,12024,11893,131,
2026-06-12T09:00,12053,11932,121,
2026-06-12T10:00,12176,12035,141,
2026-06-12T11:00,12498,12342,156,
2026-06-12T12:00,12943,12799,144,Day Peak
2026-06-12T13:00,13475,13450,25,
2026-06-12T14:00,12862,12802,60,
2026-06-12T15:00,13006,12905,101,
2026-06-12T16:00,12452,12350,102,
2026-06-12T17:00,12007,11900,107,
2026-06-12T18:00,11828,11716,112,
2026-06-12T19:00,13067,12899,168,
2026-06-12T19:30,14234,14059,175,
2026-06-12T20:00,14530,14138,392,
2026-06-12T21:00,14734,14335,399,Evening Peak
2026-06-12T22:00,14860,14015,845,
2026-06-12T23:00,14743,13805,938,
2026-06-13T00:00,15151,13804,1347,
2026-06-13T01:00,14504,13448,1056,
2026-06-13T02:00,14480,13468,1012,
2026-06-13T03:00,14138,13209,929,
2026-06-13T04:00,13549,13041,508,
2026-06-13T05:00,12801,12649,152,
2026-06-13T06:00,12376,12233,143,
2026-06-13T07:00,12523,12335,188,
2026-06-13T08:00,12456,12278,178,
2026-06-13T09:00,12540,12398,142,
2026-06-13T10:00,12636,12563,73,
2026-06-13T11:00,13087,12953,134,
2026-06-13T12:00,13716,13427,289,Day Peak
2026-06-13T13:00,14249,13848,401,
2026-06-13T14:00,13942,13517,425,
2026-06-13T15:00,13963,13500,463,
2026-06-13T16:00,13767,13395,372,
2026-06-13T17:00,13529,13354,175,
2026-06-13T18:00,13302,13176,126,
2026-06-13T19:00,15073,14020,1053,
2026-06-13T19:30,15490,14241,1249,
2026-06-13T20:00,15618,14443,1175,
2026-06-13T21:00,15610,14094,1516,Evening Peak
2026-06-13T22:00,15491,14270,1221,
2026-06-13T23:00,15849,14177,1672,
2026-06-14T00:00,15517,13546,1971,
2026-06-14T01:00,15628,13558,2070,
2026-06-14T02:00,15370,13463,1907,
2026-06-14T03:00,14914,13465,1449,
2026-06-14T04:00,14660,13393,1267,
2026-06-14T05:00,14383,13192,1191,
2026-06-14T06:00,14093,13097,996,
2026-06-14T07:00,13313,13090,223,
2026-06-14T08:00,13502,13297,205,
2026-06-14T09:00,13764,13172,592,
2026-06-14T10:00,14029,13250,779,
2026-06-14T11:00,14358,13422,936,
2026-06-14T12:00,14521,13457,1064,Day Peak
2026-06-14T13:00,14855,13682,1173,
2026-06-14T14:00,14917,13700,1217,
2026-06-14T15:00,14953,13574,1379,
2026-06-14T16:00,14975,13513,1462,
2026-06-14T17:00,14675,13603,1072,
2026-06-14T18:00,14209,13828,381,
2026-06-14T19:00,15703,14356,1347,
2026-06-14T19:30,16289,14344,1945,
2026-06-14T20:00,16091,14381,1710,
2026-06-14T21:00,16369,14319,2050,Evening Peak
2026-06-14T22:00,16236,14370,1866,
2026-06-14T23:00,16532,14360,2172,
2026-06-15T00:00,16122,13856,2266,
2026-06-15T01:00,15859,13512,2347,
2026-06-15T02:00,15559,13320,2239,
2026-06-15T03:00,15416,13318,2098,
2026-06-15T04:00,15074,13091,1983,
2026-06-15T05:00,14840,13136,1704,
2026-06-15T06:00,13411,13146,265,
2026-06-15T07:00,13149,12947,202,
2026-06-15T08:00,13415,13257,158,
2026-06-15T09:00,13611,13300,311,
2026-06-15T10:00,14017,13646,371,
2026-06-15T11:00,14394,13786,608,Day Peak
2026-06-15T12:00,15040,13790,1250,
2026-06-15T13:00,15050,13485,1565,
2026-06-15T14:00,14777,13455,1322,
2026-06-15T15:00,14591,13218,1373,
2026-06-15T16:00,14229,13230,999,
2026-06-15T17:00,13709,12997,712,
2026-06-15T18:00,13775,13100,675,
2026-06-15T19:00,15402,13850,1552,
2026-06-15T19:30,15758,14092,1666,
2026-06-15T20:00,15827,14258,1569,
2026-06-15T21:00,16128,14425,1703,Evening Peak
2026-06-15T22:00,16019,14400,1619,
2026-06-15T23:00,15871,13983,1888,
2026-06-16T00:00,15844,13546,2298,
2026-06-16T01:00,15555,13391,2164,
2026-06-16T02:00,15618,13484,2134,
2026-06-16T03:00,15165,13100,2065,
2026-06-16T04:00,14991,12990,2001,
2026-06-16T05:00,14803,12900,1903,
2026-06-16T06:00,14526,12820,1706,
2026-06-16T07:00,14434,12808,1626,
2026-06-16T08:00,14282,12719,1563,
2026-06-16T09:00,14630,12908,1722,
2026-06-16T10:00,14984,12921,2063,
2026-06-16T11:00,14993,13131,1862,Day Peak
2026-06-16T12:00,15293,13014,2279,
2026-06-16T13:00,15444,13060,2384,
2026-06-16T14:00,15420,13097,2323,
2026-06-16T15:00,15673,12912,2761,
2026-06-16T16:00,15207,12672,2535,
2026-06-16T17:00,15319,12864,2455,
2026-06-16T18:00,15265,13039,2226,
2026-06-16T19:00,16211,13714,2497,
2026-06-16T19:30,16545,13840,2705,
2026-06-16T20:00,16536,13925,2611,
2026-06-16T21:00,16744,13898,2846,Evening Peak
2026-06-16T22:00,16503,13916,2587,
2026-06-16T23:00,16596,13769,2827,
2026-06-17T00:00,16582,13307,3275,
2026-06-17T01:00,16090,13070,3020,
2026-06-17T02:00,15866,12938,2928,
2026-06-17T03:00,15509,12850,2659,
2026-06-17T04:00,15286,12744,2542,
2026-06-17T05:00,15130,12834,2296,
2026-06-17T06:00,14586,12713,1873,
2026-06-17T07:00,14658,13062,1596,
2026-06-17T08:00,14586,13133,1453,
2026-06-17T09:00,14731,13202,1529,
2026-06-17T10:00,14818,13165,1653,
2026-06-17T11:00,14989,13335,1654,
2026-06-17T12:00,15431,13347,2084,Day Peak
2026-06-17T13:00,15533,13330,2203,
2026-06-17T14:00,15617,13432,2185,
2026-06-17T15:00,15852,13223,2629,
2026-06-17T16:00,15846,13306,2540,
2026-06-17T17:00,15499,13131,2368,
2026-06-17T18:00,14679,13250,1429,
2026-06-17T19:00,16057,14520,1537,
2026-06-17T19:30,16441,14385,2056,
2026-06-17T20:00,16477,14874,1603,
2026-06-17T21:00,16525,14738,1787,Evening Peak
2026-06-17T22:00,16352,14728,1624,
2026-06-17T23:00,16192,14333,1859,
2026-06-18T00:00,16035,13883,2152,
2026-06-18T01:00,15831,13715,2116,
2026-06-18T02:00,15425,13398,2027,
2026-06-18T03:00,15190,13259,1931,
2026-06-18T04:00,13722,13220,502,
2026-06-18T05:00,13427,13203,224,
2026-06-18T06:00,12959,12793,166,
2026-06-18T07:00,12904,12791,113,
2026-06-18T08:00,12996,12996,0,
2026-06-18T09:00,13285,13285,0,
2026-06-18T10:00,13495,13495,0,
2026-06-18T11:00,13742,13718,24,Day Peak
2026-06-18T12:00,13792,13347,445,
2026-06-18T13:00,13163,13150,13,
2026-06-18T14:00,12935,12900,35,
2026-06-18T15:00,12652,12579,73,
2026-06-18T16:00,12601,12546,55,
2026-06-18T17:00,12455,12410,45,
2026-06-18T18:00,12480,12450,30,
2026-06-18T19:00,13810,13750,60,
2026-06-18T19:30,14314,14248,66,Evening Peak
2026-06-18T20:00,14233,14153,80,
2026-06-18T21:00,14160,14188,72,
2026-06-18T22:00,14148,14074,74,
2026-06-18T23:00,14070,13995,75,
2026-06-19T00:00,14017,13867,150,
2026-06-19T01:00,13881,13750,131,
2026-06-19T02:00,13276,13149,127,
2026-06-19T03:00,12875,12762,113,
2026-06-19T04:00,12525,12433,92,
2026-06-19T05:00,12238,12150,88,
2026-06-19T06:00,11679,11600,79,
2026-06-19T07:00,11564,11517,47,
2026-06-19T08:00,11638,11608,30,
2026-06-19T09:00,11488,11458,30,
2026-06-19T10:00,11311,11311,0,
2026-06-19T11:00,11672,11672,0,
2026-06-19T12:00,12316,12316,0,Day Peak
2026-06-19T13:00,13062,13062,0,
2026-06-19T14:00,12558,12558,0,
2026-06-19T15:00,12533,12533,0,
2026-06-19T16:00,12180,12180,0,
2026-06-19T17:00,11774,11774,0,
2026-06-19T18:00,11636,11636,0,
2026-06-19T19:00,12850,12850,0,
2026-06-19T19:30,14211,14166,45,
2026-06-19T20:00,14150,14100,50,
2026-06-19T21:00,14524,14429,95,Evening Peak
2026-06-19T22:00,14487,14407,80,
2026-06-19T23:00,14475,14385,90,
2026-06-20T00:00,14512,14288,224,
2026-06-20T01:00,14357,14181,176,
2026-06-20T02:00,13921,13762,159,
2026-06-20T03:00,13517,13381,136,
2026-06-20T04:00,13094,13001,93,
2026-06-20T05:00,12776,12678,98,
2026-06-20T06:00,12565,12510,55,
2026-06-20T07:00,12881,12791,90,
2026-06-20T08:00,13074,13002,72,
2026-06-20T09:00,12896,12794,102,
2026-06-20T10:00,12698,12573,125,
2026-06-20T11:00,13027,12907,120,
2026-06-20T12:00,13449,13372,77,Day Peak
2026-06-20T13:00,13712,13561,151,
2026-06-20T14:00,13784,13477,307,
2026-06-20T15:00,14325,13294,1031,
2026-06-20T16:00,14519,13479,1040,
2026-06-20T17:00,14659,13671,988,
2026-06-20T18:00,14585,13735,850,
2026-06-20T19:00,16009,14784,1225,
2026-06-20T19:30,16511,14775,1736,
2026-06-20T20:00,16396,14760,1636,
2026-06-20T21:00,16923,15041,1882,Evening Peak
2026-06-20T22:00,16471,14296,2175,
2026-06-20T23:00,16451,14168,2283,
2026-06-21T00:00,16447,13738,2709,
2026-06-21T01:00,16059,13540,2519,
2026-06-21T02:00,15714,13269,2445,
2026-06-21T03:00,15585,13324,2261,
2026-06-21T04:00,15396,13255,2141,
2026-06-21T05:00,15175,13227,1948,
2026-06-21T06:00,13866,13115,751,
2026-06-21T07:00,13725,13335,390,
2026-06-21T08:00,13862,13543,319,
2026-06-21T09:00,14154,13594,560,Day Peak
2026-06-21T10:00,14660,13588,1072,
2026-06-21T11:00,14810,13455,1355,
2026-06-21T12:00,15281,13387,1894,
2026-06-21T13:00,15518,13660,1858,
2026-06-21T14:00,15427,13518,1909,
2026-06-21T15:00,14866,12965,1901,
2026-06-21T16:00,14187,12844,1343,
2026-06-21T17:00,12794,12436,358,
2026-06-21T18:00,12193,12093,100,
2026-06-21T19:00,13475,13465,10,
2026-06-21T19:30,13711,13664,47,
2026-06-21T20:00,13913,13868,45,
2026-06-21T21:00,14136,14092,44,Evening Peak
2026-06-21T22:00,14512,14485,27,
2026-06-21T23:00,14443,14310,133,
2026-06-22T00:00,14419,14245,174,
2026-06-22T01:00,14014,13817,197,
2026-06-22T02:00,13625,13412,213,
2026-06-22T03:00,13226,13034,192,
2026-06-22T04:00,12853,12667,186,
2026-06-22T05:00,12526,12350,176,
2026-06-22T06:00,12371,12200,171,
2026-06-22T07:00,12604,12381,223,
2026-06-22T08:00,12628,12431,197,
2026-06-22T09:00,12956,12755,201,
2026-06-22T10:00,13243,12965,278,
2026-06-22T11:00,13676,13330,346,
2026-06-22T12:00,14117,13697,420,Day Peak
2026-06-22T13:00,14289,13884,405,
2026-06-22T14:00,14302,14066,236,
2026-06-22T15:00,14435,14214,221,
2026-06-22T16:00,14125,13977,148,
2026-06-22T17:00,13928,13790,138,
2026-06-22T18:00,13624,13484,140,
2026-06-22T19:00,14982,14809,213,
2026-06-22T19:30,16087,15005,1082,
2026-06-22T20:00,15741,15327,414,
2026-06-22T21:00,15987,15491,496,Evening Peak
2026-06-22T22:00,15794,15158,636,
2026-06-22T23:00,15805,14569,1236,
2026-06-23T00:00,15633,14991,642,
2026-06-23T01:00,15283,14951,332,
2026-06-23T02:00,14982,14034,948,
2026-06-23T03:00,14833,13919,914,
2026-06-23T04:00,14426,13679,747,
2026-06-23T05:00,14084,13469,615,
2026-06-23T06:00,13440,13135,305,
2026-06-23T07:00,13500,13190,310,
2026-06-23T08:00,13565,13280,285,
2026-06-23T09:00,13649,13389,260,
2026-06-23T10:00,14086,13769,317,
2026-06-23T11:00,14407,13939,468,
2026-06-23T12:00,14970,13998,972,Day Peak
2026-06-23T13:00,15200,13876,1324,
2026-06-23T14:00,15075,13678,1397,
2026-06-23T15:00,15324,13503,1821,
2026-06-23T16:00,14937,13537,1400,
2026-06-23T17:00,14677,13516,1161,
2026-06-23T18:00,14483,13501,982,
2026-06-23T19:00,15965,14644,1321,
2026-06-23T19:30,16202,14668,1534,
2026-06-23T20:00,16167,14651,1516,
2026-06-23T21:00,16570,14573,1997,Evening Peak
2026-06-23T22:00,16240,14759,1481,
2026-06-23T23:00,16096,14465,1631,
2026-06-24T00:00,16018,13489,2529,
2026-06-24T01:00,15953,13492,2461,
2026-06-24T02:00,15538,13242,2296,
2026-06-24T03:00,15397,13215,2182,
2026-06-24T04:00,15062,13152,1910,
2026-06-24T05:00,14210,13095,1115,
2026-06-24T06:00,13467,13024,443,
2026-06-24T07:00,13534,13239,295,
2026-06-24T08:00,13588,13316,272,
2026-06-24T09:00,13787,13448,339,
2026-06-24T10:00,14012,13631,381,
2026-06-24T11:00,14402,13857,545,
2026-06-24T12:00,15003,13896,1107,Day Peak
2026-06-24T13:00,15165,13951,1214,
2026-06-24T14:00,15149,13609,1540,
2026-06-24T15:00,15815,13885,1930,
2026-06-24T16:00,15384,13907,1477,
2026-06-24T17:00,15213,13727,1486,
2026-06-24T18:00,14486,13788,698,
2026-06-24T19:00,15967,14586,1381,
2026-06-24T19:30,16216,14491,1725,
2026-06-24T20:00,16211,14806,1405,
2026-06-24T21:00,16673,14888,1785,Evening Peak
2026-06-24T22:00,16305,15134,1171,
2026-06-24T23:00,16341,14792,1549,
2026-06-25T00:00,16569,14305,2264,
2026-06-25T01:00,15937,14123,1814,
2026-06-25T02:00,15745,13986,1759,
2026-06-25T03:00,15480,14052,1428,
2026-06-25T04:00,14805,13939,866,
2026-06-25T05:00,14329,13770,559,
2026-06-25T06:00,13956,13482,474,
2026-06-25T07:00,13888,13436,452,
2026-06-25T08:00,13935,13471,464,
2026-06-25T09:00,13970,13505,465,
2026-06-25T10:00,14337,13716,621,
2026-06-25T11:00,14722,13697,1025,
2026-06-25T12:00,15337,13837,1500,Day Peak
2026-06-25T13:00,15383,13837,1546,
2026-06-25T14:00,15420,13720,1700,
2026-06-25T15:00,15548,13592,1956,
2026-06-25T16:00,15175,13541,1634,
2026-06-25T17:00,14842,13329,1513,
2026-06-25T18:00,14345,13250,1095,
2026-06-25T19:00,15617,14650,967,
2026-06-25T19:30,16138,15365,773,
2026-06-25T20:00,15768,15475,293,
2026-06-25T21:00,16066,15530,536,Evening Peak
2026-06-25T22:00,16011,14948,1063,
2026-06-25T23:00,15874,14615,1259,
2026-06-26T00:00,16040,14149,1891,
2026-06-26T01:00,15598,13623,1975,
2026-06-26T02:00,15398,13451,1947,
2026-06-26T03:00,15065,13371,1694,
2026-06-26T04:00,14614,13349,1265,
2026-06-26T05:00,14054,13012,1042,
2026-06-26T06:00,13109,12442,667,
2026-06-26T07:00,12606,11915,691,
2026-06-26T08:00,12427,11792,635,
2026-06-26T09:00,12603,11975,628,
2026-06-26T10:00,12660,12064,596,
2026-06-26T11:00,12654,12085,569,
2026-06-26T12:00,13228,12641,587,Day Peak
2026-06-26T13:00,14064,13467,597,
2026-06-26T14:00,13651,13093,558,
2026-06-26T15:00,13848,13226,622,
2026-06-26T16:00,13261,12799,462,
2026-06-26T17:00,13092,12670,422,
2026-06-26T18:00,12842,12423,419,
2026-06-26T19:00,13983,13700,283,
2026-06-26T19:30,15105,14812,293,
2026-06-26T20:00,15264,14857,407,
2026-06-26T21:00,15576,14909,667,Evening Peak
2026-06-26T22:00,15642,14650,992,
2026-06-26T23:00,16106,14300,1806,
2026-06-27T00:00,16330,14055,2275,
2026-06-27T01:00,15934,13650,2284,
2026-06-27T02:00,15777,13500,2277,
2026-06-27T03:00,15506,13350,2156,
2026-06-27T04:00,15300,13250,2050,
2026-06-27T05:00,15189,13200,1989,
2026-06-27T06:00,14572,12921,1651,
2026-06-27T07:00,13898,13037,861,
2026-06-27T08:00,13587,12932,655,
2026-06-27T09:00,13307,12664,643,
2026-06-27T10:00,13198,12650,548,
2026-06-27T11:00,13567,12778,789,
2026-06-27T12:00,14129,13071,1058,Day Peak
2026-06-27T13:00,14327,13055,1308,
2026-06-27T14:00,14786,13100,1739,
2026-06-27T15:00,15362,13293,2069,
2026-06-27T16:00,15295,13241,2054,
2026-06-27T17:00,15532,13448,2084,
2026-06-27T18:00,15245,13437,1808,
2026-06-27T19:00,16463,14336,2127,
2026-06-27T19:30,17022,14392,2630,
2026-06-27T20:00,17009,14321,2688,
2026-06-27T21:00,17419,14545,2874,Evening Peak
2026-06-27T22:00,17111,14725,2386,
2026-06-27T23:00,16821,14358,2463,
2026-06-28T00:00,17278,13998,3280,
2026-06-28T01:00,16714,13366,3348,
2026-06-28T02:00,16504,13073,3431,
2026-06-28T03:00,16262,12920,3342,
2026-06-28T04:00,16179,12915,3264,
2026-06-28T05:00,15995,12917,3078,
2026-06-28T06:00,15886,12967,2919,
2026-06-28T07:00,15863,13142,2721,
2026-06-28T08:00,15805,13116,2689,
2026-06-28T09:00,16084,13449,2635,
2026-06-28T10:00,16173,13574,2599,
2026-06-28T11:00,15551,13644,1907,
2026-06-28T12:00,16112,13492,2620,Day Peak
2026-06-28T13:00,16246,13895,2351,
2026-06-28T14:00,16212,13851,2361,
2026-06-28T15:00,16495,13607,2888,
2026-06-28T16:00,16346,13816,2530,
2026-06-28T17:00,16214,13836,2378,
2026-06-28T18:00,15689,13700,1989,
2026-06-28T19:00,17020,15043,1977,
2026-06-28T19:30,17123,15090,2033,
2026-06-28T20:00,17146,15163,1983,
2026-06-28T21:00,17382,15166,2216,Evening Peak
2026-06-28T22:00,17003,15204,1799,
2026-06-28T23:00,16937,14923,2014,
2026-06-29T00:00,17041,14242,2799,
2026-06-29T01:00,16556,13800,2756,
2026-06-29T02:00,16282,13454,2828,
2026-06-29T03:00,15733,13149,2584,
2026-06-29T04:00,14941,13678,1263,
2026-06-29T05:00,14570,13335,1235,
2026-06-29T06:00,14242,13182,1060,
2026-06-29T07:00,13734,13104,630,
2026-06-29T08:00,13868,13115,753,
2026-06-29T09:00,14198,13472,726,
2026-06-29T10:00,14264,13648,616,
2026-06-29T11:00,14288,13800,488,
2026-06-29T12:00,14474,14135,339,Day Peak
2026-06-29T13:00,14339,14000,339,
2026-06-29T14:00,14063,13900,163,
2026-06-29T15:00,13793,13592,201,
2026-06-29T16:00,14121,13963,158,
2026-06-29T17:00,13951,13799,152,
2026-06-29T18:00,13857,13757,100,
2026-06-29T19:00,15224,15116,108,
2026-06-29T19:30,15682,15415,267,Evening Peak
2026-06-29T20:00,15666,15290,376,
2026-06-29T21:00,15889,15340,549,
2026-06-29T22:00,15809,15267,542,
2026-06-29T23:00,15898,15300,598,
2026-06-30T00:00,15590,15175,415,
2026-06-30T01:00,15311,14977,334,
2026-06-30T02:00,14779,14346,433,
2026-06-30T03:00,14456,14054,402,
2026-06-30T04:00,14013,13643,370,
2026-06-30T05:00,13754,13404,350,
2026-06-30T06:00,13351,13085,266,
2026-06-30T07:00,13416,13219,197,
2026-06-30T08:00,13700,13525,175,
2026-06-30T09:00,13838,13673,165,
2026-06-30T10:00,13999,13884,115,
2026-06-30T11:00,14271,14000,271,
2026-06-30T12:00,14927,14489,438,Day Peak
2026-06-30T13:00,15036,14667,369,
2026-06-30T14:00,14730,14361,369,
2026-06-30T15:00,15068,14586,482,
2026-06-30T16:00,14457,14176,281,
2026-06-30T17:00,14150,13924,226,
2026-06-30T18:00,13758,13600,158,
2026-06-30T19:00,15110,14850,260,
2026-06-30T19:30,16038,15489,549,Evening Peak
2026-06-30T20:00,15759,15355,404,
2026-06-30T21:00,15550,15251,299,
2026-06-30T22:00,15413,15156,257,
2026-06-30T23:00,15554,15303,251,
2026-07-01T00:00,15871,15451,420,
2026-07-01T01:00,15612,15169,443,
2026-07-01T02:00,15176,14700,476,
2026-07-01T03:00,14759,14304,455,
2026-07-01T04:00,14299,13861,438,
2026-07-01T05:00,14032,13652,380,
2026-07-01T06:00,13641,13422,219,
2026-07-01T07:00,13427,13238,189,
2026-07-01T08:00,13519,13499,20,
2026-07-01T09:00,13662,13498,164,
2026-07-01T10:00,13687,13388,299,
2026-07-01T11:00,14241,13962,279,
2026-07-01T12:00,14480,14129,351,Day Peak
2026-07-01T13:00,14814,14492,322,
2026-07-01T14:00,14722,14358,364,
2026-07-01T15:00,14828,14324,504,
2026-07-01T16:00,14794,14285,509,
2026-07-01T17:00,14239,13786,453,
2026-07-01T18:00,14054,13622,432,
2026-07-01T19:00,15049,14650,399,
2026-07-01T19:30,16204,15706,498,
2026-07-01T20:00,15993,15600,393,
2026-07-01T21:00,16034,15544,490,Evening Peak
2026-07-01T22:00,16019,15696,323,
2026-07-01T23:00,16058,15680,378,
2026-07-02T00:00,16043,15511,532,
2026-07-02T01:00,15554,15167,387,
2026-07-02T02:00,15143,14638,505,
2026-07-02T03:00,14750,14271,479,
2026-07-02T04:00,14228,13948,280,
2026-07-02T05:00,13980,13750,230,
2026-07-02T06:00,13553,13383,170,
2026-07-02T07:00,13564,13418,146,
2026-07-02T08:00,13725,13577,148,
2026-07-02T09:00,13804,13608,196,
2026-07-02T10:00,14273,14078,195,
2026-07-02T11:00,14582,14352,230,
2026-07-02T12:00,15085,14767,318,Day Peak
2026-07-02T13:00,15330,14983,347,
2026-07-02T14:00,15342,14963,379,
2026-07-02T15:00,15462,14892,570,
2026-07-02T16:00,15010,14541,469,
2026-07-02T17:00,14825,14426,399,
2026-07-02T18:00,14488,14231,257,
2026-07-02T19:00,15875,15565,310,
2026-07-02T19:30,16445,16084,361,
2026-07-02T20:00,16510,16108,402,
2026-07-02T21:00,16388,15894,494,Evening Peak
2026-07-02T22:00,16226,15789,437,
2026-07-02T23:00,16302,15671,631,
2026-07-03T00:00,16163,15373,790,
2026-07-03T01:00,16087,15303,784,
2026-07-03T02:00,15670,14942,728,
2026-07-03T03:00,15228,14642,586,
2026-07-03T04:00,14839,14372,467,
2026-07-03T05:00,14503,14061,442,
2026-07-03T06:00,13796,13459,337,
2026-07-03T07:00,13685,13390,295,
2026-07-03T08:00,13316,12961,355,
2026-07-03T09:00,13001,12684,317,
2026-07-03T10:00,12998,12681,317,
2026-07-03T11:00,13270,12989,281,
2026-07-03T12:00,13760,13511,249,Day Peak
2026-07-03T13:00,14293,14043,250,
2026-07-03T14:00,13823,13682,141,
2026-07-03T15:00,13921,13813,108,
2026-07-03T16:00,13634,13502,132,
2026-07-03T17:00,13330,13228,102,
2026-07-03T18:00,12883,12811,72,
2026-07-03T19:00,13896,13750,146,
2026-07-03T19:30,15638,15483,155,
2026-07-03T20:00,15698,15511,187,
2026-07-03T21:00,15807,15526,281,Evening Peak
2026-07-03T22:00,15884,15620,264,
2026-07-03T23:00,16015,15470,545,
2026-07-04T00:00,16213,15550,663,
2026-07-04T01:00,15729,15313,416,
2026-07-04T02:00,15378,15022,356,
2026-07-04T03:00,15044,14734,310,
2026-07-04T04:00,14811,14697,114,
2026-07-04T05:00,14571,14457,114,
2026-07-04T06:00,14167,14058,109,
2026-07-04T07:00,14007,13841,166,
2026-07-04T08:00,13923,13528,395,
2026-07-04T09:00,14177,13765,412,
2026-07-04T10:00,14267,13867,400,
2026-07-04T11:00,14648,14233,415,
2026-07-04T12:00,15385,14655,730,Day Peak
2026-07-04T13:00,15605,14970,635,
2026-07-04T14:00,15473,14842,631,
2026-07-04T15:00,15979,14772,1207,
2026-07-04T16:00,15899,14344,1555,
2026-07-04T17:00,15709,14411,1298,
2026-07-04T18:00,14857,14032,825,
2026-07-04T19:00,15337,14918,419,
2026-07-04T19:30,16065,15347,718,Evening Peak
2026-07-04T20:00,14838,14584,254,
2026-07-04T21:00,14845,14650,195,
2026-07-04T22:00,15545,15316,229,
2026-07-04T23:00,15651,15472,179,
2026-07-05T00:00,15866,15327,539,
2026-07-05T01:00,15591,15271,320,
2026-07-05T02:00,15087,14849,238,
2026-07-05T03:00,14929,14701,228,
2026-07-05T04:00,14542,14329,213,
2026-07-05T05:00,14194,14001,193,
2026-07-05T06:00,13677,13463,214,
2026-07-05T07:00,13651,13427,224,
2026-07-05T08:00,13377,13166,211,
2026-07-05T09:00,13255,12999,256,
2026-07-05T10:00,13208,13085,123,
2026-07-05T11:00,13455,13420,35,
2026-07-05T12:00,13772,13697,75,Day Peak
2026-07-05T13:00,13806,13667,139,
2026-07-05T14:00,13799,13686,113,
2026-07-05T15:00,13897,13710,187,
2026-07-05T16:00,13729,13567,162,
2026-07-05T17:00,13255,13153,102,
2026-07-05T18:00,13044,12950,94,
2026-07-05T19:00,14355,14250,105,
2026-07-05T19:30,15404,15201,203,
2026-07-05T20:00,15346,15139,207,
2026-07-05T21:00,15345,15049,296,Evening Peak
2026-07-05T22:00,15427,15219,208,
2026-07-05T23:00,15387,15192,195,
2026-07-06T00:00,15438,14915,523,
2026-07-06T01:00,14785,14594,191,
2026-07-06T02:00,14500,14293,207,
2026-07-06T03:00,14263,14050,213,
2026-07-06T04:00,13925,13734,191,
2026-07-06T05:00,13339,13172,167,
2026-07-06T06:00,13047,12932,115,
2026-07-06T07:00,13087,12970,117,
2026-07-06T08:00,13017,12900,117,
2026-07-06T09:00,13210,13040,170,
2026-07-06T10:00,13460,13344,116,
2026-07-06T11:00,13809,13769,40,
2026-07-06T12:00,14052,14052,0,Day Peak
2026-07-06T13:00,14144,14144,0,
2026-07-06T14:00,13872,13817,55,
2026-07-06T15:00,13848,13760,88,
2026-07-06T16:00,13607,13548,59,
2026-07-06T17:00,13264,13200,64,
2026-07-06T18:00,13111,13081,30,
2026-07-06T19:00,14073,14073,0,
2026-07-06T19:30,15249,15187,62,
2026-07-06T20:00,15347,15148,199,Evening Peak
2026-07-06T21:00,15178,15019,159,
2026-07-06T22:00,15073,14914,159,
2026-07-06T23:00,15149,14893,256,
2026-07-07T00:00,14957,14590,367,
2026-07-07T01:00,14606,14247,359,
2026-07-07T02:00,14352,14030,322,
2026-07-07T03:00,14073,13794,279,
2026-07-07T04:00,13693,13438,255,
2026-07-07T05:00,13372,13140,232,
2026-07-07T06:00,13194,12985,209,
2026-07-07T07:00,13190,12996,194,
2026-07-07T08:00,13186,13024,162,
2026-07-07T09:00,13407,13181,226,
2026-07-07T10:00,13475,12986,489,
2026-07-07T11:00,13759,13353,406,
2026-07-07T12:00,13865,13376,489,Day Peak
2026-07-07T13:00,14052,13456,596,
2026-07-07T14:00,13736,13409,327,
2026-07-07T15:00,13458,13236,222,
2026-07-07T16:00,12993,12951,42,
2026-07-07T17:00,12709,12697,12,
2026-07-07T18:00,12932,12890,42,
2026-07-07T19:00,14072,13991,81,
2026-07-07T19:30,14819,14745,74,
2026-07-07T20:00,14938,14806,132,Evening Peak
2026-07-07T21:00,14936,14831,105,
2026-07-07T22:00,14986,14876,110,
2026-07-07T23:00,14884,14779,105,
2026-07-08T00:00,14620,14512,108,
2026-07-08T01:00,14345,14148,197,
2026-07-08T02:00,13956,13759,197,
2026-07-08T03:00,13339,13194,145,
2026-07-08T04:00,13051,12921,130,
2026-07-08T05:00,12504,12409,95,
2026-07-08T06:00,12330,12265,65,
2026-07-08T07:00,12321,12274,47,
2026-07-08T08:00,12493,12450,43,
2026-07-08T09:00,12575,12565,10,
2026-07-08T10:00,13037,13037,0,
2026-07-08T11:00,13381,13381,0,
2026-07-08T12:00,13758,13709,49,Day Peak
2026-07-08T13:00,13889,13819,70,
2026-07-08T14:00,13680,13580,100,
2026-07-08T15:00,13681,13574,107,
2026-07-08T16:00,13397,13262,135,
2026-07-08T17:00,13294,13149,145,
2026-07-08T18:00,13240,13030,210,
2026-07-08T19:00,14321,13610,711,
2026-07-08T19:30,15096,14336,760,
2026-07-08T20:00,15206,14569,637,
2026-07-08T21:00,15150,14805,345,Evening Peak
2026-07-08T22:00,14872,14405,467,
2026-07-08T23:00,14952,14133,819,
2026-07-09T00:00,14758,13426,1332,
2026-07-09T01:00,14257,13008,1249,
2026-07-09T02:00,13333,12801,532,
2026-07-09T03:00,12807,12376,431,
2026-07-09T04:00,12079,11721,358,
2026-07-09T05:00,11527,11265,262,
2026-07-09T06:00,11049,10989,60,
2026-07-09T07:00,11059,11054,5,
2026-07-09T08:00,11375,11350,25,
2026-07-09T09:00,11826,11700,126,
2026-07-09T10:00,12370,12250,120,
2026-07-09T11:00,12855,12750,105,
2026-07-09T12:00,13492,13304,188,Day Peak
2026-07-09T13:00,13709,13458,251,
2026-07-09T14:00,13651,13356,295,
2026-07-09T15:00,13953,13452,501,
2026-07-09T16:00,13658,13290,368,
2026-07-09T17:00,13172,12827,345,
2026-07-09T18:00,13249,12926,323,
2026-07-09T19:00,14122,13758,364,
2026-07-09T19:30,14728,14598,130,
2026-07-09T20:00,14874,14714,160,
2026-07-09T21:00,14928,14654,274,Evening Peak
2026-07-09T22:00,14532,14382,150,
2026-07-09T23:00,14594,14343,251,
2026-07-10T00:00,14429,14052,377,
2026-07-10T01:00,14069,13753,316,
2026-07-10T02:00,13668,13517,151,
2026-07-10T03:00,13367,13230,137,
2026-07-10T04:00,12894,12780,114,
2026-07-10T05:00,12190,12093,97,
2026-07-10T06:00,11524,11471,53,
2026-07-10T07:00,11204,11159,45,
2026-07-10T08:00,11054,10982,72,
2026-07-10T09:00,11118,11050,68,
2026-07-10T10:00,11044,10918,126,
2026-07-10T11:00,11297,11297,0,
2026-07-10T12:00,11801,11801,0,Day Peak
2026-07-10T13:00,12445,12412,33,
2026-07-10T14:00,12069,12059,10,
2026-07-10T15:00,11917,11903,14,
2026-07-10T16:00,11218,11208,10,
2026-07-10T17:00,11011,11001,10,
2026-07-10T18:00,11210,11200,10,
2026-07-10T19:00,12572,12550,22,
2026-07-10T19:30,13625,13600,25,
2026-07-10T20:00,13816,13801,15,
2026-07-10T21:00,13944,13914,30,Evening Peak
2026-07-10T22:00,14071,14071,0,
2026-07-10T23:00,14217,14217,0,
2026-07-11T00:00,14201,13998,203,
2026-07-11T01:00,13821,13690,131,
2026-07-11T02:00,13185,13090,95,
2026-07-11T03:00,12761,12667,94,
2026-07-11T04:00,12369,12261,108,
2026-07-11T05:00,12181,12083,98,
2026-07-11T06:00,11878,11796,82,
2026-07-11T07:00,11957,11882,75,
2026-07-11T08:00,12095,12010,85,
2026-07-11T09:00,12410,12320,90,
2026-07-11T10:00,12789,12789,0,
2026-07-11T11:00,13010,13010,0,
2026-07-11T12:00,13443,13402,41,Day Peak
2026-07-11T13:00,13638,13638,0,
2026-07-11T14:00,13187,13187,0,
2026-07-11T15:00,13135,12999,136,
2026-07-11T16:00,12848,12715,133,
2026-07-11T17:00,12589,12455,134,
2026-07-11T18:00,12798,12720,78,
2026-07-11T19:00,13900,13800,100,
2026-07-11T19:30,14802,14672,130,Evening Peak
2026-07-11T20:00,14829,14684,145,
2026-07-11T21:00,14811,14589,222,
2026-07-11T22:00,14573,14312,261,
2026-07-11T23:00,14523,14278,245,
2026-07-12T00:00,14466,14020,446,
2026-07-12T01:00,13654,13277,377,
2026-07-12T02:00,13217,12876,341,
2026-07-12T03:00,12833,12582,251,
2026-07-12T04:00,12494,12368,126,
2026-07-12T05:00,12155,12014,141,
2026-07-12T06:00,11785,11694,91,
2026-07-12T07:00,11810,11810,0,
2026-07-12T08:00,12350,12320,30,
2026-07-12T09:00,12694,12694,0,
2026-07-12T10:00,12841,12841,0,
2026-07-12T11:00,12870,12870,0,
2026-07-12T12:00,13002,13002,0,Day Peak
2026-07-12T13:00,13341,13341,0,
2026-07-12T14:00,13281,13281,0,
2026-07-12T15:00,13150,13150,0,
2026-07-12T16:00,13135,13115,20,
2026-07-12T17:00,12765,12745,20,
2026-07-12T18:00,12794,12794,0,
2026-07-12T19:00,14035,13955,80,
2026-07-12T19:30,15063,14875,188,Evening Peak
2026-07-12T20:00,14700,14680,20,
2026-07-12T21:00,14768,14768,0,
2026-07-12T22:00,14497,14428,69,
2026-07-12T23:00,14198,14153,45,
2026-07-13T00:00,14094,13828,266,
2026-07-13T01:00,13781,13537,244,
2026-07-13T02:00,13405,13173,232,
2026-07-13T03:00,12943,12724,219,
2026-07-13T04:00,12558,12361,197,
2026-07-13T05:00,12398,12243,155,
2026-07-13T06:00,12078,11946,132,
2026-07-13T07:00,12351,12233,118,
2026-07-13T08:00,12344,12222,122,
2026-07-13T09:00,12450,12383,67,
2026-07-13T10:00,12450,12450,0,
2026-07-13T11:00,12750,12750,0,
2026-07-13T12:00,13218,13195,23,Day Peak
2026-07-13T13:00,13246,13231,15,
2026-07-13T14:00,13082,13082,0,
2026-07-13T15:00,13138,13138,0,
2026-07-13T16:00,13028,13028,0,
2026-07-13T17:00,12887,12887,0,
2026-07-13T18:00,12856,12856,0,
2026-07-13T19:00,13950,13950,0,
2026-07-13T19:30,14869,14820,49,Evening Peak
2026-07-13T20:00,15084,15004,80,
2026-07-13T21:00,15070,14953,117,
2026-07-13T22:00,14820,14673,147,
2026-07-13T23:00,14558,14249,309,
2026-07-14T00:00,14449,14014,435,
2026-07-14T01:00,14248,13806,442,
2026-07-14T02:00,13812,13392,420,
2026-07-14T03:00,13559,13157,402,
2026-07-14T04:00,13152,12759,393,
2026-07-14T05:00,13091,12704,387,
2026-07-14T06:00,12805,12457,348,
2026-07-14T07:00,12841,12530,311,
2026-07-14T08:00,12801,12500,301,
2026-07-14T09:00,13182,12950,232,
2026-07-14T10:00,13451,13294,157,
2026-07-14T11:00,13790,13700,90,
2026-07-14T12:00,14372,14224,148,Day Peak
2026-07-14T13:00,14541,14470,71,
2026-07-14T14:00,14569,14498,71,
2026-07-14T15:00,14510,14332,178,
2026-07-14T16:00,14861,14700,161,
2026-07-14T17:00,14385,14300,85,
2026-07-14T18:00,13936,13859,77,
2026-07-14T19:00,15151,14850,301,
2026-07-14T19:30,16207,15636,571,
2026-07-14T20:00,16123,15691,432,
2026-07-14T21:00,16317,15638,679,Evening Peak
2026-07-14T22:00,16125,15577,548,
2026-07-14T23:00,16316,15705,611,
2026-07-15T00:00,16465,14796,1669,
2026-07-15T01:00,16107,15028,1079,
2026-07-15T02:00,15353,15091,262,
2026-07-15T03:00,14813,14569,244,
2026-07-15T04:00,14498,14010,488,
2026-07-15T05:00,14209,13666,543,
2026-07-15T06:00,13809,13507,302,
2026-07-15T07:00,13929,13484,445,
2026-07-15T08:00,13948,13546,402,
2026-07-15T09:00,14076,13714,362,
2026-07-15T10:00,14114,13927,187,
2026-07-15T11:00,14349,14100,249,
2026-07-15T12:00,14807,14225,582,Day Peak
2026-07-15T13:00,14925,14221,704,
2026-07-15T14:00,14715,13984,731,
2026-07-15T15:00,15043,13971,1072,
2026-07-15T16:00,14825,13969,856,
2026-07-15T17:00,14747,13836,911,
2026-07-15T18:00,14068,13583,485,
2026-07-15T19:00,15395,14560,835,
2026-07-15T19:30,16156,14934,1222,
2026-07-15T20:00,16308,15092,1216,
2026-07-15T21:00,16363,15257,1106,Evening Peak
2026-07-15T22:00,16110,15500,610,
2026-07-15T23:00,16078,15445,633,
2026-07-16T00:00,16149,15368,781,
2026-07-16T01:00,15576,15317,259,
2026-07-16T02:00,15103,14859,244,
2026-07-16T03:00,14679,14430,249,
2026-07-16T04:00,14263,13889,374,
2026-07-16T05:00,13876,13552,324,
2026-07-16T06:00,13671,13369,302,
2026-07-16T07:00,13362,13078,284,
2026-07-16T08:00,13520,13259,261,
2026-07-16T09:00,13723,13485,238,
2026-07-16T10:00,13770,13652,118,
2026-07-16T11:00,14104,14014,90,
2026-07-16T12:00,14365,14322,43,Day Peak
2026-07-16T13:00,14723,14586,137,
2026-07-16T14:00,14629,14498,131,
2026-07-16T15:00,14671,14531,140,
2026-07-16T16:00,14478,14306,172,
2026-07-16T17:00,13863,13713,150,
2026-07-16T18:00,13790,13623,167,
2026-07-16T19:00,14865,14650,215,
2026-07-16T19:30,16008,15758,250,
2026-07-16T20:00,15945,15553,392,
2026-07-16T21:00,16139,15624,515,Evening Peak
2026-07-16T22:00,15898,15312,586,
2026-07-16T23:00,15959,15180,779,
2026-07-17T00:00,16100,14496,1604,
2026-07-17T01:00,15961,14144,1817,
2026-07-17T02:00,15570,13828,1742,
2026-07-17T03:00,15316,13800,1516,
2026-07-17T04:00,14018,13540,478,
2026-07-17T05:00,13756,13431,325,
2026-07-17T06:00,13210,12948,262,
2026-07-17T07:00,12609,12391,218,
2026-07-17T08:00,12314,12172,142,
2026-07-17T09:00,12049,11962,87,
2026-07-17T10:00,11893,11833,60,
2026-07-17T11:00,11996,11954,42,
2026-07-17T12:00,12544,12529,15,Day Peak
2026-07-17T13:00,13225,13215,10,
2026-07-17T14:00,12610,12590,20,
2026-07-17T15:00,12337,12319,18,
2026-07-17T16:00,11896,11896,0,
2026-07-17T17:00,11716,11716,0,
2026-07-17T18:00,11696,11696,0,
2026-07-17T19:00,12894,12894,0,
2026-07-17T19:30,14331,14331,0,
2026-07-17T20:00,14444,14444,0,
2026-07-17T21:00,14507,14475,32,Evening Peak
2026-07-17T22:00,14685,14654,31,
2026-07-17T23:00,14772,14736,36,
2026-07-18T00:00,14906,14841,65,
2026-07-18T01:00,14119,13934,185,
2026-07-18T02:00,13744,13577,167,
2026-07-18T03:00,13174,13000,174,
2026-07-18T04:00,13044,12874,170,
2026-07-18T05:00,12798,12641,157,
2026-07-18T06:00,12660,12478,182,
2026-07-18T07:00,12428,12267,161,
2026-07-18T08:00,12578,12422,156,
2026-07-18T09:00,12923,12751,172,
2026-07-18T10:00,13118,12900,218,
2026-07-18T11:00,13367,13201,166,
2026-07-18T12:00,13956,13737,219,Day Peak
2026-07-18T13:00,14291,13956,335,
2026-07-18T14:00,14144,13817,327,
2026-07-18T15:00,14232,13911,321,
2026-07-18T16:00,13927,13685,242,
2026-07-18T17:00,13519,13311,208,
2026-07-18T18:00,13466,13264,202,
2026-07-18T19:00,14851,14610,241,
2026-07-18T19:30,15635,15241,394,
2026-07-18T20:00,15551,15157,394,
2026-07-18T21:00,15714,15199,515,Evening Peak
2026-07-18T22:00,15613,15168,445,
2026-07-18T23:00,15706,15247,459,
2026-07-19T00:00,15636,14982,654,
2026-07-19T01:00,15123,14547,576,
2026-07-19T02:00,14688,14066,622,
2026-07-19T03:00,14344,13728,616,
2026-07-19T04:00,14158,13576,582,
2026-07-19T05:00,13793,13276,517,
2026-07-19T06:00,13430,12928,502,
2026-07-19T07:00,13350,12948,402,
2026-07-19T08:00,13538,13132,406,
2026-07-19T09:00,13643,13252,391,
2026-07-19T10:00,13700,13396,304,
2026-07-19T11:00,14088,13900,188,
2026-07-19T12:00,14500,14256,244,Day Peak
2026-07-19T13:00,14656,14450,206,
2026-07-19T14:00,14440,14067,373,
2026-07-19T15:00,14579,14095,484,
2026-07-19T16:00,14233,13776,457,
2026-07-19T17:00,13671,13326,345,
2026-07-19T18:00,13489,13150,339,
2026-07-19T19:00,14810,14450,360,
2026-07-19T19:30,15479,15039,440,Evening Peak
2026-07-19T20:00,15430,15130,300,
2026-07-19T21:00,15155,14860,295,
2026-07-19T22:00,15392,15120,272,
2026-07-19T23:00,15040,14743,297,
2026-07-20T00:00,15101,14768,333,
2026-07-20T01:00,14612,14539,73,
2026-07-20T02:00,14348,14305,43,
2026-07-20T03:00,13984,13951,33,
2026-07-20T04:00,13705,13683,22,
2026-07-20T05:00,13517,13352,165,
2026-07-20T06:00,12932,12780,152,
2026-07-20T07:00,12885,12697,188,
2026-07-20T08:00,13026,12817,209,
2026-07-20T09:00,13201,12980,221,
2026-07-20T10:00,13262,13158,104,
2026-07-20T11:00,13359,13300,59,
2026-07-20T12:00,13638,13560,78,Day Peak
2026-07-20T13:00,13643,13569,74,
2026-07-20T14:00,13608,13500,108,
2026-07-20T15:00,13418,13279,139,
2026-07-20T16:00,13089,12951,138,
2026-07-20T17:00,12878,12743,135,
2026-07-20T18:00,12760,12600,160,
2026-07-20T19:00,13999,13800,199,
2026-07-20T19:30,14884,14713,171,Evening Peak
2026-07-20T20:00,14786,14750,36,
2026-07-20T21:00,14763,14749,14,
2026-07-20T22:00,14610,14586,24,
2026-07-20T23:00,14295,14263,32,
2026-07-21T00:00,14272,14064,208,
2026-07-21T01:00,13859,13650,209,
2026-07-21T02:00,13485,13298,187,
2026-07-21T03:00,13041,12862,179,
2026-07-21T04:00,12731,12609,122,
2026-07-21T05:00,12515,12396,119,
2026-07-21T06:00,12394,12263,131,
2026-07-21T07:00,12605,12447,158,
2026-07-21T08:00,12754,12602,152,
2026-07-21T09:00,12910,12778,132,
2026-07-21T10:00,13075,13005,70,
2026-07-21T11:00,13372,13332,40,
2026-07-21T12:00,13592,13577,15,Day Peak
2026-07-21T13:00,13891,13816,75,
2026-07-21T14:00,13799,13645,154,
2026-07-21T15:00,13831,13591,240,
2026-07-21T16:00,13619,13482,137,
2026-07-21T17:00,13435,13211,224,
2026-07-21T18:00,13382,13166,216,
2026-07-21T19:00,14941,14794,147,
2026-07-21T19:30,15454,15240,214,
2026-07-21T20:00,15589,15248,341,Evening Peak
2026-07-21T21:00,15230,15104,126,
2026-07-21T22:00,15051,14928,123,
2026-07-21T23:00,15016,14824,192,
2026-07-22T00:00,14759,14271,488,
2026-07-22T01:00,14452,13982,470,
2026-07-22T02:00,14075,13693,382,
2026-07-22T03:00,13633,13313,320,
2026-07-22T04:00,13353,13026,327,
2026-07-22T05:00,13060,12683,377,
2026-07-22T06:00,12551,12200,351,
2026-07-22T07:00,12848,12477,371,
2026-07-22T08:00,12871,12497,374,
2026-07-22T09:00,13016,12784,232,
2026-07-22T10:00,13342,13312,30,
2026-07-22T11:00,13547,13529,18,
2026-07-22T12:00,14060,13884,176,Day Peak
2026-07-22T13:00,14141,13798,343,
2026-07-22T14:00,13894,13334,560,
2026-07-22T15:00,14182,13523,659,
2026-07-22T16:00,13619,13055,564,
2026-07-22T17:00,13168,12783,385,
2026-07-22T18:00,13144,12823,321,
2026-07-22T19:00,14271,14113,158,
2026-07-22T19:30,15046,14836,210,
2026-07-22T20:00,14950,14778,172,
2026-07-22T21:00,15070,14852,218,Evening Peak
2026-07-22T22:00,14872,14730,142,
2026-07-22T23:00,14753,14451,302,
2026-07-23T00:00,14678,14125,553,
2026-07-23T01:00,14167,13707,460,
2026-07-23T02:00,13711,13254,457,
2026-07-23T03:00,13389,12971,418,
2026-07-23T04:00,13112,12744,368,
2026-07-23T05:00,12765,12444,321,
2026-07-23T06:00,12443,12134,309,
2026-07-23T07:00,12578,12260,318,
2026-07-23T08:00,12669,12374,295,
2026-07-23T09:00,12943,12620,323,
2026-07-23T10:00,13207,13124,83,
2026-07-23T11:00,13254,13156,98,
2026-07-23T12:00,13995,13635,360,Day Peak
2026-07-23T13:00,14142,13841,301,
2026-07-23T14:00,13887,13565,322,
2026-07-23T15:00,14034,13652,382,
2026-07-23T16:00,13554,13162,392,
2026-07-23T17:00,13035,12789,246,
2026-07-23T18:00,12985,12850,135,
2026-07-23T19:00,14281,14150,131,
2026-07-23T19:30,14846,14633,213,Evening Peak
2026-07-23T20:00,15103,14902,201,
2026-07-23T21:00,14992,14780,212,
2026-07-23T22:00,14749,14517,232,
2026-07-23T23:00,14668,14397,271,
2026-07-24T00:00,14440,13757,683,
2026-07-24T01:00,14042,13118,924,
2026-07-24T02:00,13209,12695,514,
2026-07-24T03:00,12995,12509,486,
2026-07-24T04:00,12838,12281,557,
2026-07-24T05:00,12445,11934,511,
2026-07-24T06:00,11834,11395,439,
2026-07-24T07:00,11907,11421,486,
2026-07-24T08:00,11599,11189,410,
2026-07-24T09:00,11556,11154,402,
2026-07-24T10:00,11404,11150,254,
2026-07-24T11:00,11638,11400,238,
2026-07-24T12:00,12432,12246,186,Day Peak
2026-07-24T13:00,12908,12660,248,
2026-07-24T14:00,12446,12201,245,
2026-07-24T15:00,12314,12148,166,
2026-07-24T16:00,11736,11560,176,
2026-07-24T17:00,11512,11339,173,
2026-07-24T18:00,11431,11260,171,
2026-07-24T19:00,12864,12544,320,
2026-07-24T19:30,13738,13398,340,
2026-07-24T20:00,14093,13783,310,
2026-07-24T21:00,14103,13881,222,Evening Peak
2026-07-24T22:00,14251,13928,323,
2026-07-24T23:00,14398,13974,424,
2026-07-25T00:00,14331,13877,454,
2026-07-25T01:00,13845,13374,471,
2026-07-25T02:00,13578,13116,462,
2026-07-25T03:00,13124,12672,452,
2026-07-25T04:00,12889,12446,443,
2026-07-25T05:00,12626,12220,406,
2026-07-25T06:00,12316,11900,416,
2026-07-25T07:00,12363,11967,396,
2026-07-25T08:00,12600,12200,400,
2026-07-25T09:00,12805,12357,448,
2026-07-25T10:00,13004,12657,347,
2026-07-25T11:00,13392,13025,367,
2026-07-25T12:00,14073,13590,483,Day Peak
2026-07-25T13:00,14116,13637,479,
2026-07-25T14:00,14197,13574,623,
2026-07-25T15:00,14430,13634,796,
2026-07-25T16:00,14418,13597,821,
2026-07-25T17:00,14140,13472,668,
2026-07-25T18:00,13823,13273,550,
2026-07-25T19:00,15391,14786,605,
2026-07-25T19:30,15966,15173,793,
2026-07-25T20:00,15926,15057,869,Evening Peak
2026-07-25T21:00,15858,15011,847,
2026-07-25T22:00,15782,14824,958,
2026-07-25T23:00,15794,14832,962,
2026-07-26T00:00,15733,14356,1377,
2026-07-26T01:00,15483,13960,1523,
2026-07-26T02:00,15029,13819,1210,
2026-07-26T03:00,14555,13612,943,
2026-07-26T04:00,14237,13348,889,
2026-07-26T05:00,13990,13208,782,
2026-07-26T06:00,13487,12766,721,
2026-07-26T07:00,13412,12752,660,
2026-07-26T08:00,13691,13020,671,
2026-07-26T09:00,13733,13085,648,
2026-07-26T10:00,14277,13560,717,
2026-07-26T11:00,14455,13729,726,
2026-07-26T12:00,14899,13742,1157,Day Peak
2026-07-26T13:00,15011,13845,1166,
2026-07-26T14:00,15198,13976,1222,
2026-07-26T15:00,15195,13905,1290,
2026-07-26T16:00,14832,13624,1208,
2026-07-26T17:00,14777,13666,1111,
2026-07-26T18:00,14373,13495,878,
2026-07-26T19:00,15299,14550,749,
2026-07-26T19:30,16367,15485,882,
2026-07-26T20:00,16383,15378,1005,
2026-07-26T21:00,16327,15264,1063,Evening Peak
2026-07-26T22:00,16306,15314,992,
2026-07-26T23:00,16252,15141,1111,
2026-07-27T00:00,16241,14572,1669,
2026-07-27T01:00,15866,14159,1707,
2026-07-27T02:00,15573,13933,1640,
2026-07-27T03:00,15047,13750,1297,
2026-07-27T04:00,14390,13629,761,
2026-07-27T05:00,14183,13442,741,
2026-07-27T06:00,13768,13078,690,
2026-07-27T07:00,13453,12828,625,
2026-07-27T08:00,13577,12952,625,
2026-07-27T09:00,13635,12985,650,
2026-07-27T10:00,13744,13340,404,
2026-07-27T11:00,14132,13352,780,
2026-07-27T12:00,14591,13808,783,Day Peak
2026-07-27T13:00,14837,13941,896,
2026-07-27T14:00,14889,13946,943,
2026-07-27T15:00,15039,13890,1149,
2026-07-27T16:00,14588,13563,1025,
2026-07-27T17:00,14498,13499,999,
2026-07-27T18:00,14140,13390,750,
2026-07-27T19:00,15039,14532,507,
2026-07-27T19:30,16072,15396,676,
2026-07-27T20:00,16070,15355,715,
2026-07-27T21:00,16077,15295,782,Evening Peak
2026-07-27T22:00,16016,15334,682,
2026-07-27T23:00,15868,15141,727,
2026-07-28T00:00,16163,14473,1690,
2026-07-28T01:00,15360,14130,1230,
2026-07-28T02:00,15007,13985,1022,
2026-07-28T03:00,14575,13855,720,
2026-07-28T04:00,14194,13518,676,
2026-07-28T05:00,13909,13348,561,
2026-07-28T06:00,13745,13199,546,
2026-07-28T07:00,13672,13081,591,
2026-07-28T08:00,13504,12969,535,
2026-07-28T09:00,13485,12973,512,
2026-07-28T10:00,13819,13116,703,
2026-07-28T11:00,13979,13146,833,
2026-07-28T12:00,14757,13373,1384,Day Peak
2026-07-28T13:00,14874,13647,1227,
2026-07-28T14:00,15118,13766,1352,
2026-07-28T15:00,15107,13781,1326,
2026-07-28T16:00,14812,13772,1040,
2026-07-28T17:00,14564,13613,951,
2026-07-28T18:00,13852,13420,432,
2026-07-28T19:00,15437,14344,1093,
2026-07-28T19:30,16195,14644,1551,
2026-07-28T20:00,16200,14575,1625,
2026-07-28T21:00,16309,14872,1437,Evening Peak
2026-07-28T22:00,16080,14964,1116,
2026-07-28T23:00,16133,14497,1636,
2026-07-29T00:00,16292,13814,2478,
2026-07-29T01:00,15898,13342,2556,
2026-07-29T02:00,15587,13055,2532,
2026-07-29T03:00,15437,13028,2409,
2026-07-29T04:00,15167,12838,2329,
2026-07-29T05:00,15088,12871,2217,
2026-07-29T06:00,14643,12727,1916,
2026-07-29T07:00,14577,12981,1596,
2026-07-29T08:00,14625,12993,1632,
2026-07-29T09:00,14661,13150,1511,
2026-07-29T10:00,14845,13504,1341,
2026-07-29T11:00,14641,14008,633,
2026-07-29T12:00,15213,14095,1118,Day Peak
2026-07-29T13:00,15447,14101,1346,
2026-07-29T14:00,15248,13654,1594,
2026-07-29T15:00,15246,13465,1781,
2026-07-29T16:00,15307,13517,1790,
2026-07-29T17:00,14913,13274,1639,
2026-07-29T18:00,13980,13540,440,
2026-07-29T19:00,15556,14020,1536,
2026-07-29T19:30,15957,14058,1899,
2026-07-29T20:00,16091,14052,2039,
2026-07-29T21:00,16428,14093,2335,Evening Peak
2026-07-29T22:00,16319,14178,2141,
2026-07-29T23:00,16357,14091,2266,
2026-07-30T00:00,16180,13715,2465,
2026-07-30T01:00,15605,13271,2334,
2026-07-30T02:00,15371,13180,2191,
2026-07-30T03:00,15065,12950,2115,
2026-07-30T04:00,15002,12957,2045,
2026-07-30T05:00,14183,13013,1170,
2026-07-30T06:00,13168,12755,413,
2026-07-30T07:00,13158,12691,467,
2026-07-30T08:00,13375,12931,444,
2026-07-30T09:00,13226,12650,576,
2026-07-30T10:00,13809,12800,1009,
2026-07-30T11:00,14393,13018,1375,
2026-07-30T12:00,14947,12998,1949,Day Peak
2026-07-30T13:00,15035,13048,1987,
2026-07-30T14:00,14959,12957,2002,
2026-07-30T15:00,15182,12852,2330,
2026-07-30T16:00,14683,12854,1829,
2026-07-30T17:00,14631,13000,1631,
2026-07-30T18:00,14242,13010,1232,
2026-07-30T19:00,15670,14264,1406,
2026-07-30T19:30,16012,14369,1643,
2026-07-30T20:00,15821,14450,1371,
2026-07-30T21:00,16264,14785,1479,Evening Peak
2026-07-30T22:00,15703,14649,1054,
2026-07-30T23:00,15526,14042,1484,
2026-07-31T00:00,15595,13357,2238,
2026-07-31T01:00,15036,12875,2161,
2026-07-31T02:00,15040,12968,2072,
2026-07-31T03:00,14890,12836,2054,
2026-07-31T04:00,14687,12736,1951,
2026-07-31T05:00,14359,12441,1918,
2026-07-31T06:00,13067,12488,579,
2026-07-31T07:00,12878,12553,325,
2026-07-31T08:00,12646,12440,206,
2026-07-31T09:00,12623,12400,223,
2026-07-31T10:00,12442,12270,172,
2026-07-31T11:00,12667,12623,44,
2026-07-31T12:00,13415,13051,364,Day Peak
2026-07-31T13:00,13823,13163,660,
2026-07-31T14:00,13530,13003,527,
2026-07-31T15:00,13692,12626,1066,
2026-07-31T16:00,13249,12617,632,
2026-07-31T17:00,12596,12596,0,
2026-07-31T18:00,12295,12295,0,
2026-07-31T19:00,13708,13591,117,
2026-07-31T19:30,14968,13955,1013,
2026-07-31T20:00,14965,13662,1303,
2026-07-31T21:00,15534,14018,1516,Evening Peak
2026-07-31T22:00,15443,14194,1249,
2026-07-31T23:00,15674,13986,1688,
2026-08-01T00:00,16141,13395,2746,
2026-08-01T01:00,15272,12482,2790,
2026-08-01T02:00,15114,12374,2740,
2026-08-01T03:00,14989,12309,2680,
2026-08-01T04:00,14642,12036,2606,
2026-08-01T05:00,14759,12200,2559,
2026-08-01T06:00,14414,12194,2220,
2026-08-01T07:00,14052,12196,1856,
2026-08-01T08:00,14297,12404,1893,
2026-08-01T09:00,14547,12547,2000,
2026-08-01T10:00,14871,12825,2046,
2026-08-01T11:00,14880,12993,1887,
2026-08-01T12:00,15593,12942,2651,Day Peak
2026-08-01T13:00,15364,12907,2457,
2026-08-01T14:00,15475,12961,2514,
2026-08-01T15:00,15600,13085,2515,
2026-08-01T16:00,15571,13193,2378,
2026-08-01T17:00,14979,13250,1729,
2026-08-01T18:00,14669,13618,1051,
2026-08-01T19:00,15971,14285,1686,
2026-08-01T19:30,16462,14576,1886,
2026-08-01T20:00,16513,14565,1948,
2026-08-01T21:00,16648,14576,2072,Evening Peak
2026-08-01T22:00,16334,14754,1580,
2026-08-01T23:00,16330,14456,1874,
2026-08-02T00:00,15953,13279,2674,
2026-08-02T01:00,15725,12772,2953,
2026-08-02T02:00,15532,12552,2980,
2026-08-02T03:00,15355,12341,3014,
2026-08-02T04:00,15245,12313,2932,
2026-08-02T05:00,15158,12320,2838,
2026-08-02T06:00,15031,12402,2629,
2026-08-02T07:00,14956,12480,2476,
2026-08-02T08:00,14960,12270,2690,
2026-08-02T09:00,15258,12472,2786,
2026-08-02T10:00,14958,13158,1800,
2026-08-02T11:00,15168,13596,1572,
2026-08-02T12:00,15914,13749,2165,Day Peak
2026-08-02T13:00,15581,13330,2251,
2026-08-02T14:00,15703,13330,2373,
2026-08-02T15:00,16084,13450,2634,
2026-08-02T16:00,15604,13185,2419,
2026-08-02T17:00,15264,13201,2063,
2026-08-02T18:00,14958,13410,1548,
2026-08-02T19:00,16106,14324,1782,
2026-08-02T19:30,16573,14752,1821,
2026-08-02T20:00,16497,14909,1588,
2026-08-02T21:00,17053,14837,2216,Evening Peak
2026-08-02T22:00,16422,14556,1866,
2026-08-02T23:00,16463,14082,2381,
2026-08-03T00:00,16551,13300,3251,
2026-08-03T01:00,16044,12532,3512,
2026-08-03T02:00,15952,12468,3484,
2026-08-03T03:00,15788,12390,3398,
2026-08-03T04:00,15536,12225,3311,
2026-08-03T05:00,15205,11971,3234,
2026-08-03T06:00,14686,11392,3294,
2026-08-03T07:00,14638,11599,3039,
2026-08-03T08:00,14854,11823,3031,
2026-08-03T09:00,15020,12016,3004,
2026-08-03T10:00,15085,12429,2656,
2026-08-03T11:00,14944,12870,2074,
2026-08-03T12:00,15731,13015,2716,Day Peak
2026-08-03T13:00,15833,13210,2623,
2026-08-03T14:00,15828,13416,2412,
2026-08-03T15:00,15940,13363,2577,
2026-08-03T16:00,15691,13480,2211,
2026-08-03T17:00,15436,13324,2112,
2026-08-03T18:00,15372,13458,1914,
2026-08-03T19:00,16767,14402,2365,
2026-08-03T19:30,16951,14592,2359,
2026-08-03T20:00,16743,14649,2094,
2026-08-03T21:00,16926,14593,2333,Evening Peak
2026-08-03T22:00,16525,14672,1853,
2026-08-03T23:00,16771,14106,2665,
2026-08-04T00:00,16635,13403,3232,
2026-08-04T01:00,15876,12870,3006,
2026-08-04T02:00,15749,12950,2799,
2026-08-04T03:00,15513,12829,2684,
2026-08-04T04:00,15360,12797,2563,
2026-08-04T05:00,15199,12893,2306,
2026-08-04T06:00,14794,12711,2083,
2026-08-04T07:00,14370,12483,1887,
2026-08-04T08:00,14546,12774,1772,
2026-08-04T09:00,14702,12863,1839,
2026-08-04T10:00,14526,13300,1226,
2026-08-04T11:00,14820,13473,1347,
2026-08-04T12:00,15445,13424,2021,Day Peak
2026-08-04T13:00,15411,13568,1843,
2026-08-04T14:00,15294,13374,2020,
2026-08-04T15:00,15539,13255,2284,
2026-08-04T16:00,15190,13195,1995,
2026-08-04T17:00,14762,13254,1508,
2026-08-04T18:00,14712,13518,1194,
2026-08-04T19:00,16142,14261,1880,
2026-08-04T19:30,16368,14413,1955,
2026-08-04T20:00,16412,14484,1928,
2026-08-04T21:00,16637,14452,2185,Evening Peak
2026-08-04T22:00,16253,14444,1809,
2026-08-04T23:00,16257,14296,1961,
2026-08-05T00:00,16036,13105,2931,
2026-08-05T01:00,15593,12623,2970,
2026-08-05T02:00,15410,12533,2877,
2026-08-05T03:00,15184,12438,2746,
2026-08-05T04:00,15049,12384,1665,
2026-08-05T05:00,14825,12221,2604,
2026-08-05T06:00,14024,12120,1904,
2026-08-05T07:00,13189,12260,929,
2026-08-05T08:00,12689,12270,419,
2026-08-05T09:00,12246,11987,259,
2026-08-05T10:00,12042,11922,120,
2026-08-05T11:00,12241,12122,119,
2026-08-05T12:00,12603,12508,95,Day Peak
2026-08-05T13:00,12706,12706,0,
2026-08-05T14:00,12397,12397,0,
2026-08-05T15:00,12197,12197,0,
2026-08-05T16:00,11671,11671,0,
2026-08-05T17:00,11600,11600,0,
2026-08-05T18:00,11700,11700,0,
2026-08-05T19:00,13260,13250,10,
2026-08-05T19:30,13930,13920,10,
2026-08-05T20:00,13810,13810,0,
2026-08-05T21:00,14094,14094,0,Evening Peak
2026-08-05T22:00,14013,14013,0,
2026-08-05T23:00,13996,13996,0,
2026-08-06T00:00,13755,13654,101,
2026-08-06T01:00,13348,13303,45,
2026-08-06T02:00,12909,12873,36,
2026-08-06T03:00,12508,12508,0,
2026-08-06T04:00,12182,12182,0,
2026-08-06T05:00,11917,11917,0,
2026-08-06T06:00,11781,11781,0,
2026-08-06T07:00,12007,12007,0,
2026-08-06T08:00,12271,12271,0,
2026-08-06T09:00,12553,12553,0,
2026-08-06T10:00,13046,12998,48,
2026-08-06T11:00,13111,13020,91,
2026-08-06T12:00,13840,13639,201,Day Peak
2026-08-06T13:00,14099,13774,325,
2026-08-06T14:00,13859,13601,258,
2026-08-06T15:00,13865,13726,139,
2026-08-06T16:00,13463,13361,102,
2026-08-06T17:00,13126,13081,45,
2026-08-06T18:00,12952,12952,0,
2026-08-06T19:00,14836,13755,1081,
2026-08-06T19:30,15074,13903,1171,
2026-08-06T20:00,15051,14202,849,
2026-08-06T21:00,15585,14180,1405,Evening Peak
2026-08-06T22:00,15187,14168,1019,
2026-08-06T23:00,15156,13681,1475,
2026-08-07T00:00,15088,13061,2027,
2026-08-07T01:00,14533,12646,1887,
2026-08-07T02:00,14329,12542,1787,
2026-08-07T03:00,14120,12381,1739,
2026-08-07T04:00,13884,12217,1667,
2026-08-07T05:00,13338,12090,1248,
2026-08-07T06:00,12566,11937,629,
2026-08-07T07:00,12087,11419,668,
2026-08-07T08:00,11656,11450,206,
2026-08-07T09:00,11318,11182,136,
2026-08-07T10:00,11362,11336,26,
2026-08-07T11:00,11429,11429,0,
2026-08-07T12:00,12141,12102,39,Day Peak
2026-08-07T13:00,13146,12634,512,
2026-08-07T14:00,12372,12179,193,
2026-08-07T15:00,12401,12153,248,
2026-08-07T16:00,12047,11922,125,
2026-08-07T17:00,11569,11488,81,
2026-08-07T18:00,11525,11449,76,
2026-08-07T19:00,13142,12812,330,
2026-08-07T19:30,14223,13752,471,
2026-08-07T20:00,14589,13692,897,
2026-08-07T21:00,14959,13917,1042,Evening Peak
2026-08-07T22:00,14960,13966,994,
2026-08-07T23:00,15022,13538,1484,
2026-08-08T00:00,15208,12838,2370,
2026-08-08T01:00,14805,12173,2632,
2026-08-08T02:00,14764,12233,2531,
2026-08-08T03:00,14437,12005,2432,
2026-08-08T04:00,14164,11984,2180,
2026-08-08T05:00,14072,12051,2021,
2026-08-08T06:00,13582,11848,1734,
2026-08-08T07:00,13406,11840,1566,
2026-08-08T08:00,13604,12174,1430,
2026-08-08T09:00,13739,12234,1505,
2026-08-08T10:00,13615,12704,911,
2026-08-08T11:00,14067,12795,1272,
2026-08-08T12:00,14574,12764,1810,Day Peak
2026-08-08T13:00,14902,12899,2003,
2026-08-08T14:00,14884,12757,2127,
2026-08-08T15:00,15377,12419,2958,
2026-08-08T16:00,14976,12198,2778,
2026-08-08T17:00,14896,12362,2534,
2026-08-08T18:00,14744,12534,2210,
2026-08-08T19:00,16057,13460,2597,
2026-08-08T19:30,16458,13777,2681,
2026-08-08T20:00,16224,14255,1969,
2026-08-08T21:00,16879,14224,2655,Evening Peak
2026-08-08T22:00,16317,13875,2442,
2026-08-08T23:00,16282,13404,2878,
2026-08-09T00:00,16446,12838,3604,
2026-08-09T01:00,15850,12345,3505,
2026-08-09T02:00,15683,12276,3407,
2026-08-09T03:00,15473,12158,3315,
2026-08-09T04:00,15335,12103,3232,
2026-08-09T05:00,15385,12245,3140,
2026-08-09T06:00,14918,11990,2928,
2026-08-09T07:00,14738,12002,2736,
2026-08-09T08:00,14805,12010,2795,
2026-08-09T09:00,15085,12239,2846,
2026-08-09T10:00,15351,12504,2847,
2026-08-09T11:00,15474,12610,2864,
2026-08-09T12:00,15735,12423,3312,Day Peak
2026-08-09T13:00,15720,12579,3141,
2026-08-09T14:00,15962,12829,3133,
2026-08-09T15:00,16059,12388,3671,
2026-08-09T16:00,16028,12665,3363,
2026-08-09T17:00,15751,12784,2967,
2026-08-09T18:00,15618,13143,2475,
2026-08-09T19:00,16792,14174,2618,
2026-08-09T19:30,16998,14561,2437,
2026-08-09T20:00,16935,14213,2722,Evening Peak
2026-08-09T21:00,16862,14597,2265,
2026-08-09T22:00,16645,14367,2278,
2026-08-09T23:00,16603,14011,2592,
2026-08-10T00:00,16641,12985,3656,
2026-08-10T01:00,16262,12505,3757,
2026-08-10T02:00,16115,12364,3751,
2026-08-10T03:00,16071,12432,3639,
2026-08-10T04:00,15743,12280,3463,
2026-08-10T05:00,15651,12279,3372,
2026-08-10T06:00,15188,12272,2916,
2026-08-10T07:00,14945,12246,2703,
2026-08-10T08:00,14980,12506,2474,
2026-08-10T09:00,15165,12828,2337,
2026-08-10T10:00,15566,13093,2473,
2026-08-10T11:00,15813,13234,2579,
2026-08-10T12:00,16293,13361,2932,Day Peak
2026-08-10T13:00,16224,13683,2541,
2026-08-10T14:00,16118,13505,2613,
2026-08-10T15:00,16617,13209,3408,
2026-08-10T16:00,16433,13240,3193,
2026-08-10T17:00,16381,13258,3123,
2026-08-10T18:00,16219,13642,2577,
2026-08-10T19:00,17196,14597,2599,
2026-08-10T19:30,17034,14996,2038,
2026-08-10T20:00,16950,14951,1999,
2026-08-10T21:00,17596,14904,2692,Evening Peak
2026-08-10T22:00,16797,14580,2217,
2026-08-10T23:00,16698,14227,2471,
2026-08-11T00:00,16983,13446,3537,
2026-08-11T01:00,15827,13137,2690,
2026-08-11T02:00,15561,13087,2474,
2026-08-11T03:00,15127,12884,2243,
2026-08-11T04:00,14767,12940,1827,
2026-08-11T05:00,14010,12787,1223,
2026-08-11T06:00,13610,12573,1037,
2026-08-11T07:00,13907,12766,1141,
2026-08-11T08:00,13880,12780,1100,
2026-08-11T09:00,14716,12898,1818,
2026-08-11T10:00,15184,13080,2104,
2026-08-11T11:00,15656,13284,2372,
2026-08-11T12:00,16443,13387,3056,Day Peak
2026-08-11T13:00,16176,13507,2669,
2026-08-11T14:00,16192,13380,2812,
2026-08-11T15:00,16754,13289,3465,
2026-08-11T16:00,16390,13120,3270,
2026-08-11T17:00,16370,13315,3055,
2026-08-11T18:00,16067,13568,2499,
2026-08-11T19:00,17317,14640,2677,
2026-08-11T19:30,17264,14775,2489,
2026-08-11T20:00,17446,14926,2520,
2026-08-11T21:00,18043,15036,3007,Evening Peak
2026-08-11T22:00,17324,15109,2215,
2026-08-11T23:00,17245,14550,2695,
2026-08-12T00:00,17523,13931,3592,
2026-08-12T01:00,16571,13377,3194,
2026-08-12T02:00,16346,13230,3116,
2026-08-12T03:00,15913,12857,3056,
2026-08-12T04:00,15969,13018,2951,
2026-08-12T05:00,15614,12741,2873,
2026-08-12T06:00,15385,12759,2626,
2026-08-12T07:00,15064,12745,2319,
2026-08-12T08:00,15258,12935,2323,
2026-08-12T09:00,15551,12962,2589,
2026-08-12T10:00,15795,13285,2510,
2026-08-12T11:00,15745,13845,1900,
2026-08-12T12:00,16594,13906,2688,Day Peak
2026-08-12T13:00,16400,13962,2438,
2026-08-12T14:00,16463,13999,2464,
2026-08-12T15:00,17237,13855,3382,
2026-08-12T16:00,16245,13528,2717,
2026-08-12T17:00,16236,13572,2664,
2026-08-12T18:00,15241,13920,1321,
2026-08-12T19:00,17101,14679,2422,
2026-08-12T19:30,17276,14828,2448,
2026-08-12T20:00,16951,15010,1941,
2026-08-12T21:00,17838,15300,2538,Evening Peak
2026-08-12T22:00,16765,15597,1168,
2026-08-12T23:00,16761,15422,1339,
2026-08-13T00:00,17280,14950,2330,
2026-08-13T01:00,16287,13876,2411,
2026-08-13T02:00,16267,13630,2637,
2026-08-13T03:00,15973,13475,2498,
2026-08-13T04:00,15462,13437,2025,
2026-08-13T05:00,15309,13519,1790,
2026-08-13T06:00,14945,13445,1500,
2026-08-13T07:00,14558,13463,1095,
2026-08-13T08:00,14403,13694,709,
2026-08-13T09:00,14102,13577,525,
2026-08-13T10:00,14471,14000,471,
2026-08-13T11:00,14500,14120,380,
2026-08-13T12:00,14887,14477,410,Day Peak
2026-08-13T13:00,15016,14558,458,
2026-08-13T14:00,14936,14565,371,
2026-08-13T15:00,14838,14461,377,
2026-08-13T16:00,14572,14377,195,
2026-08-13T17:00,14539,14257,282,
2026-08-13T18:00,14419,14043,376,
2026-08-13T19:00,16320,15226,1094,
2026-08-13T19:30,16456,15521,935,Evening Peak
2026-08-13T20:00,16174,15636,538,
2026-08-13T21:00,16245,15642,603,
2026-08-13T22:00,16182,15520,662,
2026-08-13T23:00,16213,15559,654,
2026-08-14T00:00,16414,14941,1473,
2026-08-14T01:00,15924,14280,1644,
2026-08-14T02:00,15719,13910,1809,
2026-08-14T03:00,15483,13710,1773,
2026-08-14T04:00,15131,13403,1728,
2026-08-14T05:00,14899,13309,1590,
2026-08-14T06:00,13740,13131,609,
2026-08-14T07:00,13388,13084,304,
2026-08-14T08:00,13021,12836,185,
2026-08-14T09:00,12997,12828,169,
2026-08-14T10:00,12872,12872,0,
2026-08-14T11:00,13335,13335,0,
2026-08-14T12:00,13760,13760,0,Day Peak
2026-08-14T13:00,14466,14414,52,
2026-08-14T14:00,13872,13850,22,
2026-08-14T15:00,14068,14068,0,
2026-08-14T16:00,13574,13526,48,
2026-08-14T17:00,13336,13288,48,
2026-08-14T18:00,12820,12800,20,
2026-08-14T19:00,15023,14750,273,
2026-08-14T19:30,15677,15491,186,
2026-08-14T20:00,15673,15462,211,
2026-08-14T21:00,15746,15350,396,Evening Peak
2026-08-14T22:00,15951,15540,411,
2026-08-14T23:00,16302,14806,1496,
2026-08-15T00:00,15821,13818,2003,
2026-08-15T01:00,15916,13829,2087,
2026-08-15T02:00,15506,13489,2017,
2026-08-15T03:00,15399,13421,1978,
2026-08-15T04:00,15085,13187,1898,
2026-08-15T05:00,14922,13144,1778,
2026-08-15T06:00,14372,13118,1254,
2026-08-15T07:00,14226,13168,1058,
2026-08-15T08:00,14243,13237,971,
2026-08-15T09:00,14239,13265,974,
2026-08-15T10:00,14104,13823,281,
2026-08-15T11:00,14500,14333,167,
2026-08-15T12:00,15054,14447,607,Day Peak
2026-08-15T13:00,15270,14142,1128,
2026-08-15T14:00,15377,14056,1321,
2026-08-15T15:00,15847,14231,1616,
2026-08-15T16:00,15674,14300,1374,
2026-08-15T17:00,15107,14337,770,
2026-08-15T18:00,14592,14150,442,
2026-08-15T19:00,16577,15150,1427,
2026-08-15T19:30,16930,15328,1602,
2026-08-15T20:00,16885,15550,1335,
2026-08-15T21:00,16933,15380,1553,Evening Peak
2026-08-15T22:00,16513,15544,969,
2026-08-15T23:00,16540,15595,945,
2026-08-16T00:00,16760,15145,1615,
2026-08-16T01:00,16340,14748,1592,
2026-08-16T02:00,15862,14313,1549,
2026-08-16T03:00,15630,14260,1370,
2026-08-16T04:00,15218,14209,1009,
2026-08-16T05:00,14827,14184,643,
2026-08-16T06:00,14155,13670,485,
2026-08-16T07:00,14139,13670,469,
2026-08-16T08:00,14201,13711,490,
2026-08-16T09:00,14261,13787,474,
2026-08-16T10:00,14210,13720,490,
2026-08-16T11:00,14502,14110,392,
2026-08-16T12:00,15043,14325,718,Day Peak
2026-08-16T13:00,14992,14390,602,
2026-08-16T14:00,14776,14224,552,
2026-08-16T15:00,15002,14183,819,
2026-08-16T16:00,14738,14035,703,
2026-08-16T17:00,14315,13950,365,
2026-08-16T18:00,14301,13928,373,
2026-08-16T19:00,16183,14825,1358,
2026-08-16T19:30,16195,14958,1237,
2026-08-16T20:00,15705,15265,440,
2026-08-16T21:00,15951,15322,629,Evening Peak
2026-08-16T22:00,15915,15418,497,
2026-08-16T23:00,15882,15395,487,
2026-08-17T00:00,15597,14962,635,
2026-08-17T01:00,15276,14474,802,
2026-08-17T02:00,14977,14375,602,
2026-08-17T03:00,14419,14070,349,
2026-08-17T04:00,14148,13826,322,
2026-08-17T05:00,13822,13520,302,
2026-08-17T06:00,13491,13194,297,
2026-08-17T07:00,13348,13045,303,
2026-08-17T08:00,13386,13128,258,
2026-08-17T09:00,13650,13151,499,
2026-08-17T10:00,13988,13462,526,
2026-08-17T11:00,13952,13854,98,
2026-08-17T12:00,14810,13917,893,Day Peak
2026-08-17T13:00,14427,13880,547,
2026-08-17T14:00,14088,13998,90,
2026-08-17T15:00,14090,13971,119,
2026-08-17T16:00,13665,13607,58,
2026-08-17T17:00,13583,13510,73,
2026-08-17T18:00,13755,13727,28,
2026-08-17T19:00,15436,15254,182,
2026-08-17T19:30,15714,15412,302,Evening Peak
2026-08-17T20:00,15384,15215,169,
2026-08-17T21:00,15340,15138,202,
2026-08-17T22:00,15256,15033,223,
2026-08-17T23:00,15262,14994,268,
2026-08-18T00:00,15065,14757,308,
2026-08-18T01:00,14724,14332,392,
2026-08-18T02:00,14329,13962,367,
2026-08-18T03:00,13890,13550,340,
2026-08-18T04:00,13443,13167,276,
2026-08-18T05:00,13184,12911,273,
2026-08-18T06:00,12912,12653,259,
2026-08-18T07:00,13075,12745,330,
2026-08-18T08:00,13290,12901,389,
2026-08-18T09:00,13580,13204,376,
2026-08-18T10:00,13592,13296,296,
2026-08-18T11:00,13911,13700,211,
2026-08-18T12:00,14508,14338,170,Day Peak
2026-08-18T13:00,14562,14336,226,
2026-08-18T14:00,14415,14283,132,
2026-08-18T15:00,14615,14431,184,
2026-08-18T16:00,14155,13957,198,
2026-08-18T17:00,14163,13915,248,
2026-08-18T18:00,13947,13697,250,
2026-08-18T19:00,15727,15282,445,
2026-08-18T19:30,16085,15556,529,Evening Peak
2026-08-18T20:00,15823,15528,295,
2026-08-18T21:00,15873,15539,334,
2026-08-18T22:00,15769,15371,398,
2026-08-18T23:00,15686,15274,412,
2026-08-19T00:00,15551,15079,472,
2026-08-19T01:00,15192,14764,428,
2026-08-19T02:00,14766,14340,426,
2026-08-19T03:00,14415,14009,406,
2026-08-19T04:00,13991,13648,343,
2026-08-19T05:00,13781,13448,333,
2026-08-19T06:00,13540,13242,298,
2026-08-19T07:00,13591,13330,261,
2026-08-19T08:00,13800,13443,357,
2026-08-19T09:00,13864,13535,329,
2026-08-19T10:00,14017,13900,117,Day Peak
2026-08-19T11:00,13873,13750,123,
2026-08-19T12:00,14412,13849,563,
2026-08-19T13:00,15233,14042,1191,
2026-08-19T14:00,15206,14139,1067,
2026-08-19T15:00,15668,13834,1834,
2026-08-19T16:00,15479,13702,1777,
2026-08-19T17:00,15504,13700,1804,
2026-08-19T18:00,15234,13800,1434,
2026-08-19T19:00,17345,14815,2530,
2026-08-19T19:30,17181,14734,2447,
2026-08-19T20:00,16783,14900,1883,
2026-08-19T21:00,16908,14642,2266,Evening Peak
2026-08-19T22:00,16913,15676,1237,
2026-08-19T23:00,17003,15824,1179,
2026-08-20T00:00,16929,15791,1138,
2026-08-20T01:00,16210,15298,912,
2026-08-20T02:00,15688,14992,696,
2026-08-20T03:00,15242,14762,480,
2026-08-20T04:00,14739,14448,291,
2026-08-20T05:00,14495,14223,272,
2026-08-20T06:00,14100,13840,260,
2026-08-20T07:00,14174,13882,292,
2026-08-20T08:00,14295,13973,322,
2026-08-20T09:00,14372,14100,272,
2026-08-20T10:00,14529,14350,179,
2026-08-20T11:00,14858,14550,308,
2026-08-20T12:00,15421,14769,652,Day Peak
2026-08-20T13:00,15907,14537,1370,
2026-08-20T14:00,15788,14650,1138,
2026-08-20T15:00,16103,14329,1774,
2026-08-20T16:00,15797,14398,1399,
2026-08-20T17:00,15679,14382,1297,
2026-08-20T18:00,15308,14350,958,
2026-08-20T19:00,17136,15573,1563,
2026-08-20T19:30,17326,15548,1778,
2026-08-20T20:00,17199,15601,1598,
2026-08-20T21:00,16955,15366,1589,Evening Peak
2026-08-20T22:00,16928,15191,1737,
2026-08-20T23:00,16907,15701,1206,
2026-08-21T00:00,17074,15625,1449,
2026-08-21T01:00,16439,15044,1395,
2026-08-21T02:00,16263,14909,1354,
2026-08-21T03:00,15773,14658,1115,
2026-08-21T04:00,15402,14446,956,
2026-08-21T05:00,15220,13571,1649,
2026-08-21T06:00,14540,13209,1331,
2026-08-21T07:00,13999,13468,531,
2026-08-21T08:00,13748,13367,381,
2026-08-21T09:00,13625,13260,365,
2026-08-21T10:00,13576,13310,266,
2026-08-21T11:00,13680,13520,160,
2026-08-21T12:00,14324,14094,230,Day Peak
2026-08-21T13:00,14840,14667,173,
2026-08-21T14:00,14286,14136,150,
2026-08-21T15:00,14294,14163,131,
2026-08-21T16:00,13948,13798,150,
2026-08-21T17:00,13493,13396,97,
2026-08-21T18:00,13369,13255,114,
2026-08-21T19:00,15623,15380,243,
2026-08-21T19:30,16109,15766,343,
2026-08-21T20:00,16159,15721,438,
2026-08-21T21:00,16107,15567,540,Evening Peak
2026-08-21T22:00,16669,15613,1056,
2026-08-21T23:00,16696,15165,1531,
2026-08-22T00:00,17033,14958,2075,
2026-08-22T01:00,16334,14216,2118,
2026-08-22T02:00,16015,13916,2099,
2026-08-22T03:00,15898,13863,2035,
2026-08-22T04:00,15803,13892,1911,
2026-08-22T05:00,15307,13904,1403,
2026-08-22T06:00,14616,13860,756,
2026-08-22T07:00,14389,13884,505,
2026-08-22T08:00,14341,14018,323,
2026-08-22T09:00,14408,14161,247,
2026-08-22T10:00,14380,14278,102,
2026-08-22T11:00,14500,14389,111,
2026-08-22T12:00,15112,14738,374,Day Peak
2026-08-22T13:00,15429,14643,786,
2026-08-22T14:00,15297,14630,667,
2026-08-22T15:00,15934,14043,1891,
2026-08-22T16:00,16024,14089,1935,
2026-08-22T17:00,16157,14273,1884,
2026-08-22T18:00,15551,14760,791,
2026-08-22T19:00,17441,15957,1484,
2026-08-22T19:30,17538,15902,1636,
2026-08-22T20:00,17816,15701,2115,Evening Peak
2026-08-22T21:00,17376,15825,1551,
2026-08-22T22:00,17269,15877,1392,
2026-08-22T23:00,17057,15874,1183,
2026-08-23T00:00,17499,15184,2315,
2026-08-23T01:00,16450,15017,1433,
2026-08-23T02:00,16221,14911,1310,
2026-08-23T03:00,15666,14809,857,
2026-08-23T04:00,15261,14665,596,
2026-08-23T05:00,14967,14406,561,
2026-08-23T06:00,14567,14171,396,
2026-08-23T07:00,14443,14168,275,
2026-08-23T08:00,14429,14169,260,
2026-08-23T09:00,14431,14116,315,
2026-08-23T10:00,14701,14200,501,
2026-08-23T11:00,15023,14498,525,
2026-08-23T12:00,15551,14781,770,Day Peak
2026-08-23T13:00,15786,15010,776,
2026-08-23T14:00,15619,14983,636,
2026-08-23T15:00,16031,14807,1224,
2026-08-23T16:00,15931,14749,1182,
2026-08-23T17:00,15908,14714,1194,
2026-08-23T18:00,15121,14685,436,
2026-08-23T19:00,17427,15763,1664,
2026-08-23T19:30,17065,16064,1001,
2026-08-23T20:00,17305,16392,913,Evening Peak
2026-08-23T21:00,16662,16012,650,
2026-08-23T22:00,16729,16071,658,
2026-08-23T23:00,16720,15929,791,
2026-08-24T00:00,16954,15853,1101,
2026-08-24T01:00,16375,14925,1450,
2026-08-24T02:00,16000,14765,1235,
2026-08-24T03:00,15792,14599,1193,
2026-08-24T04:00,15377,14299,1078,
2026-08-24T05:00,14839,14229,610,
2026-08-24T06:00,14376,13975,401,
2026-08-24T07:00,14251,13868,383,
2026-08-24T08:00,13933,13557,376,
2026-08-24T09:00,14208,13866,342,
2026-08-24T10:00,14368,14131,237,
2026-08-24T11:00,14568,14150,418,
2026-08-24T12:00,15104,14335,769,Day Peak
2026-08-24T13:00,15308,14565,743,
2026-08-24T14:00,14652,14200,452,
2026-08-24T15:00,15396,13823,1573,
2026-08-24T16:00,14936,13844,1092,
2026-08-24T17:00,14796,14123,673,
2026-08-24T18:00,14717,14450,267,
2026-08-24T19:00,16457,15880,577,
2026-08-24T19:30,16867,15955,912,Evening Peak
2026-08-24T20:00,16532,15894,638,
2026-08-24T21:00,16594,15887,707,
2026-08-24T22:00,16587,15865,722,
2026-08-24T23:00,16563,15494,1069,
2026-08-25T00:00,16851,15113,1738,
2026-08-25T01:00,16200,14512,1688,
2026-08-25T02:00,15996,14369,1627,
2026-08-25T03:00,15765,14354,1411,
2026-08-25T04:00,15012,14186,826,
2026-08-25T05:00,14589,14209,380,
2026-08-25T06:00,14208,13853,355,
2026-08-25T07:00,14213,13883,330,
2026-08-25T08:00,14277,14027,250,
2026-08-25T09:00,14485,14181,304,
2026-08-25T10:00,14746,14502,244,
2026-08-25T11:00,15151,14753,398,
2026-08-25T12:00,15660,14635,1025,Day Peak
2026-08-25T13:00,15851,14317,1480,
2026-08-25T14:00,15477,13982,1495,
2026-08-25T15:00,16176,13917,2259,
2026-08-25T16:00,15693,13816,1877,
2026-08-25T17:00,15872,13795,2077,
2026-08-25T18:00,15465,14180,1285,
2026-08-25T19:00,16962,15348,1614,
2026-08-25T19:30,17085,15458,1627,
2026-08-25T20:00,17200,15607,1593,
2026-08-25T21:00,17172,15364,1808,Evening Peak
2026-08-25T22:00,16777,15596,1181,
2026-08-25T23:00,16897,15637,1260,
2026-08-26T00:00,16603,14907,1696,
2026-08-26T01:00,16453,14507,1946,
2026-08-26T02:00,16397,14416,1981,
2026-08-26T03:00,16020,14067,1953,
2026-08-26T04:00,15724,13832,1892,
2026-08-26T05:00,15491,13725,1766,
2026-08-26T06:00,15211,13600,1611,
2026-08-26T07:00,14728,13529,1199,
2026-08-26T08:00,13888,13654,234,
2026-08-26T09:00,13853,13661,192,
2026-08-26T10:00,13785,13710,75,
2026-08-26T11:00,13900,13840,60,
2026-08-26T12:00,14778,14108,670,Day Peak
2026-08-26T13:00,14906,13995,911,
2026-08-26T14:00,15097,13969,1128,
2026-08-26T15:00,15352,13601,1751,
2026-08-26T16:00,15164,13625,1539,
2026-08-26T17:00,14951,13610,1341,
2026-08-26T18:00,14618,13720,898,
2026-08-26T19:00,16788,15099,1689,
2026-08-26T19:30,16533,15285,1248,
2026-08-26T20:00,16812,15338,1474,Evening Peak
2026-08-26T21:00,16815,15267,1548,
2026-08-26T22:00,16874,15162,1712,
2026-08-26T23:00,16973,14994,1979,
2026-08-27T00:00,16836,14008,2828,
2026-08-27T01:00,16246,13700,2546,
2026-08-27T02:00,16109,13600,2509,
2026-08-27T03:00,15990,13613,2377,
2026-08-27T04:00,15793,13553,2240,
2026-08-27T05:00,15576,13494,2082,
2026-08-27T06:00,15347,13405,1942,
2026-08-27T07:00,15015,13220,1795,
2026-08-27T08:00,15347,13595,1752,
2026-08-27T09:00,15451,13708,1743,
2026-08-27T10:00,15846,13945,1901,
2026-08-27T11:00,16057,13945,2112,
2026-08-27T12:00,16323,13797,2526,Day Peak
2026-08-27T13:00,16398,13813,2585,
2026-08-27T14:00,16314,13965,2349,
2026-08-27T15:00,16946,13282,3664,
2026-08-27T16:00,16615,13534,3081,
2026-08-27T17:00,16634,13856,2778,
2026-08-27T18:00,16362,13951,2411,
2026-08-27T19:00,17782,14931,2851,
2026-08-27T19:30,17365,15000,2365,
2026-08-27T20:00,17444,15413,2031,
2026-08-27T21:00,17795,14862,2933,Evening Peak
2026-08-27T22:00,17604,15363,2241,
2026-08-27T23:00,17008,14717,2291,
2026-08-28T00:00,17394,14263,3131,
2026-08-28T01:00,17171,13927,3244,
2026-08-28T02:00,17053,13987,3066,
2026-08-28T03:00,16526,13436,3090,
2026-08-28T04:00,16308,13393,2915,
2026-08-28T05:00,15950,13110,2840,
2026-08-28T06:00,15658,13022,2636,
2026-08-28T07:00,15248,12999,2249,
2026-08-28T08:00,14910,12914,1996,
2026-08-28T09:00,14264,12868,1396,
2026-08-28T10:00,14492,13286,1206,
2026-08-28T11:00,14635,13292,1343,
2026-08-28T12:00,14890,13450,1440,Day Peak
2026-08-28T13:00,15223,14171,1052,
2026-08-28T14:00,14744,13682,1062,
2026-08-28T15:00,14684,13201,1483,
2026-08-28T16:00,14542,13504,1038,
2026-08-28T17:00,14242,13319,923,
2026-08-28T18:00,13808,13422,386,
2026-08-28T19:00,15946,14660,1286,
2026-08-28T19:30,16066,14834,1232,
2026-08-28T20:00,16094,15350,744,
2026-08-28T21:00,16318,14897,1421,Evening Peak
2026-08-28T22:00,16358,14863,1495,
2026-08-28T23:00,16508,14754,1754,
2026-08-29T00:00,16634,13842,2792,
2026-08-29T01:00,16256,13680,2576,
2026-08-29T02:00,15895,13409,2486,
2026-08-29T03:00,15787,13340,2447,
2026-08-29T04:00,15463,13012,2451,
2026-08-29T05:00,15408,13049,2359,
2026-08-29T06:00,14905,12746,2159,
2026-08-29T07:00,14863,12954,1909,
2026-08-29T08:00,14982,13127,1855,
2026-08-29T09:00,14868,13157,1711,
2026-08-29T10:00,14806,13428,1378,Day Peak
2026-08-29T11:00,15264,13500,1764,
2026-08-29T12:00,15629,13125,2504,
2026-08-29T13:00,15983,13720,2263,
2026-08-29T14:00,15857,13610,2247,
2026-08-29T15:00,16322,12710,3612,
2026-08-29T16:00,16442,13035,3407,
2026-08-29T17:00,16469,12952,3517,
2026-08-29T18:00,16389,13362,3027,
2026-08-29T19:00,17541,14531,3010,
2026-08-29T19:30,17551,15019,2532,
2026-08-29T20:00,17742,14800,2942,Evening Peak
2026-08-29T21:00,17542,14974,2568,
2026-08-29T22:00,17673,14811,2862,
2026-08-29T23:00,17564,14618,2946,
2026-08-30T00:00,17507,13829,3678,
2026-08-30T01:00,17015,13665,3350,
2026-08-30T02:00,16763,13441,3322,
2026-08-30T03:00,16588,13421,3167,
2026-08-30T04:00,16477,13392,3085,
2026-08-30T05:00,16107,13224,2883,
2026-08-30T06:00,15671,13006,2665,
2026-08-30T07:00,15406,12991,2415,
2026-08-30T08:00,15642,12950,2692,
2026-08-30T09:00,15814,12878,2936,
2026-08-30T10:00,16157,13055,3102,
2026-08-30T11:00,16352,13173,3179,
2026-08-30T12:00,16278,12688,3590,Day Peak
2026-08-30T13:00,16586,13051,3535,
2026-08-30T14:00,16578,13127,3451,
2026-08-30T15:00,16360,12668,3692,
2026-08-30T16:00,16567,12928,3639,
2026-08-30T17:00,16595,13298,3297,
2026-08-30T18:00,16281,13742,2539,
2026-08-30T19:00,17405,15000,2405,
2026-08-30T19:30,17539,15138,2401,
2026-08-30T20:00,17326,15319,2007,
2026-08-30T21:00,17372,14979,2393,Evening Peak
2026-08-30T22:00,16914,14998,1916,
2026-08-30T23:00,16930,14395,2535,
2026-08-31T00:00,17075,13700,3375,
2026-08-31T01:00,16635,13294,3341,
2026-08-31T02:00,16407,13214,3193,
2026-08-31T03:00,16046,13232,2814,
2026-08-31T04:00,15953,13256,2697,
2026-08-31T05:00,15658,13101,2557,
2026-08-31T06:00,15238,12943,2295,
2026-08-31T07:00,14653,12674,1979,
2026-08-31T08:00,14581,12704,1877,
2026-08-31T09:00,14992,13025,1967,
2026-08-31T10:00,15298,13348,1950,
2026-08-31T11:00,15933,13468,2465,Day Peak
2026-08-31T12:00,16146,13045,3101,
2026-08-31T13:00,16242,13338,2904,
2026-08-31T14:00,15999,13231,2768,
2026-08-31T15:00,16386,12693,3693,
2026-08-31T16:00,16046,12851,3195,
2026-08-31T17:00,15822,12968,2854,
2026-08-31T18:00,16334,13425,2909,
2026-08-31T19:00,17306,14900,2406,
2026-08-31T19:30,17538,15018,2520,
2026-08-31T20:00,17043,15031,2012,
2026-08-31T21:00,17321,14924,2397,Evening Peak
2026-08-31T22:00,16919,15314,1605,
2026-08-31T23:00,16937,15250,1687,
2026-09-01T00:00,16826,14293,2533,
2026-09-01T01:00,16347,13971,2376,
2026-09-01T02:00,16044,13680,2364,
2026-09-01T03:00,15687,13447,2240,
2026-09-01T04:00,15338,13516,1822,
2026-09-01T05:00,15048,13439,1609,
2026-09-01T06:00,14796,13286,1510,
2026-09-01T07:00,14455,13057,1398,
2026-09-01T08:00,14555,13162,1393,
2026-09-01T09:00,14655,12998,1657,
2026-09-01T10:00,14727,13492,1235,
2026-09-01T11:00,14905,13767,1138,
2026-09-01T12:00,15401,13804,1597,Day Peak
2026-09-01T13:00,15274,13884,1390,
2026-09-01T14:00,15175,13699,1476,
2026-09-01T15:00,15254,13707,1547,
2026-09-01T16:00,14482,13610,872,
2026-09-01T17:00,14095,13620,475,
2026-09-01T18:00,14398,13875,523,
2026-09-01T19:00,15917,15078,839,
2026-09-01T19:30,16122,15396,726,Evening Peak
2026-09-01T20:00,15766,15487,279,
2026-09-01T21:00,15731,15539,192,
2026-09-01T22:00,15508,15314,194,
2026-09-01T23:00,15652,15072,580,
2026-09-02T00:00,15309,14609,700,
2026-09-02T01:00,15188,13679,1509,
2026-09-02T02:00,14991,13288,1703,
2026-09-02T03:00,14377,13112,1265,
2026-09-02T04:00,14049,13237,812,
2026-09-02T05:00,13763,13001,762,
2026-09-02T06:00,13410,12721,689,
2026-09-02T07:00,13378,12864,514,
2026-09-02T08:00,13468,12857,611,
2026-09-02T09:00,13463,13100,363,
2026-09-02T10:00,13756,13418,338,
2026-09-02T11:00,14481,13339,1142,
2026-09-02T12:00,15350,13523,1827,Day Peak
2026-09-02T13:00,15246,13459,1787,
2026-09-02T14:00,14897,13446,1451,
2026-09-02T15:00,15151,12934,2217,
2026-09-02T16:00,15330,13010,2320,
2026-09-02T17:00,15313,13167,2146,
2026-09-02T18:00,15297,13429,1868,
2026-09-02T19:00,16703,14436,2267,
2026-09-02T19:30,16616,14825,1791,
2026-09-02T20:00,16475,14957,1518,
2026-09-02T21:00,16298,14858,1440,Evening Peak
2026-09-02T22:00,16171,14997,1174,
2026-09-02T23:00,16088,14634,1454,
2026-09-03T00:00,15723,13879,1844,
2026-09-03T01:00,15624,13351,2273,
2026-09-03T02:00,15314,12899,2415,
2026-09-03T03:00,15243,12899,2344,
2026-09-03T04:00,15055,12815,2240,
2026-09-03T05:00,14771,12614,2157,
2026-09-03T06:00,14432,12667,1765,
2026-09-03T07:00,14329,12870,1459,
2026-09-03T08:00,14270,12794,1476,
2026-09-03T09:00,14211,12902,1309,
2026-09-03T10:00,14652,13116,1536,
2026-09-03T11:00,14818,13646,1172,
2026-09-03T12:00,14937,13734,1203,Day Peak
2026-09-03T13:00,15262,13805,1457,
2026-09-03T14:00,15114,13721,1393,
2026-09-03T15:00,15071,12973,2098,
2026-09-03T16:00,15122,13159,1963,
2026-09-03T17:00,14950,13500,1450,
2026-09-03T18:00,14355,14000,355,
2026-09-03T19:00,16201,14834,1367,
2026-09-03T19:30,15908,15221,687,
2026-09-03T20:00,16087,15388,699,Evening Peak
2026-09-03T21:00,15572,15315,257,
2026-09-03T22:00,15609,14797,812,
2026-09-03T23:00,15648,14657,991,
2026-09-04T00:00,15583,13815,1768,
2026-09-04T01:00,15294,13072,2222,
2026-09-04T02:00,15131,12922,2209,
2026-09-04T03:00,14823,12715,2108,
2026-09-04T04:00,14639,12738,1901,
2026-09-04T05:00,14283,12516,1767,
2026-09-04T06:00,13290,12376,914,
2026-09-04T07:00,12942,12406,536,
2026-09-04T08:00,12592,12248,344,
2026-09-04T09:00,12285,12155,130,
2026-09-04T10:00,12295,12215,80,
2026-09-04T11:00,12535,12450,85,
2026-09-04T12:00,14937,13159,67,Day Peak
2026-09-04T13:00,13847,13460,387,
2026-09-04T14:00,12948,12868,80,
2026-09-04T15:00,13060,13040,20,
2026-09-04T16:00,12415,12415,0,
2026-09-04T17:00,12206,12206,0,
2026-09-04T18:00,12280,12280,0,
2026-09-04T19:00,14290,14200,90,
2026-09-04T19:30,14535,14450,85,
2026-09-04T20:00,14952,14738,214,Evening Peak
2026-09-04T21:00,14968,14584,384,
2026-09-04T22:00,15025,14346,679,
2026-09-04T23:00,15303,14540,763,
2026-09-05T00:00,15167,13476,1691,
2026-09-05T01:00,15011,13317,1694,
2026-09-05T02:00,14610,13005,1605,
2026-09-05T03:00,14592,13023,1569,
2026-09-05T04:00,14185,12746,1439,
2026-09-05T05:00,14066,12750,1316,
2026-09-05T06:00,13360,12780,580,
2026-09-05T07:00,13141,13015,126,
2026-09-05T08:00,13274,13180,94,
2026-09-05T09:00,13360,13247,113,
2026-09-05T10:00,13327,13305,22,
2026-09-05T11:00,13591,13560,31,Day Peak
2026-09-05T12:00,14295,13409,886,
2026-09-05T13:00,14597,13417,1180,
2026-09-05T14:00,14742,13347,1395,
2026-09-05T15:00,15010,13124,1886,
2026-09-05T16:00,14989,13264,1725,
2026-09-05T17:00,14553,13422,1131,
2026-09-05T18:00,14501,13727,774,
2026-09-05T19:00,16601,14574,2027,
2026-09-05T19:30,16806,14604,2202,
2026-09-05T20:00,16599,14588,2011,
2026-09-05T21:00,16619,14361,2258,Evening Peak
2026-09-05T22:00,16667,14787,1880,
2026-09-05T23:00,16554,14837,1717,
2026-09-06T00:00,16052,14062,1990,
2026-09-06T01:00,15790,13668,2122,
2026-09-06T02:00,15518,13534,1984,
2026-09-06T03:00,15287,13406,1881,
2026-09-06T04:00,14505,13263,1242,
2026-09-06T05:00,13687,13359,328,
2026-09-06T06:00,13437,13122,315,
2026-09-06T07:00,13343,13141,202,
2026-09-06T08:00,13344,13122,222,
2026-09-06T09:00,13324,13244,80,
2026-09-06T10:00,13572,13546,26,
2026-09-06T11:00,13538,13512,26,
2026-09-06T12:00,14497,13732,765,Day Peak
2026-09-06T13:00,14672,13462,1210,
2026-09-06T14:00,14810,13488,1322,
2026-09-06T15:00,14949,13293,1656,
2026-09-06T16:00,14523,13520,1003,
2026-09-06T17:00,14698,13726,972,
2026-09-06T18:00,14576,13910,666,
2026-09-06T19:00,16202,14596,1606,
2026-09-06T19:30,16503,14675,1828,
2026-09-06T20:00,16439,14673,1766,
2026-09-06T21:00,16700,14565,2135,Evening Peak
2026-09-06T22:00,16317,14723,1594,
2026-09-06T23:00,16286,14422,1864,
2026-09-07T00:00,15996,13552,2444,
2026-09-07T01:00,15739,13105,2666,
2026-09-07T02:00,15754,13080,2674,
2026-09-07T03:00,15471,12938,2533,
2026-09-07T04:00,15047,12750,2297,
2026-09-07T05:00,14808,12790,2018,
2026-09-07T06:00,14355,12337,2018,
2026-09-07T07:00,14411,12534,1877,
2026-09-07T08:00,14496,12757,1739,
2026-09-07T09:00,14613,13225,1388,
2026-09-07T10:00,14734,13396,1338,
2026-09-07T11:00,15124,13388,1736,
2026-09-07T12:00,15463,13247,2216,Day Peak
2026-09-07T13:00,15661,13293,2368,
2026-09-07T14:00,15700,13239,2461,
2026-09-07T15:00,16045,12829,3216,
2026-09-07T16:00,15832,13299,2533,
2026-09-07T17:00,15766,13246,2520,
2026-09-07T18:00,15764,13593,2171,
2026-09-07T19:00,16935,14356,2579,
2026-09-07T19:30,16810,14656,2154,
2026-09-07T20:00,16892,14868,2024,
2026-09-07T21:00,16683,14573,2110,Evening Peak
2026-09-07T22:00,16688,14618,2070,
2026-09-07T23:00,16765,14701,2064,
2026-09-08T00:00,16529,13925,2604,
2026-09-08T01:00,16238,13459,2779,
2026-09-08T02:00,15920,13196,2724,
2026-09-08T03:00,15538,12835,2703,
2026-09-08T04:00,15488,12906,2582,
2026-09-08T05:00,15155,12681,2474,
2026-09-08T06:00,14973,12682,2291,
2026-09-08T07:00,14848,12654,2194,
2026-09-08T08:00,15049,13024,2025,
2026-09-08T09:00,15280,13219,2061,
2026-09-08T10:00,15540,13409,2131,
2026-09-08T11:00,15602,13829,1773,
2026-09-08T12:00,16076,13567,2509,Day Peak
2026-09-08T13:00,16021,13732,2289,
2026-09-08T14:00,15556,13354,2202,
2026-09-08T15:00,16018,13174,2844,
2026-09-08T16:00,15786,13268,2518,
2026-09-08T17:00,15518,13697,1821,
2026-09-08T18:00,15588,13985,1603,
2026-09-08T19:00,17280,14578,2702,
2026-09-08T19:30,17068,14550,2518,
2026-09-08T20:00,16987,14816,2171,
2026-09-08T21:00,17283,14722,2561,Evening Peak
2026-09-08T22:00,16933,14972,1961,
2026-09-08T23:00,16809,15053,1756,
2026-09-09T00:00,16619,14115,2504,
2026-09-09T01:00,16447,13817,2630,
2026-09-09T02:00,16185,13654,2531,
2026-09-09T03:00,15938,13517,2421,
2026-09-09T04:00,15572,13306,2266,
2026-09-09T05:00,15635,13454,2181,
2026-09-09T06:00,15240,13227,2013,
2026-09-09T07:00,15134,13265,1869,
2026-09-09T08:00,15071,13325,1746,
2026-09-09T09:00,15040,13582,1458,
2026-09-09T10:00,14733,13834,899,
2026-09-09T11:00,14942,14030,912,
2026-09-09T12:00,15535,14088,1447,Day Peak
2026-09-09T13:00,15533,13928,1605,
2026-09-09T14:00,15216,13860,1356,
2026-09-09T15:00,15577,13634,1943,
2026-09-09T16:00,15349,13868,1481,
2026-09-09T17:00,15246,14081,1165,
2026-09-09T18:00,15348,14476,872,
2026-09-09T19:00,16786,15167,1619,
2026-09-09T19:30,16870,15316,1554,
2026-09-09T20:00,16956,15329,1627,
2026-09-09T21:00,16782,15011,1771,Evening Peak
2026-09-09T22:00,16675,15250,1425,
2026-09-09T23:00,16714,14786,1928,
2026-09-10T00:00,16499,13645,2854,
2026-09-10T01:00,16350,13311,3039,
2026-09-10T02:00,16050,13060,2990,
2026-09-10T03:00,15749,12842,2907,
2026-09-10T04:00,15398,12754,2644,
2026-09-10T05:00,15292,12786,2506,
2026-09-10T06:00,14931,12622,2309,
2026-09-10T07:00,14756,12776,1980,
2026-09-10T08:00,14789,13070,1719,
2026-09-10T09:00,15078,13466,1612,Day Peak
2026-09-10T10:00,15105,13026,2079,
2026-09-10T11:00,15605,13073,2532,
2026-09-10T12:00,16032,12927,3105,
2026-09-10T13:00,16380,13329,3051,
2026-09-10T14:00,16400,13273,3127,
2026-09-10T15:00,16345,12788,3557,
2026-09-10T16:00,16123,12773,3350,
2026-09-10T17:00,16080,13400,2680,
2026-09-10T18:00,15785,13339,2446,
2026-09-10T19:00,17167,14146,3021,
2026-09-10T19:30,17025,14300,2725,
2026-09-10T20:00,16960,14389,2571,
2026-09-10T21:00,17128,14439,2689,Evening Peak
2026-09-10T22:00,17047,14652,2395,
2026-09-10T23:00,16898,14339,2559,
2026-09-11T00:00,16745,13596,3149,
2026-09-11T01:00,16404,13423,2981,
2026-09-11T02:00,16222,13247,2975,
2026-09-11T03:00,15776,12907,2869,
2026-09-11T04:00,15750,13013,2737,
2026-09-11T05:00,15438,12791,2647,
2026-09-11T06:00,14819,12717,2102,
2026-09-11T07:00,14177,12757,1420,
2026-09-11T08:00,13720,12682,1038,
2026-09-11T09:00,13090,12556,534,
2026-09-11T10:00,13102,12617,485,
2026-09-11T11:00,13258,12755,503,
2026-09-11T12:00,13933,13429,504,Day Peak
2026-09-11T13:00,14520,14078,442,
2026-09-11T14:00,14013,13599,414,
2026-09-11T15:00,14015,13600,415,
2026-09-11T16:00,13476,13251,225,
2026-09-11T17:00,13201,12966,235,
2026-09-11T18:00,13005,12810,195,
2026-09-11T19:00,15038,14660,378,
2026-09-11T19:30,15527,15091,436,
2026-09-11T20:00,15932,15109,823,
2026-09-11T21:00,15905,14879,1026,Evening Peak
2026-09-11T22:00,16142,15120,1022,
2026-09-11T23:00,16230,14996,1234,
2026-09-12T00:00,15958,14076,1882,
2026-09-12T01:00,15944,13923,2021,
2026-09-12T02:00,15497,13906,1591,
2026-09-12T03:00,14895,13880,1015,
2026-09-12T04:00,14722,13787,935,
2026-09-12T05:00,13948,13622,326,
2026-09-12T06:00,13705,13534,171,
2026-09-12T07:00,13454,13293,161,
2026-09-12T08:00,13559,13400,159,
2026-09-12T09:00,13524,13300,224,
2026-09-12T10:00,13564,13444,120,
2026-09-12T11:00,13912,13800,112,
2026-09-12T12:00,14545,14272,273,Day Peak
2026-09-12T13:00,14851,14502,349,
2026-09-12T14:00,14745,14409,336,
2026-09-12T15:00,14928,14278,650,
2026-09-12T16:00,14608,14031,577,
2026-09-12T17:00,14615,14030,585,
2026-09-12T18:00,14700,14384,316,
2026-09-12T19:00,16871,14353,2518,
2026-09-12T19:30,16808,14086,2722,
2026-09-12T20:00,17022,14209,2813,
2026-09-12T21:00,17104,14307,2797,Evening Peak
2026-09-12T22:00,17017,14673,2344,
2026-09-12T23:00,16971,14607,2364,
2026-09-13T00:00,17006,13858,3148,
2026-09-13T01:00,16484,13666,2818,
2026-09-13T02:00,16115,13401,2714,
2026-09-13T03:00,16013,13427,2586,
2026-09-13T04:00,15618,13181,2437,
2026-09-13T05:00,15184,13332,1852,
2026-09-13T06:00,14806,13358,1448,
2026-09-13T07:00,14479,13244,1235,
2026-09-13T08:00,14023,13400,623,
2026-09-13T09:00,14087,13590,497,
2026-09-13T10:00,14219,13657,562,
2026-09-13T11:00,14497,13822,675,Day Peak
2026-09-13T12:00,15526,13813,1713,
2026-09-13T13:00,15298,14092,1206,
2026-09-13T14:00,15561,14156,1405,
2026-09-13T15:00,15942,13803,2139,
2026-09-13T16:00,15768,14053,1715,
2026-09-13T17:00,15241,14240,1001,
2026-09-13T18:00,15280,14610,670,
2026-09-13T19:00,17186,15429,1757,
2026-09-13T19:30,17043,15738,1305,
2026-09-13T20:00,17023,15915,1108,
2026-09-13T21:00,17047,15759,1288,Evening Peak
2026-09-13T22:00,16771,15819,952,
2026-09-13T23:00,16868,15279,1589,
2026-09-14T00:00,16798,14376,2422,
2026-09-14T01:00,16469,14086,2383,
2026-09-14T02:00,16273,14020,2253,
2026-09-14T03:00,15964,14072,1892,
2026-09-14T04:00,15531,13811,1720,
2026-09-14T05:00,14642,14001,641,
2026-09-14T06:00,14338,13785,553,
2026-09-14T07:00,14429,13925,504,
2026-09-14T08:00,14441,13942,499,
2026-09-14T09:00,14413,13969,444,
2026-09-14T10:00,14650,14159,491,
2026-09-14T11:00,15250,14330,920,Day Peak
2026-09-14T12:00,16004,13831,2173,
2026-09-14T13:00,16018,14306,1712,
2026-09-14T14:00,15806,14109,1697,
2026-09-14T15:00,16266,13813,2453,
2026-09-14T16:00,16029,13924,2105,
2026-09-14T17:00,15744,14062,1682,
2026-09-14T18:00,15894,14515,1379,
2026-09-14T19:00,17503,15390,2113,
2026-09-14T19:30,17487,15718,1769,
2026-09-14T20:00,17363,15724,1639,
2026-09-14T21:00,17348,15435,1913,Evening Peak
2026-09-14T22:00,17224,15475,1749,
2026-09-14T23:00,17158,15422,1736,
2026-09-15T00:00,17197,14696,2501,
2026-09-15T01:00,16853,14279,2574,
2026-09-15T02:00,16499,13815,2684,
2026-09-15T03:00,16509,13952,2557,
2026-09-15T04:00,16092,13667,2425,
2026-09-15T05:00,15981,13770,2211,
2026-09-15T06:00,15693,13777,1916,
2026-09-15T07:00,15178,13688,1490,
2026-09-15T08:00,14756,14203,553,
2026-09-15T09:00,14970,14512,458,
2026-09-15T10:00,15254,14808,446,
2026-09-15T11:00,15674,14618,1056,
2026-09-15T12:00,16240,14710,1530,Day Peak
2026-09-15T13:00,15978,15051,927,
2026-09-15T14:00,15705,14786,919,
2026-09-15T15:00,16291,14697,1594,
2026-09-15T16:00,16233,14738,1495,
2026-09-15T17:00,15852,14533,1319,
2026-09-15T18:00,16083,15238,845,
2026-09-15T19:00,17360,16119,1241,
2026-09-15T19:30,17365,16314,1051,
2026-09-15T20:00,17312,16282,1030,
2026-09-15T21:00,17330,16298,1032,Evening Peak
2026-09-15T22:00,17066,16200,866,
2026-09-15T23:00,17029,16108,921,
2026-09-16T00:00,17270,14900,2370,
2026-09-16T01:00,16805,14541,2264,
2026-09-16T02:00,16456,14105,2351,
2026-09-16T03:00,16130,13755,2375,
2026-09-16T04:00,15982,13569,2413,
2026-09-16T05:00,15808,13446,2362,
2026-09-16T06:00,15646,13468,2178,
2026-09-16T07:00,15284,13259,2025,
2026-09-16T08:00,15259,13050,2209,
2026-09-16T09:00,15597,13611,1986,
2026-09-16T10:00,15556,13803,1753,
2026-09-16T11:00,15702,13821,1881,
2026-09-16T12:00,16011,14011,2000,Day Peak
2026-09-16T13:00,16061,14135,1926,
2026-09-16T14:00,16203,14046,2157,
2026-09-16T15:00,16497,13784,2713,
2026-09-16T16:00,16434,14121,2313,
2026-09-16T17:00,16303,14271,2032,
2026-09-16T18:00,15998,14600,1398,
2026-09-16T19:00,16856,15400,1456,
2026-09-16T19:30,16930,15724,1206,
2026-09-16T20:00,16929,15877,1052,
2026-09-16T21:00,17094,15907,1187,Evening Peak
2026-09-16T22:00,16678,15739,939,
2026-09-16T23:00,16878,15481,1397,
2026-09-17T00:00,16851,14708,2143,
2026-09-17T01:00,16363,14290,2073,
2026-09-17T02:00,16052,13862,2190,
2026-09-17T03:00,15713,13624,2089,
2026-09-17T04:00,15478,13482,1996,
2026-09-17T05:00,15185,13348,1837,
2026-09-17T06:00,13829,13294,535,
2026-09-17T07:00,13480,13444,36,
2026-09-17T08:00,13480,13430,50,
2026-09-17T09:00,13573,13523,50,
2026-09-17T10:00,13699,13640,59,
2026-09-17T11:00,13904,13852,52,
2026-09-17T12:00,14442,14370,72,Day Peak
2026-09-17T13:00,14421,14354,67,
2026-09-17T14:00,14158,14091,67,
2026-09-17T15:00,14324,14180,144,
2026-09-17T16:00,13793,13726,67,
2026-09-17T17:00,13712,13660,52,
2026-09-17T18:00,14385,14266,119,
2026-09-17T19:00,15671,15464,207,Evening Peak
2026-09-17T19:30,15433,15320,113,
2026-09-17T20:00,15421,15324,98,
2026-09-17T21:00,15365,15267,98,
2026-09-17T22:00,15277,15174,103,
2026-09-17T23:00,15166,15088,78,
2026-09-18T00:00,14823,14608,215,
2026-09-18T01:00,14726,14447,279,
2026-09-18T02:00,14220,13956,164,
2026-09-18T03:00,13860,13666,194,
2026-09-18T04:00,13383,13234,149,
2026-09-18T05:00,13064,12925,139,
2026-09-18T06:00,12593,12469,124,
2026-09-18T07:00,12503,12400,103,
2026-09-18T08:00,12457,12347,110,
2026-09-18T09:00,12306,12206,100,
2026-09-18T10:00,12305,12200,105,
2026-09-18T11:00,12790,12650,140,
2026-09-18T12:00,13471,13361,110,Day Peak
2026-09-18T13:00,14177,14022,155,
2026-09-18T14:00,13543,13388,155,
2026-09-18T15:00,13465,13296,169,
2026-09-18T16:00,12979,12886,93,
2026-09-18T17:00,12818,12806,12,
2026-09-18T18:00,13207,13195,12,
2026-09-18T19:00,15346,15240,106,
2026-09-18T19:30,15396,15298,98,
2026-09-18T20:00,15424,15296,128,Evening Peak
2026-09-18T21:00,15534,15444,90,
2026-09-18T22:00,15664,15501,163,
2026-09-18T23:00,15917,15755,162,
2026-09-19T00:00,16057,15809,248,
2026-09-19T01:00,15405,15057,348,
2026-09-19T02:00,14955,14600,355,
2026-09-19T03:00,14523,14188,335,
2026-09-19T04:00,14159,13842,317,
2026-09-19T05:00,13727,13443,284,
2026-09-19T06:00,13486,13224,262,
2026-09-19T07:00,13392,13034,358,
2026-09-19T08:00,13492,13120,372,
2026-09-19T09:00,13176,12854,322,
2026-09-19T10:00,13486,13171,315,
2026-09-19T11:00,13791,13456,335,
2026-09-19T12:00,14307,13982,325,Day Peak
2026-09-19T13:00,14823,14550,273,
2026-09-19T14:00,14924,14650,274,
2026-09-19T15:00,15052,14748,304,
2026-09-19T16:00,15155,14877,278,
2026-09-19T17:00,14958,14688,270,
2026-09-19T18:00,15849,15300,549,
2026-09-19T19:00,17166,15764,1402,
2026-09-19T19:30,17055,15743,1312,
2026-09-19T20:00,16988,15699,1289,
2026-09-19T21:00,16934,15321,1613,Evening Peak
2026-09-19T22:00,17259,16032,1227,
2026-09-19T23:00,17261,15746,1515,
2026-09-20T00:00,17209,14822,2387,
2026-09-20T01:00,16767,14387,2380,
2026-09-20T02:00,16456,14134,2322,
2026-09-20T03:00,16009,13907,2102,
2026-09-20T04:00,14010,13366,644,
2026-09-20T05:00,12198,12078,120,
2026-09-20T06:00,11783,11783,0,
2026-09-20T07:00,11416,11416,0,
2026-09-20T08:00,11383,11373,10,
2026-09-20T09:00,11800,11800,0,
2026-09-20T10:00,12560,12530,30,
2026-09-20T11:00,13200,13170,30,
2026-09-20T12:00,13998,13975,23,Day Peak
2026-09-20T13:00,14629,14517,112,
2026-09-20T14:00,14728,14598,130,
2026-09-20T15:00,14722,14573,149,
2026-09-20T16:00,14407,14285,122,
2026-09-20T17:00,14270,14193,77,
2026-09-20T18:00,15019,14926,93,
2026-09-20T19:00,16375,16076,299,
2026-09-20T19:30,16351,15932,419,Evening Peak
2026-09-20T20:00,16173,15924,249,
2026-09-20T21:00,16062,15842,220,
2026-09-20T22:00,15949,15734,215,
2026-09-20T23:00,15977,15755,222,
2026-09-21T00:00,15832,14754,1078,
2026-09-21T01:00,15537,14396,1141,
2026-09-21T02:00,15104,14009,1095,
2026-09-21T03:00,14920,14027,893,
2026-09-21T04:00,14544,13767,777,
2026-09-21T05:00,14061,13634,427,
2026-09-21T06:00,13923,13614,309,
2026-09-21T07:00,13679,13414,265,
2026-09-21T08:00,13820,13561,259,
2026-09-21T09:00,13857,13616,241,
2026-09-21T10:00,14005,13800,205,
2026-09-21T11:00,14448,14301,147,
2026-09-21T12:00,15030,14924,106,Day Peak
2026-09-21T13:00,15434,15143,291,
2026-09-21T14:00,15545,14826,719,
2026-09-21T15:00,15796,14241,1555,
2026-09-21T16:00,15760,13972,1788,
2026-09-21T17:00,15609,14240,1369,
2026-09-21T18:00,15992,14905,1087,
2026-09-21T19:00,17140,15620,1520,
2026-09-21T19:30,17507,15660,1848,Evening Peak
2026-09-21T20:00,17307,15715,1592,
2026-09-21T21:00,17339,15767,1572,
2026-09-21T22:00,17329,15776,1553,
2026-09-21T23:00,17335,15435,1900,
2026-09-22T00:00,17215,15319,1896,
2026-09-22T01:00,16505,14247,2258,
2026-09-22T02:00,16343,13981,2362,
2026-09-22T03:00,16025,13751,2274,
2026-09-22T04:00,15689,13556,2133,
2026-09-22T05:00,15110,13308,1802,
2026-09-22T06:00,13631,13153,478,
2026-09-22T07:00,13328,12925,403,
2026-09-22T08:00,12949,12600,349,
2026-09-22T09:00,13238,13014,224,
2026-09-22T10:00,13377,13281,96,
2026-09-22T11:00,13705,13593,112,
2026-09-22T12:00,14722,14522,200,Day Peak
2026-09-22T13:00,14884,14650,234,
2026-09-22T14:00,15147,14967,180,
2026-09-22T15:00,15048,14568,480,
2026-09-22T16:00,14786,14547,239,
2026-09-22T17:00,14429,14165,264,
2026-09-22T18:00,15270,14809,461,
2026-09-22T19:00,16200,15877,323,
2026-09-22T19:30,16357,15888,469,Evening Peak
2026-09-22T20:00,15874,15602,272,
2026-09-22T21:00,15455,15242,213,
2026-09-22T22:00,15736,15516,220,
2026-09-22T23:00,15813,15526,287,
2026-09-23T00:00,15812,14694,1118,
2026-09-23T01:00,15558,14321,1237,
2026-09-23T02:00,14869,14397,472,
2026-09-23T03:00,14506,14084,422,
2026-09-23T04:00,13959,13565,394,
2026-09-23T05:00,13666,13320,346,
2026-09-23T06:00,13358,13066,292,
2026-09-23T07:00,13173,12869,304,
2026-09-23T08:00,13164,12915,249,
2026-09-23T09:00,13138,12938,200,
2026-09-23T10:00,13582,13397,185,
2026-09-23T11:00,14024,13794,230,
2026-09-23T12:00,14692,14372,320,Day Peak
2026-09-23T13:00,14680,14242,438,
2026-09-23T14:00,14651,14311,340,
2026-09-23T15:00,14574,14155,419,
2026-09-23T16:00,14464,14081,383,
2026-09-23T17:00,14186,13813,373,
2026-09-23T18:00,15120,14678,442,
2026-09-23T19:00,15546,15113,433,
2026-09-23T19:30,15562,15129,433,
2026-09-23T20:00,15802,15232,570,
2026-09-23T21:00,15155,14765,390,
2026-09-23T22:00,15177,14815,362,
2026-09-23T23:00,15372,15136,236,
2026-09-24T00:00,15152,14985,167,
2026-09-24T01:00,14853,14560,293,
2026-09-24T02:00,14249,13934,315,
2026-09-24T03:00,13870,13562,308,
2026-09-24T04:00,13579,13296,283,
2026-09-24T05:00,13225,13032,193,
2026-09-24T06:00,12890,12707,183,
2026-09-24T07:00,13105,12873,232,
2026-09-24T08:00,13027,12808,219,
2026-09-24T09:00,13109,12874,235,
2026-09-24T10:00,13410,13153,257,
2026-09-24T11:00,13518,13343,175,
2026-09-24T12:00,13951,13768,183,Day Peak
2026-09-24T13:00,13607,13450,157,
2026-09-24T14:00,13501,13364,137,
2026-09-24T15:00,13430,13239,191,
2026-09-24T16:00,13126,12902,224,
2026-09-24T17:00,13129,12937,192,
2026-09-24T18:00,14281,13979,302,
