timestamp,generation_mw,gas,liquid_fuel,coal,hydro,solar,wind,india_bheramara_hvdc,india_tripura,india_adani,nepal,remarks
2025-09-19T13:00,13006,5326,965,4001,220,557,3,881,46,969,38,
2025-09-19T14:00,12615,5059,975,3879,220,546,3,882,48,965,38,
2025-09-19T15:00,12666,5129,971,3986,220,339,7,882,46,1048,38,
2025-09-19T16:00,12299,5086,741,4027,221,188,8,882,44,1064,38,
2025-09-19T17:00,11873,5093,582,3857,222,75,9,897,42,1058,38,
2025-09-19T18:00,12205,4955,891,3962,222,1,1,904,44,1194,38,
2025-09-19T19:00,14157,5485,1606,4417,222,0,0,904,44,1445,38,
2025-09-19T19:30,14342,5428,1779,4455,222,0,14,904,48,1454,38,
2025-09-19T20:00,14353,5470,1705,4502,222,0,5,903,50,1458,38,
2025-09-19T21:00,14400,5476,1743,4512,222,0,0,904,50,1455,38,সন্ধ্যা পিক
2025-09-19T22:00,14400,5538,1672,4535,222,0,0,890,52,1453,38,
2025-09-19T23:00,14508,5561,1695,4602,220,0,7,890,48,1447,38,
2025-09-20T00:00,14602,5575,1714,4661,220,0,0,889,52,1453,38,
2025-09-20T01:00,14118,5512,1293,4642,218,0,0,906,48,1461,38,
2025-09-20T02:00,13757,5566,1172,4587,218,0,0,906,46,1224,38,
2025-09-20T03:00,13346,5537,915,4484,219,0,0,906,30,1217,38,
2025-09-20T04:00,13032,5554,707,4336,220,0,0,906,44,1227,38,
2025-09-20T05:00,12830,5562,560,4277,220,0,0,906,44,1223,38,
2025-09-20T06:00,12489,5476,527,4171,221,3,0,906,40,1107,38,
2025-09-20T07:00,12451,5415,585,4030,221,106,0,906,40,1110,38,
2025-09-20T08:00,12000,5247,571,3812,222,244,0,906,38,922,38,
2025-09-20T09:00,11845,5178,465,3681,222,420,0,906,32,903,38,
2025-09-20T10:00,11795,5167,474,3529,222,522,0,905,32,906,38,
2025-09-20T11:00,12132,5454,489,3549,222,514,0,906,36,924,38,
2025-09-20T12:00,12514,5449,616,3924,221,451,0,906,38,871,38,ডে পিক
2025-09-20T13:00,12959,5428,883,4074,220,493,0,906,46,871,38,
2025-09-20T14:00,13301,5421,1221,4091,220,484,0,906,46,874,38,
2025-09-20T15:00,13371,5515,1113,4159,220,346,3,906,50,1021,38,
2025-09-20T16:00,13170,5398,1178,4188,221,172,3,908,46,1018,38,
2025-09-20T17:00,13010,5355,1254,4034,222,33,3,908,44,1119,38,
2025-09-20T18:00,13893,5349,1652,4300,222,0,1,908,50,1373,38,
2025-09-20T19:00,15525,5477,2738,4640,222,0,0,908,52,1450,38,
2025-09-20T19:30,15651,5485,2858,4634,222,0,0,908,52,1454,38,সন্ধ্যা পিক
2025-09-20T20:00,15568,5559,2675,4661,222,0,0,908,52,1453,38,
2025-09-20T21:00,15614,5634,2631,4680,222,0,0,909,50,1450,38,
2025-09-20T22:00,15598,5694,2534,4698,222,0,0,908,52,1452,38,
2025-09-20T23:00,15548,5706,2574,4588,222,0,8,908,52,1452,38,
2025-09-21T00:00,15420,5698,2535,4520,221,0,8,901,52,1447,38,
2025-09-21T01:00,15042,5713,2262,4408,219,0,0,897,52,1453,38,
2025-09-21T02:00,14540,5840,1799,4236,219,0,0,901,50,1457,38,
2025-09-21T03:00,14021,5912,1491,4105,219,0,0,901,48,1307,38,
2025-09-21T04:00,13859,5899,1350,4093,219,0,0,901,48,1311,38,
2025-09-21T05:00,13544,5853,1084,4091,219,0,0,900,48,1311,38,
2025-09-21T06:00,13076,5691,904,3993,220,4,28,900,44,1254,38,
2025-09-21T07:00,13034,5847,751,4023,221,92,1,902,42,1117,38,
2025-09-21T08:00,13148,5888,694,4011,220,248,1,907,40,1048,38,
2025-09-21T09:00,13280,5933,660,4014,221,421,0,907,38,1048,38,
2025-09-21T10:00,13372,5889,694,4121,221,553,0,907,40,909,38,
2025-09-21T11:00,13624,5830,801,4220,221,653,0,907,44,910,38,
2025-09-21T12:00,13913,5875,1008,4257,220,635,0,918,46,916,38,ডে পিক
2025-09-21T13:00,14401,5987,1553,4164,221,567,0,918,46,907,38,
2025-09-21T14:00,14112,5616,1637,4127,220,489,0,919,50,1016,38,
2025-09-21T15:00,14395,5757,1889,4166,220,351,0,918,36,1020,38,
2025-09-21T16:00,14133,5747,1967,3991,220,205,0,917,42,1006,38,
2025-09-21T17:00,13998,5730,2000,3982,219,72,0,918,38,1001,38,
2025-09-21T18:00,14661,5754,2353,4110,220,0,0,918,44,1224,38,
2025-09-21T19:00,16055,5940,2916,4533,221,0,23,891,48,1445,38,
2025-09-21T19:30,16132,5872,3021,4584,221,0,15,892,48,1441,38,সন্ধ্যা পিক
2025-09-21T20:00,15918,5788,2905,4553,221,0,24,891,48,1450,38,
2025-09-21T21:00,15791,5802,2757,4582,221,0,7,891,46,1447,38,
2025-09-21T22:00,15774,5843,2659,4619,221,0,14,891,46,1443,38,
2025-09-21T23:00,15747,5774,2659,4656,222,0,11,892,50,1445,38,
2025-09-22T00:00,15538,5686,2611,4596,221,0,1,891,50,1444,38,
2025-09-22T01:00,14747,5398,2263,4435,220,0,5,891,48,1449,38,
2025-09-22T02:00,13875,5324,1547,4358,219,0,0,891,46,1452,38,
2025-09-22T03:00,13189,5331,1172,4212,218,0,0,890,44,1284,38,
2025-09-22T04:00,12603,5355,812,3989,217,0,5,891,36,1260,38,
2025-09-22T05:00,12285,5404,561,3943,218,0,16,891,30,1184,38,
2025-09-22T06:00,11850,5284,497,3744,219,3,14,892,30,1129,38,
2025-09-22T07:00,10926,4920,445,3364,220,57,18,892,34,938,38,
2025-09-22T08:00,10618,4730,373,3357,220,135,19,891,34,821,38,
2025-09-22T09:00,11359,5269,379,3516,220,181,12,892,32,820,38,
2025-09-22T10:00,12121,5387,445,3934,221,242,6,891,30,927,38,
2025-09-22T11:00,12455,5422,483,4004,220,382,18,892,38,958,38,
2025-09-22T12:00,12904,5437,567,4164,221,446,36,891,38,1066,38,ডে পিক
2025-09-22T13:00,13318,5397,1074,4143,220,459,18,891,40,1038,38,
2025-09-22T14:00,13456,5293,1302,4163,219,436,9,891,42,1063,38,
2025-09-22T15:00,13528,5339,1325,4166,219,390,18,891,42,1100,38,
2025-09-22T16:00,13235,5292,1170,4265,221,189,18,892,38,1112,38,
2025-09-22T17:00,13101,5374,1020,4314,221,54,14,892,34,1140,38,
2025-09-22T18:00,13677,5464,1431,4248,222,0,11,892,44,1327,38,
2025-09-22T19:00,14954,5559,2177,4564,222,0,13,891,44,1446,38,সন্ধ্যা পিক
2025-09-22T19:30,14811,5667,1884,4590,222,0,13,892,46,1459,38,
2025-09-22T20:00,14791,5714,1766,4656,222,0,10,891,46,1448,38,
2025-09-22T21:00,14648,5718,1541,4729,221,0,11,891,44,1455,38,
2025-09-22T22:00,14529,5666,1398,4804,222,0,10,892,48,1451,38,
2025-09-22T23:00,14237,5598,1115,4851,222,0,18,892,48,1455,38,
2025-09-23T00:00,14222,5628,1136,4799,222,0,16,891,48,1444,38,
2025-09-23T01:00,13856,5558,1083,4559,220,0,15,891,46,1446,38,
2025-09-23T02:00,13541,5549,1058,4277,218,0,25,892,44,1440,38,
2025-09-23T03:00,13161,5589,886,4119,217,0,18,891,42,1361,38,
2025-09-23T04:00,12841,5614,774,3999,218,0,7,892,40,1259,38,
2025-09-23T05:00,12684,5613,666,3938,219,0,14,892,42,1262,38,
2025-09-23T06:00,12364,5587,537,3773,220,5,14,891,38,1261,38,
2025-09-23T07:00,12439,5571,535,3893,221,119,20,891,36,1115,38,
2025-09-23T08:00,12165,5373,473,3889,221,284,9,891,36,951,38,
2025-09-23T09:00,12552,5428,501,3913,219,493,16,892,34,1018,38,
2025-09-23T10:00,12741,5332,603,3947,219,650,7,892,36,1017,38,
2025-09-23T11:00,12984,5382,832,3841,219,716,6,892,38,1020,38,
2025-09-23T12:00,13465,5504,992,4043,220,694,4,891,40,1039,38,ডে পিক
2025-09-23T13:00,13892,5552,1259,4199,219,570,15,892,42,1106,38,
2025-09-23T14:00,14092,5539,1342,4253,219,531,20,891,46,1213,38,
2025-09-23T15:00,14173,5443,1399,4290,220,518,31,891,44,1299,38,
2025-09-23T16:00,13932,5382,1488,4316,220,211,18,891,44,1324,38,
2025-09-23T17:00,13710,5284,1587,4207,220,71,15,892,40,1356,38,
2025-09-23T18:00,14301,5392,1986,4389,221,0,14,891,48,1322,38,
2025-09-23T19:00,15506,5386,2737,4734,222,0,8,891,50,1440,38,
2025-09-23T19:30,15728,5377,2844,4858,222,0,8,891,50,1440,38,
2025-09-23T20:00,15705,5383,2839,4832,222,0,9,891,50,1441,38,
2025-09-23T21:00,15753,5436,2824,4830,222,0,10,891,48,1454,38,সন্ধ্যা পিক
2025-09-23T22:00,15661,5494,2712,4797,222,0,11,891,52,1444,38,
2025-09-23T23:00,15693,5490,2716,4838,222,0,3,891,52,1443,38,
2025-09-24T00:00,15341,5470,2374,4844,222,0,1,891,52,1449,38,
2025-09-24T01:00,14858,5461,1977,4751,221,0,6,891,64,1449,38,
2025-09-24T02:00,14345,5477,1497,4712,219,0,3,891,62,1446,38,
2025-09-24T03:00,14027,5505,1160,4695,218,0,3,891,64,1453,38,
2025-09-24T04:00,13615,5515,816,4644,217,0,3,891,44,1447,38,
2025-09-24T05:00,13458,5488,706,4617,217,0,4,892,44,1452,38,
2025-09-24T06:00,12976,5503,541,4378,220,3,5,891,42,1355,38,
2025-09-24T07:00,13007,5535,456,4384,219,127,0,891,40,1317,38,
2025-09-24T08:00,12878,5341,468,4279,220,341,0,891,36,1264,38,
2025-09-24T09:00,12925,5325,487,4145,220,518,0,890,36,1266,38,
2025-09-24T10:00,13172,5385,539,4157,220,630,0,891,40,1272,38,
2025-09-24T11:00,13459,5429,781,4138,221,701,0,891,42,1218,38,
2025-09-24T12:00,13850,5440,1150,4157,222,687,14,891,44,1207,38,ডে পিক
2025-09-24T13:00,14216,5343,1698,4401,222,554,5,891,48,1016,38,
2025-09-24T14:00,14517,5529,1914,4407,221,457,0,891,44,1016,38,
2025-09-24T15:00,14577,5609,1922,4401,219,423,6,891,46,1022,38,
2025-09-24T16:00,14515,5598,2066,4384,221,265,0,891,46,1006,38,
2025-09-24T17:00,14189,5372,2209,4288,221,116,0,891,42,1012,38,
2025-09-24T18:00,14266,5344,2550,4133,222,0,10,891,50,1028,38,
2025-09-24T19:00,15110,5564,2714,4613,221,0,0,891,52,1017,38,
2025-09-24T19:30,15272,5555,2753,4740,221,0,0,891,50,1024,38,
2025-09-24T20:00,15368,5587,2793,4766,222,0,0,891,50,1021,38,
2025-09-24T21:00,15499,5622,2806,4845,222,0,0,891,50,1025,38,সন্ধ্যা পিক
2025-09-24T22:00,15556,5642,2808,4866,222,0,6,891,52,1031,38,
2025-09-24T23:00,15589,5694,2774,4887,222,0,3,891,54,1026,38,
2025-09-25T00:00,15276,5607,2741,4702,222,0,1,892,52,1021,38,
2025-09-25T01:00,15013,5377,2614,4798,222,0,1,891,50,1022,38,
2025-09-25T02:00,14619,5391,2261,4744,222,0,0,892,48,1023,38,
2025-09-25T03:00,14030,5432,1637,4740,222,0,0,892,46,1023,38,
2025-09-25T04:00,13507,5441,1130,4739,222,0,0,892,28,1017,38,
2025-09-25T05:00,13049,5430,723,4703,222,0,0,891,28,1014,38,
2025-09-25T06:00,12611,5349,583,4480,222,2,0,891,26,1020,38,
2025-09-25T07:00,12617,5420,516,4387,220,101,0,891,26,1018,38,
2025-09-25T08:00,12637,5403,539,4216,222,268,0,891,40,1020,38,
2025-09-25T09:00,13036,5479,615,4266,222,500,0,891,20,1005,38,
2025-09-25T10:00,12995,5507,615,4168,222,588,0,891,40,926,38,
2025-09-25T11:00,13624,5624,1067,4128,222,649,0,892,38,966,38,
2025-09-25T12:00,14132,5616,1360,4155,222,688,0,892,44,1117,38,ডে পিক
2025-09-25T13:00,14434,5576,1668,4157,222,626,0,891,44,1212,38,
2025-09-25T14:00,14559,5566,1840,4160,221,578,4,892,48,1212,38,
2025-09-25T15:00,14634,5533,2005,4226,219,454,5,891,50,1213,38,
2025-09-25T16:00,14379,5393,2181,4092,219,302,6,892,46,1210,38,
2025-09-25T17:00,14165,5240,2465,3960,218,90,0,892,56,1206,38,
2025-09-25T18:00,14500,5390,2605,4234,80,0,0,890,54,1209,38,
2025-09-25T19:00,15264,5486,2957,4497,120,0,0,892,60,1214,38,
2025-09-25T19:30,15654,5640,3121,4537,166,0,0,891,52,1209,38,
2025-09-25T20:00,15806,5652,3145,4643,172,0,0,892,52,1212,38,
2025-09-25T21:00,15844,5751,2931,4742,220,0,0,894,50,1218,38,সন্ধ্যা পিক
2025-09-25T22:00,15787,5634,2970,4733,220,0,13,894,52,1233,38,
2025-09-25T23:00,15795,5611,3031,4714,220,0,18,893,54,1216,38,
2025-09-26T00:00,15752,5666,3036,4573,220,0,28,893,54,1217,38,
2025-09-26T01:00,15418,5482,3106,4398,220,0,21,894,52,1207,38,
2025-09-26T02:00,14903,5299,2956,4208,220,0,20,893,50,1219,38,
2025-09-26T03:00,14630,5169,2834,4217,213,0,7,893,44,1215,38,
2025-09-26T04:00,14227,5153,2476,4183,213,0,3,894,44,1223,38,
2025-09-26T05:00,13531,5020,2111,3966,213,0,24,894,44,1221,38,
2025-09-26T06:00,13335,5056,1982,3912,173,3,16,894,44,1217,38,
2025-09-26T07:00,12820,5255,1210,3869,173,110,15,894,42,1214,38,
2025-09-26T08:00,12527,5147,976,3769,175,314,27,894,40,1147,38,
2025-09-26T09:00,12117,4945,822,3661,176,492,28,894,40,1021,38,
2025-09-26T10:00,12244,5012,698,3678,177,646,43,893,40,1019,38,
2025-09-26T11:00,12354,5136,692,3684,180,618,51,894,40,1021,38,
2025-09-26T12:00,12945,5364,784,3722,220,614,49,893,42,1219,38,ডে পিক
2025-09-26T13:00,13609,5481,1164,3836,220,683,42,893,48,13609,38,
2025-09-26T14:00,13156,4974,1326,3800,218,588,62,893,46,1209,38,
2025-09-26T15:00,13135,5048,1383,3821,217,419,49,893,46,1221,38,
2025-09-26T16:00,12855,5019,1316,3828,218,274,11,894,44,1213,38,
2025-09-26T17:00,12307,4887,1274,3647,217,82,18,893,40,1211,38,
2025-09-26T18:00,12754,5248,1643,3499,218,0,30,893,48,1137,38,
2025-09-26T19:00,14541,5315,2688,4107,219,0,22,893,46,1213,38,
2025-09-26T19:30,14673,5402,2561,4284,219,0,17,893,48,1211,38,
2025-09-26T20:00,14785,5455,2544,4333,219,0,34,893,52,1217,38,
2025-09-26T21:00,15013,5604,2611,4367,219,0,15,894,52,1213,38,সন্ধ্যা পিক
2025-09-26T22:00,15205,5736,2678,4366,219,0,14,894,52,1208,38,
2025-09-26T23:00,15267,5790,2705,4362,217,0,4,893,48,1210,38,
2025-09-27T00:00,15250,5761,2700,4371,217,0,3,894,50,1216,38,
2025-09-27T01:00,14798,5703,2542,4136,218,0,8,893,50,1210,38,
2025-09-27T02:00,14372,5677,2226,4040,217,0,21,893,50,1210,38,
2025-09-27T03:00,14109,5637,2053,4001,215,0,13,894,48,1210,38,
2025-09-27T04:00,13566,5702,1447,4003,215,0,13,894,46,1208,38,
2025-09-27T05:00,13330,5692,1176,4021,217,0,28,894,46,1218,38,
2025-09-27T06:00,12964,5646,926,3975,217,1,21,893,38,1209,38,
2025-09-27T07:00,12863,5689,829,3834,217,82,23,893,34,1224,38,
2025-09-27T08:00,12743,5598,776,3737,217,235,11,885,30,1216,38,
2025-09-27T09:00,12649,5525,809,3637,220,378,2,885,32,1123,38,
2025-09-27T10:00,12753,5548,839,3617,220,520,2,889,32,1048,38,
2025-09-27T11:00,12947,5631,877,3639,220,582,3,888,32,1037,38,
2025-09-27T12:00,13320,5601,1123,3672,220,729,0,893,28,1016,38,ডে পিক
2025-09-27T13:00,13831,5658,1501,3864,220,543,9,893,44,1061,38,
2025-09-27T14:00,14162,5576,1660,3980,220,613,12,894,44,1125,38,
2025-09-27T15:00,14195,5630,1764,4040,220,410,13,904,44,1132,38,
2025-09-27T16:00,14028,5462,1864,4018,218,214,2,904,42,1266,38,
2025-09-27T17:00,13608,5200,1929,3948,217,70,0,904,40,1262,38,
2025-09-27T18:00,14297,5393,2522,3910,218,0,0,905,44,1267,38,
2025-09-27T19:00,15741,5626,3233,4405,219,0,0,905,44,1271,38,
2025-09-27T19:30,15811,5569,3362,4401,220,0,0,905,46,1270,38,
2025-09-27T20:00,15870,5576,3423,4394,219,0,1,904,48,1267,38,
2025-09-27T21:00,15938,5581,3478,4391,220,0,11,904,48,1267,38,সন্ধ্যা পিক
2025-09-27T22:00,15874,5569,3427,4396,220,0,5,905,48,1266,38,
2025-09-27T23:00,15659,5541,3259,4387,217,0,4,905,48,1260,38,
2025-09-28T00:00,15431,5517,3199,4395,217,0,1,905,50,1109,38,
2025-09-28T01:00,15088,5397,2971,4380,217,0,0,904,48,1133,38,
2025-09-28T02:00,14697,5470,2703,4192,217,0,0,905,46,1126,38,
2025-09-28T03:00,14239,5500,2250,4167,217,0,0,905,44,1118,38,
2025-09-28T04:00,13896,5472,1925,4190,217,0,0,905,48,1101,38,
2025-09-28T05:00,13523,5563,1911,4214,215,0,0,912,38,632,38,
2025-09-28T06:00,13140,5450,1658,4265,215,2,0,913,38,561,38,
2025-09-28T07:00,12984,5392,1378,4294,215,84,0,918,36,629,38,
2025-09-28T08:00,12760,5156,1303,4124,215,313,0,920,40,651,38,
2025-09-28T09:00,13060,5353,1306,4047,215,494,0,920,38,649,38,
2025-09-28T10:00,13406,5350,1450,4190,215,564,0,920,38,641,38,
2025-09-28T11:00,13681,5218,1847,4125,216,628,0,931,36,642,38,
2025-09-28T12:00,14012,5458,2078,4151,80,598,0,931,34,644,38,ডে পিক
2025-09-28T13:00,14390,5314,2391,4239,166,618,3,931,44,646,38,
2025-09-28T14:00,14428,5213,2525,4274,211,541,2,931,46,647,38,
2025-09-28T15:00,14286,5461,2342,4267,213,346,3,931,44,641,38,
2025-09-28T16:00,14147,5455,2399,4228,213,193,1,931,40,649,38,
2025-09-28T17:00,13884,5259,2431,4236,213,91,0,931,40,645,38,
2025-09-28T18:00,14447,5518,2830,4238,213,0,0,931,40,639,38,
2025-09-28T19:00,14651,5340,3082,4418,160,0,0,930,40,643,38,
2025-09-28T19:30,15046,5524,3185,4477,208,0,0,930,44,640,38,
2025-09-28T20:00,15211,5583,3198,4567,207,0,0,930,44,644,38,
2025-09-28T21:00,15269,5578,3082,4747,207,0,0,931,42,644,38,সন্ধ্যা পিক
2025-09-28T22:00,15213,5530,3060,4758,208,0,0,931,46,642,38,
2025-09-28T23:00,15058,5572,2952,4669,208,0,0,931,46,642,38,
2025-09-29T00:00,15015,5649,2895,4607,208,0,0,931,46,641,38,
2025-09-29T01:00,14819,5621,2735,4597,209,0,0,930,44,645,38,
2025-09-29T02:00,14584,5652,2471,4595,209,0,0,931,42,646,38,
2025-09-29T03:00,14322,5582,2280,4587,208,0,0,931,42,654,38,
2025-09-29T04:00,14032,5524,2038,4589,208,0,0,931,42,662,38,
2025-09-29T05:00,13789,5486,1847,4577,207,0,0,931,42,661,38,
2025-09-29T06:00,13314,5511,1385,4537,207,5,0,931,34,666,38,
2025-09-29T07:00,13235,5545,1318,4375,207,127,0,931,34,660,38,
2025-09-29T08:00,13160,5391,1291,4268,207,336,0,931,34,664,38,
2025-09-29T09:00,13431,5441,1341,4251,208,516,7,931,34,664,38,
2025-09-29T10:00,13678,5459,1488,4277,160,644,13,904,30,665,38,
2025-09-29T11:00,13847,5386,1746,4275,160,643,14,903,36,646,38,
2025-09-29T12:00,14272,5404,2052,4342,160,665,4,903,42,662,38,ডে পিক
2025-09-29T13:00,14158,5224,2172,4442,160,528,2,904,30,658,38,
2025-09-29T14:00,14293,5330,2237,4431,160,519,1,903,32,642,38,
2025-09-29T15:00,14583,5664,2216,4445,209,437,3,876,32,663,38,
2025-09-29T16:00,14441,5506,2357,4509,209,258,8,877,34,645,38,
2025-09-29T17:00,14349,5511,2454,4498,207,83,4,876,32,646,38,
2025-09-29T18:00,14702,5573,2780,4545,206,0,1,876,38,645,38,
2025-09-29T19:00,15355,5359,3261,4920,206,0,0,877,38,656,38,
2025-09-29T19:30,15700,5514,3359,5010,206,0,0,876,40,657,38,
2025-09-29T20:00,15782,5569,3375,5020,209,0,0,876,38,657,38,সন্ধ্যা পিক
2025-09-29T21:00,15735,5526,3366,5019,213,0,0,876,40,657,38,
2025-09-29T22:00,15766,5621,3257,5064,213,0,0,875,40,658,38,
2025-09-29T23:00,15571,5695,3066,4988,212,0,0,876,40,656,38,
2025-09-30T00:00,15229,5614,2933,4862,212,0,1,876,40,653,38,
2025-09-30T01:00,15005,5592,2787,4807,212,0,4,875,38,652,38,
2025-09-30T02:00,14788,5596,2584,4793,213,0,0,876,36,652,38,
2025-09-30T03:00,14740,5595,2548,4797,213,0,0,875,26,648,38,
2025-09-30T04:00,14402,5559,2377,4651,212,0,1,876,36,652,38,
2025-09-30T05:00,14208,5617,2127,4646,211,0,0,876,42,651,38,
2025-09-30T06:00,13761,5517,1790,4632,210,2,0,876,40,656,38,
2025-09-30T07:00,13542,5563,1389,4644,210,115,0,876,38,669,38,
2025-09-30T08:00,13568,5480,1295,4636,209,335,0,876,34,665,38,
2025-09-30T09:00,13871,5554,1303,4668,216,524,0,876,34,658,38,
2025-09-30T10:00,14138,5517,1502,4700,216,596,0,877,40,652,38,
2025-09-30T11:00,14575,5482,1906,4729,216,648,0,876,38,642,38,
2025-09-30T12:00,14963,5533,2266,4774,216,575,0,876,38,651,38,ডে পিক
2025-09-30T13:00,15005,5467,2337,4779,216,601,0,876,38,653,38,
2025-09-30T14:00,14797,5351,2352,4776,215,499,0,876,38,652,38,
2025-09-30T15:00,14630,5269,2361,4783,215,385,3,876,38,662,38,
2025-09-30T16:00,14420,5229,2385,4770,214,189,23,876,38,658,38,
2025-09-30T17:00,14090,5026,2515,4672,214,47,14,876,36,652,38,
2025-09-30T18:00,14975,5183,3250,4707,214,0,12,876,40,655,38,
2025-09-30T19:00,15508,5254,3445,4967,214,0,13,876,42,659,38,
2025-09-30T19:30,15637,5269,3467,5060,214,0,14,876,72,657,38,
2025-09-30T20:00,15678,5282,3446,5102,213,0,19,876,42,660,38,সন্ধ্যা পিক
2025-09-30T21:00,15512,5241,3460,4964,213,0,14,876,42,664,38,
2025-09-30T22:00,15668,5337,3526,4963,213,0,12,876,42,661,38,
2025-09-30T23:00,15547,5365,3348,4979,214,0,17,876,44,666,38,
2025-10-01T00:00,15276,5309,3313,4817,214,0,7,876,42,660,38,
2025-10-01T01:00,14895,5214,3065,4767,215,0,18,876,42,660,38,
2025-10-01T02:00,13414,5009,1975,4617,215,0,19,875,0,666,38,
2025-10-01T03:00,11983,4918,858,4387,216,0,19,877,18,652,38,
2025-10-01T04:00,11722,4922,683,4296,216,0,16,876,20,655,38,
2025-10-01T05:00,10917,4976,252,3861,215,0,16,876,30,653,38,
2025-10-01T06:00,10416,4840,103,3643,214,0,11,876,34,657,38,
2025-10-01T07:00,10046,4737,49,3412,213,15,12,876,34,660,38,
2025-10-01T08:00,10009,4748,33,3358,215,34,9,883,30,661,38,
2025-10-01T09:00,10415,5047,86,3379,215,82,10,876,30,652,38,
2025-10-01T10:00,10786,5031,153,3507,215,247,33,876,32,654,38,
2025-10-01T11:00,11186,5175,153,3718,216,273,47,876,32,658,38,
2025-10-01T12:00,11975,5451,279,4102,217,311,16,876,36,649,38,ডে পিক
2025-10-01T13:00,12349,5475,500,4194,217,319,45,876,38,647,38,
2025-10-01T14:00,12528,5541,586,4189,217,367,21,876,42,651,38,
2025-10-01T15:00,12533,5534,605,4341,217,228,4,875,38,653,38,
2025-10-01T16:00,12274,5424,576,4309,217,141,2,875,38,654,38,
2025-10-01T17:00,12147,5474,648,4139,217,61,19,874,36,641,38,
2025-10-01T18:00,13075,5268,1848,4152,217,0,3,874,36,639,38,
2025-10-01T19:00,14115,5261,2612,4427,217,0,1,874,44,641,38,সন্ধ্যা পিক
2025-10-01T19:30,14035,5336,2402,4459,217,0,22,874,42,645,38,
2025-10-01T20:00,13982,5353,2393,4394,218,0,18,874,44,650,38,
2025-10-01T21:00,13975,5378,2371,4372,217,0,30,874,44,651,38,
2025-10-01T22:00,13826,5341,2337,4343,217,0,7,847,44,652,38,
2025-10-01T23:00,13835,5485,2115,4412,217,0,22,847,46,653,38,
2025-10-02T00:00,13747,5505,1970,4441,218,0,29,847,46,653,38,
2025-10-02T01:00,13233,5524,1375,4508,219,0,34,847,44,644,38,
2025-10-02T02:00,12826,5469,1009,4515,218,0,51,847,42,637,38,
2025-10-02T03:00,12432,5450,678,4467,218,0,54,847,40,640,38,
2025-10-02T04:00,11977,5479,346,4327,218,0,46,847,40,636,38,
2025-10-02T05:00,11752,5461,331,4140,218,0,41,847,38,638,38,
2025-10-02T06:00,11311,5279,329,3883,218,1,40,847,36,640,38,
2025-10-02T07:00,11059,5213,298,3705,218,42,33,847,34,631,38,
2025-10-02T08:00,11028,5207,284,3648,218,86,40,847,34,626,38,
2025-10-02T09:00,11036,5089,252,3629,217,158,36,846,32,739,38,
2025-10-02T10:00,10989,5010,241,3432,221,248,55,846,32,866,38,
2025-10-02T11:00,11043,5253,225,3352,218,227,36,847,34,813,38,
2025-10-02T12:00,11353,5538,215,3378,218,184,36,847,30,869,38,ডে পিক
2025-10-02T13:00,11531,5441,253,3529,220,267,28,847,32,876,38,
2025-10-02T14:00,11310,5148,271,3600,220,249,23,847,38,876,38,
2025-10-02T15:00,11234,5138,271,3607,220,184,18,847,32,879,38,
2025-10-02T16:00,10907,5060,245,3503,220,65,21,846,32,877,38,
2025-10-02T17:00,10974,5228,228,3470,220,17,15,847,34,877,38,
2025-10-02T18:00,12202,5369,890,3730,221,0,16,846,40,1052,38,
2025-10-02T19:00,12914,5234,1057,4235,221,0,39,847,38,1205,38,সন্ধ্যা পিক
2025-10-02T19:30,12821,5271,862,4287,221,0,46,847,40,1209,38,
2025-10-02T20:00,12860,5341,797,4305,221,0,53,846,40,1219,38,
2025-10-02T21:00,12887,5435,708,4335,221,0,42,846,40,1222,38,
2025-10-02T22:00,12900,5472,702,4341,220,0,26,847,40,1214,38,
2025-10-02T23:00,12850,5432,695,4339,220,0,34,847,42,1203,38,
2025-10-03T00:00,12772,5447,623,4287,219,0,51,846,42,1219,38,
2025-10-03T01:00,12377,5371,443,4184,218,0,30,847,38,1208,38,
2025-10-03T02:00,11936,5398,295,3948,218,0,14,847,38,1140,38,
2025-10-03T03:00,11589,5466,164,3818,218,0,13,846,38,988,38,
2025-10-03T04:00,11240,5468,141,3640,220,0,22,849,36,826,38,
2025-10-03T05:00,10981,5454,106,3430,220,0,21,849,36,827,38,
2025-10-03T06:00,10451,5140,78,3233,220,2,18,850,34,838,38,
2025-10-03T07:00,10168,5025,161,3094,200,68,21,701,32,828,38,
2025-10-03T08:00,10021,4805,128,3079,210,103,9,792,30,827,38,
2025-10-03T09:00,9829,4689,68,3088,170,144,9,765,32,826,38,
2025-10-03T10:00,9880,4675,38,3018,150,323,10,766,32,830,38,
2025-10-03T11:00,9995,4831,30,3016,150,396,13,659,34,828,38,
2025-10-03T12:00,10822,5448,26,3033,205,444,5,755,38,830,38,ডে পিক
2025-10-03T13:00,11685,6032,76,3311,220,425,28,691,42,822,38,
2025-10-03T14:00,11062,5502,131,3256,220,385,9,660,42,819,38,
2025-10-03T15:00,10572,5494,68,2977,221,249,3,659,40,823,38,
2025-10-03T16:00,10082,5241,47,2911,222,97,4,659,38,825,38,
2025-10-03T17:00,10233,5384,47,2990,222,30,0,659,36,827,38,
2025-10-03T18:00,11654,5896,232,3382,222,0,0,849,44,991,38,
2025-10-03T19:00,12658,5919,558,3920,221,0,0,849,44,1109,38,
2025-10-03T19:30,12720,5944,484,4023,221,0,0,849,44,1117,38,
2025-10-03T20:00,12749,6054,472,3886,221,0,4,848,46,1180,38,
2025-10-03T21:00,12866,6057,417,3850,221,0,15,849,46,1373,38,সন্ধ্যা পিক
2025-10-03T22:00,12946,5946,422,4037,221,0,10,849,48,1375,38,
2025-10-03T23:00,13038,5999,414,4072,219,0,20,849,48,1379,38,
2025-10-04T00:00,12949,6009,395,4015,219,0,14,849,48,1362,38,
2025-10-04T01:00,12674,6016,322,3829,218,0,4,849,44,1354,38,
2025-10-04T02:00,12331,5964,316,3743,218,0,1,849,44,1158,38,
2025-10-04T03:00,11862,5956,173,3434,218,0,2,849,42,1150,38,
2025-10-04T04:00,11606,5939,130,3373,218,0,3,849,40,1016,38,
2025-10-04T05:00,11434,5954,130,3294,218,0,3,849,38,910,38,
2025-10-04T06:00,11139,5838,100,3185,218,0,13,848,38,861,38,
2025-10-04T07:00,11223,5947,76,3119,218,84,5,849,36,851,38,
2025-10-04T08:00,11249,5781,106,3098,218,263,5,849,34,857,38,
2025-10-04T09:00,11520,5883,126,3124,220,399,0,844,32,854,38,
2025-10-04T10:00,11726,5867,186,3122,220,556,5,844,34,854,38,
2025-10-04T11:00,12036,5946,288,3230,220,582,4,844,36,848,38,
2025-10-04T12:00,12680,5990,566,3587,220,552,0,844,38,845,38,ডে পিক
2025-10-04T13:00,12894,5763,836,3741,220,841,22,844,42,907,38,
2025-10-04T14:00,12546,5698,790,3697,220,283,19,844,42,915,38,
2025-10-04T15:00,12422,5710,730,3692,220,203,23,844,44,918,38,
2025-10-04T16:00,12260,5692,713,3700,221,83,16,844,42,911,38,
2025-10-04T17:00,12022,5645,619,3663,221,26,0,844,40,926,38,
2025-10-04T18:00,13549,5805,1461,4035,221,0,0,844,46,1099,38,
2025-10-04T19:00,14157,5727,1484,4485,221,0,0,845,48,1309,38,সন্ধ্যা পিক
2025-10-04T19:30,14122,5786,1370,4515,221,0,1,834,46,1311,38,
2025-10-04T20:00,14109,5760,1354,4534,221,0,5,834,48,1315,38,
2025-10-04T21:00,14078,5793,1286,4539,221,0,1,833,48,1319,38,
2025-10-04T22:00,14039,5542,1289,4742,222,0,3,833,50,1320,38,
2025-10-04T23:00,14038,5615,1269,4693,220,0,12,834,50,1307,38,
2025-10-05T00:00,13994,5678,1214,4640,219,0,12,833,50,1310,38,
2025-10-05T01:00,13567,5704,1163,4252,218,0,8,834,48,1302,38,
2025-10-05T02:00,13061,5655,831,4125,218,0,2,834,46,1312,38,
2025-10-05T03:00,12655,5671,597,3929,218,0,9,833,44,1316,38,
2025-10-05T04:00,12407,5590,540,3818,218,0,11,834,44,1314,38,
2025-10-05T05:00,12127,5588,442,3634,219,0,11,833,42,1320,38,
2025-10-05T06:00,11612,5569,341,3440,220,1,14,833,38,1118,38,
2025-10-05T07:00,11573,5594,341,3421,220,56,10,832,38,1023,38,
2025-10-05T08:00,11618,5446,387,3538,220,95,0,832,36,1026,38,
2025-10-05T09:00,11668,5341,466,3640,220,175,0,833,34,921,38,
2025-10-05T10:00,11658,5315,468,3708,220,217,4,833,36,819,38,
2025-10-05T11:00,11857,5186,726,3678,220,282,9,833,32,819,38,
2025-10-05T12:00,12463,5221,1267,3764,220,261,7,833,32,820,38,ডে পিক
2025-10-05T13:00,12886,5328,1609,3816,219,172,8,833,38,825,38,
2025-10-05T14:00,13033,5121,1890,3790,218,217,9,833,38,879,38,
2025-10-05T15:00,12763,5006,1796,3773,220,185,9,833,38,865,38,
2025-10-05T16:00,12278,5050,1448,3675,221,58,18,833,30,907,38,
2025-10-05T17:00,12183,5051,1488,3445,222,20,15,832,30,1042,38,
2025-10-05T18:00,13156,5160,1964,3593,222,0,18,833,36,1292,38,সন্ধ্যা পিক
2025-10-05T19:00,12829,5012,1754,3606,222,0,6,833,36,1322,38,
2025-10-05T19:30,12805,5194,1431,3665,222,0,2,833,36,1384,38,
2025-10-05T20:00,12887,5260,1405,3661,222,0,4,833,38,1426,38,
2025-10-05T21:00,12837,5310,1367,3661,222,0,0,834,36,1369,38,
2025-10-05T22:00,12935,5439,1307,3729,222,0,0,833,40,1327,38,
2025-10-05T23:00,12997,5434,1290,3813,221,0,1,833,42,1325,38,
2025-10-06T00:00,12961,5289,1414,3820,219,0,1,833,40,1307,38,
2025-10-06T01:00,12579,5170,1368,3689,218,0,26,833,38,1199,38,
2025-10-06T02:00,12189,5151,1037,3643,218,0,13,838,38,1213,38,
2025-10-06T03:00,11735,5132,727,3633,217,0,9,837,36,1106,38,
2025-10-06T04:00,11489,5129,493,3622,218,0,4,836,36,1113,38,
2025-10-06T05:00,11186,5246,293,3498,219,0,0,843,34,1015,38,
2025-10-06T06:00,10959,5233,210,3371,220,1,0,843,32,1011,38,
2025-10-06T07:00,11200,5302,217,3676,220,43,2,843,30,1029,38,
2025-10-06T08:00,11368,5319,270,3493,220,128,0,848,30,1022,38,
2025-10-06T09:00,11550,5247,241,3656,220,249,0,848,30,1021,38,
2025-10-06T10:00,11773,5251,315,3789,220,353,0,848,28,931,38,
2025-10-06T11:00,12068,5297,543,3800,220,352,13,848,30,927,38,
2025-10-06T12:00,12730,5336,811,3899,220,488,0,848,32,1058,38,ডে পিক
2025-10-06T13:00,12973,5230,1005,3916,218,522,0,848,38,1158,38,
2025-10-06T14:00,12931,5042,1020,3983,217,485,0,848,34,1264,38,
2025-10-06T15:00,12923,5123,1017,3997,218,385,1,848,36,1260,38,
2025-10-06T16:00,12681,5165,938,4003,219,167,0,848,36,1267,38,
2025-10-06T17:00,12643,5143,966,3964,220,64,0,849,34,1365,38,
2025-10-06T18:00,13729,5159,2000,4046,221,0,0,848,40,1377,38,
2025-10-06T19:00,14417,4989,2820,4028,221,0,1,847,38,1435,38,সন্ধ্যা পিক
2025-10-06T19:30,14114,5036,2428,4062,222,0,1,848,38,1441,38,
2025-10-06T20:00,14102,5055,2405,4053,222,0,0,848,40,1441,38,
2025-10-06T21:00,14118,5116,2388,4057,222,0,0,848,40,1409,38,
2025-10-06T22:00,13974,5107,2257,4040,222,0,0,848,40,1422,38,
2025-10-06T23:00,13758,5136,2008,4049,222,0,3,848,42,1412,38,
2025-10-07T00:00,13640,5116,1916,4044,220,0,2,848,42,1414,38,
2025-10-07T01:00,13130,5115,1446,4015,219,0,1,848,38,1410,38,
2025-10-07T02:00,12532,5131,799,4045,218,0,2,848,38,1413,38,
2025-10-07T03:00,12263,5169,520,4024,217,0,3,848,36,1408,38,
2025-10-07T04:00,11852,5152,263,3976,218,0,3,848,36,1318,38,
2025-10-07T05:00,11701,5178,213,3947,219,0,5,849,34,1218,38,
2025-10-07T06:00,11377,5157,204,3758,220,1,8,848,32,1111,38,
2025-10-07T07:00,11586,5233,264,3866,221,58,3,848,32,1023,38,
2025-10-07T08:00,11688,5097,303,3962,221,156,0,867,30,1014,38,
2025-10-07T09:00,11738,4985,339,3887,221,355,0,867,28,1018,38,
2025-10-07T10:00,12063,5064,520,3874,221,425,0,868,32,1021,38,
2025-10-07T11:00,12447,4898,728,3909,222,634,0,874,32,1112,38,
2025-10-07T12:00,12794,5026,849,3985,222,618,0,874,66,1116,38,ডে পিক
2025-10-07T13:00,12947,5041,1034,3975,220,534,8,873,72,1152,38,
2025-10-07T14:00,12768,5082,1025,3916,218,357,16,874,80,1162,38,
2025-10-07T15:00,12788,5099,944,3918,218,340,20,875,70,1266,38,
2025-10-07T16:00,12473,5045,869,3897,218,181,22,874,66,1263,38,
2025-10-07T17:00,12353,5115,880,3855,218,33,13,875,60,1266,38,
2025-10-07T18:00,13836,5200,2035,4037,218,0,4,874,66,1364,38,
2025-10-07T19:00,14427,5002,2753,4082,220,0,10,874,76,1372,38,সন্ধ্যা পিক
2025-10-07T19:30,14420,5132,2600,4117,221,0,0,874,70,1368,38,
2025-10-07T20:00,14216,5108,2426,4108,221,0,6,873,76,1360,38,
2025-10-07T21:00,14037,5135,2166,4162,221,0,2,874,78,1361,38,
2025-10-07T22:00,13843,5165,1928,4167,221,0,10,874,78,1362,38,
2025-10-07T23:00,13659,5141,1768,4173,222,0,2,874,74,1367,38,
2025-10-08T00:00,13572,5151,1726,4118,222,0,2,874,78,1363,38,
2025-10-08T01:00,13013,5094,1361,3984,220,0,3,874,78,1361,38,
2025-10-08T02:00,12573,5118,909,3968,218,0,5,874,72,1371,38,
2025-10-08T03:00,12080,4975,664,3858,219,0,8,874,70,1374,38,
2025-10-08T04:00,11748,5137,354,3777,220,0,8,873,66,1275,38,
2025-10-08T05:00,11544,5218,271,3692,221,0,0,874,68,1162,38,
2025-10-08T06:00,11351,5208,249,3638,222,2,0,874,60,1060,38,
2025-10-08T07:00,11514,5220,317,3593,222,74,1,874,58,1117,38,
2025-10-08T08:00,11583,5107,299,3583,222,259,6,890,60,1119,38,
2025-10-08T09:00,11687,5079,320,3593,222,360,3,890,62,1120,38,
2025-10-08T10:00,12044,5181,381,3698,222,447,5,897,58,1117,38,
2025-10-08T11:00,12452,5162,664,3788,222,499,6,899,60,1114,38,
2025-10-08T12:00,12881,5055,997,3821,222,532,0,899,66,1251,38,ডে পিক
2025-10-08T13:00,13225,5126,1358,3788,222,399,0,900,78,1316,38,
2025-10-08T14:00,12962,4966,1386,3673,219,383,8,899,76,1314,38,
2025-10-08T15:00,13003,5175,1412,3671,218,193,4,899,74,1319,38,
2025-10-08T16:00,12884,5095,1469,3652,218,130,0,899,68,1315,38,
2025-10-08T17:00,12743,4948,1641,3580,219,35,2,899,66,1315,38,
2025-10-08T18:00,13791,5111,2423,3675,220,0,3,899,72,1350,38,
2025-10-08T19:00,14733,5088,3210,3857,221,0,0,899,66,1354,38,সন্ধ্যা পিক
2025-10-08T19:30,14719,5126,3326,3866,221,0,0,661,68,1413,38,
2025-10-08T20:00,14586,5097,3258,3863,222,0,2,601,70,1435,38,
2025-10-08T21:00,14585,5159,3181,3871,222,0,0,601,70,1443,38,
2025-10-08T22:00,14479,5094,3138,3883,222,0,0,601,70,1433,38,
2025-10-08T23:00,14334,5075,2999,3883,222,0,0,601,76,1440,38,
2025-10-09T00:00,13819,5067,2511,3870,222,0,0,601,76,1434,38,
2025-10-09T01:00,13560,5132,2206,3681,221,0,3,765,68,1446,38,
2025-10-09T02:00,12812,5135,1322,3690,219,0,3,901,66,1438,38,
2025-10-09T03:00,12572,5167,1051,3695,218,0,0,900,64,1439,38,
2025-10-09T04:00,12155,5127,682,3697,217,0,0,901,62,1431,38,
2025-10-09T05:00,11935,5104,501,3665,217,0,0,901,64,1445,38,
2025-10-09T06:00,11387,4960,304,3575,219,3,0,902,56,1330,38,
2025-10-09T07:00,11707,5172,374,3533,220,91,0,901,60,1318,38,
2025-10-09T08:00,11817,5107,379,3600,220,199,0,900,60,1314,38,
2025-10-09T09:00,11898,5049,418,3606,221,298,0,900,50,1318,38,
2025-10-09T10:00,12204,5053,484,3653,221,492,0,901,54,1308,38,
2025-10-09T11:00,12522,5030,796,3630,221,533,0,901,54,1319,38,
2025-10-09T12:00,13041,5138,1267,3718,221,418,1,900,66,1274,38,ডে পিক
2025-10-09T13:00,13346,4832,1755,3627,222,551,16,900,72,1333,38,
2025-10-09T14:00,13362,4909,1845,3581,221,470,15,901,64,1318,38,
2025-10-09T15:00,13369,4974,1869,3681,221,293,10,900,66,1317,38,
2025-10-09T16:00,12850,4635,1821,3740,219,151,5,899,60,1282,38,
2025-10-09T17:00,12780,4632,1973,3653,218,28,3,900,62,1273,38,
2025-10-09T18:00,14183,5022,2834,3739,219,0,1,900,72,1358,38,
2025-10-09T19:00,14671,5007,3439,3596,219,0,0,899,72,1401,38,
2025-10-09T19:30,14695,4986,3563,3518,220,0,0,900,74,1396,38,সন্ধ্যা পিক
2025-10-09T20:00,14616,4932,3537,3515,220,0,0,900,70,1404,38,
2025-10-09T21:00,14416,4918,3298,3560,220,0,0,901,72,1409,38,
2025-10-09T22:00,14317,4856,3163,3671,220,0,0,899,68,1402,38,
2025-10-09T23:00,14102,4786,3032,3661,222,0,0,900,76,1387,38,
2025-10-10T00:00,14099,4914,2941,3642,222,0,0,900,78,1364,38,
2025-10-10T01:00,13615,4844,2545,3629,222,0,1,900,72,1364,38,
2025-10-10T02:00,13160,4829,2087,3650,220,0,0,901,74,1361,38,
2025-10-10T03:00,12628,4887,1472,3684,219,0,0,901,62,1365,38,
2025-10-10T04:00,12330,4909,1138,3695,218,0,0,901,66,1365,38,
2025-10-10T05:00,11965,4894,814,3676,218,0,0,902,62,1361,38,
2025-10-10T06:00,11391,4872,432,3592,178,1,0,903,62,1313,38,
2025-10-10T07:00,11115,4813,326,3504,179,71,2,903,62,1217,38,
2025-10-10T08:00,11136,4722,347,3460,180,213,0,903,58,1215,38,
2025-10-10T09:00,10880,4620,296,3232,180,435,8,903,54,1114,38,
2025-10-10T10:00,10934,4703,258,3179,181,564,5,927,56,1023,38,
2025-10-10T11:00,11164,4808,313,3301,80,620,0,926,64,1014,38,
2025-10-10T12:00,11828,4835,440,3621,98,612,0,937,70,1177,38,ডে পিক
2025-10-10T13:00,12393,4853,760,3624,156,644,0,926,74,1318,38,
2025-10-10T14:00,11435,4494,775,3341,172,414,1,927,62,1211,38,
2025-10-10T15:00,11118,4473,620,3343,172,264,0,926,62,1220,38,
2025-10-10T16:00,10542,4587,503,3077,218,108,5,926,60,1020,38,
2025-10-10T17:00,10470,4472,505,3138,218,27,3,927,56,1086,38,
2025-10-10T18:00,12031,4611,1505,3345,219,0,1,926,66,1320,38,
2025-10-10T19:00,12780,4868,1724,3622,220,0,1,925,64,1318,38,
2025-10-10T19:30,12825,4951,1701,3637,220,0,2,927,66,1283,38,
2025-10-10T20:00,12934,5073,1696,3650,221,0,0,920,64,1272,38,সন্ধ্যা পিক
2025-10-10T21:00,12865,5014,1653,3655,222,0,1,901,68,1313,38,
2025-10-10T22:00,12785,4841,1586,3806,222,0,0,901,72,1319,38,
2025-10-10T23:00,12770,4859,1551,3798,222,0,8,900,74,1320,38,
2025-10-11T00:00,12627,4885,1405,3779,222,0,6,901,76,1315,38,
2025-10-11T01:00,12358,4853,1170,3796,222,0,1,901,68,1309,38,
2025-10-11T02:00,11857,4651,875,3778,222,0,9,900,70,1314,38,
2025-10-11T03:00,11439,4767,563,3647,220,0,11,901,66,1226,38,
2025-10-11T04:00,11197,4793,393,3560,218,0,11,901,64,1219,38,
2025-10-11T05:00,10895,4926,106,3508,218,0,6,901,66,1126,38,
2025-10-11T06:00,10736,4826,106,3468,218,0,7,901,58,1114,38,
2025-10-11T07:00,10846,4659,130,3599,220,78,1,901,52,1168,38,
2025-10-11T08:00,10728,4487,146,3550,180,203,1,902,56,1165,38,
2025-10-11T09:00,10723,4457,244,3383,180,290,1,902,62,1166,38,
2025-10-11T10:00,10792,4546,366,3202,180,433,3,901,38,901,38,
2025-10-11T11:00,11122,4802,336,3285,180,456,0,902,56,1067,38,
2025-10-11T12:00,11780,4866,402,3573,180,608,1,901,54,1157,38,ডে পিক
2025-10-11T13:00,11951,4691,591,3666,180,535,23,901,58,1268,38,
2025-10-11T14:00,11779,4517,650,3673,180,462,31,902,60,1266,38,
2025-10-11T15:00,11818,4675,676,3688,182,311,19,901,66,1262,38,
2025-10-11T16:00,11724,4517,888,3679,180,195,13,901,52,1261,38,
2025-10-11T17:00,11780,4446,1110,3699,218,38,2,901,60,1268,38,
2025-10-11T18:00,13235,4627,2262,3760,218,0,0,902,70,1358,38,
2025-10-11T19:00,14101,4561,3060,3899,218,0,0,901,68,1356,38,সন্ধ্যা পিক
2025-10-11T19:30,13944,4574,2891,3897,218,0,0,901,60,1365,38,
2025-10-11T20:00,13882,4600,2868,3896,220,0,0,835,66,1359,38,
2025-10-11T21:00,13692,4624,2586,3900,220,0,4,902,66,1352,38,
2025-10-11T22:00,13577,4758,2334,3897,220,0,6,901,62,1361,38,
2025-10-11T23:00,13505,4796,2230,3899,220,0,8,901,64,1349,38,
2025-10-12T00:00,13159,4803,1947,3810,220,0,7,901,66,1367,38,
2025-10-12T01:00,12688,4612,1723,3773,220,0,3,902,64,1353,38,
2025-10-12T02:00,12077,4561,1190,3739,218,0,5,901,66,1359,38,
2025-10-12T03:00,11723,4632,829,3675,218,0,0,901,62,1368,38,
2025-10-12T04:00,11331,5404,706,3684,218,0,2,901,66,1212,38,
2025-10-12T05:00,11118,4468,701,3674,218,0,1,902,54,1062,38,
2025-10-12T06:00,10917,4460,712,3540,218,0,0,902,56,991,38,
2025-10-12T07:00,11165,4690,725,3527,218,79,0,901,60,927,38,
2025-10-12T08:00,11362,4743,765,3641,218,276,0,902,56,723,38,
2025-10-12T09:00,11460,4536,800,3686,220,485,0,902,50,743,38,
2025-10-12T10:00,11788,4564,1029,3680,220,555,0,902,60,740,38,
2025-10-12T11:00,12215,4700,1300,3656,180,624,0,902,64,751,38,
2025-10-12T12:00,12912,4779,1692,3850,181,668,0,901,60,743,38,ডে পিক
2025-10-12T13:00,13221,4562,2153,3883,221,651,5,901,64,743,38,
2025-10-12T14:00,13336,4401,2497,3895,219,570,0,901,72,743,38,
2025-10-12T15:00,13406,4558,2631,3885,215,377,0,901,72,729,38,
2025-10-12T16:00,13237,4502,2675,3868,215,230,0,901,64,744,38,
2025-10-12T17:00,12885,4380,2827,3683,214,41,0,901,60,741,38,
2025-10-12T18:00,13571,4586,3227,3786,216,0,1,901,76,740,38,
2025-10-12T19:00,13850,4635,3375,3864,216,0,0,902,76,744,38,
2025-10-12T19:30,14007,4761,3408,3869,216,0,0,901,74,740,38,সন্ধ্যা পিক
2025-10-12T20:00,13947,4702,3412,3863,217,0,0,901,38,742,38,
2025-10-12T21:00,13832,4766,3221,3879,218,0,0,902,74,734,38,
2025-10-12T22:00,13815,4786,3154,3896,219,0,0,902,76,744,38,
2025-10-12T23:00,13724,4754,3062,3912,219,0,0,901,76,762,38,
2025-10-13T00:00,13618,4757,2960,3907,219,0,0,902,68,767,38,
2025-10-13T01:00,13251,4754,2715,3807,220,0,0,894,66,757,38,
2025-10-13T02:00,12751,4705,2294,3788,220,0,0,894,70,742,38,
2025-10-13T03:00,12170,4753,1645,3812,218,0,0,894,68,742,38,
2025-10-13T04:00,11771,4777,1242,3799,218,0,0,894,64,739,38,
2025-10-13T05:00,11578,4794,1119,3707,218,0,0,894,60,748,38,
2025-10-13T06:00,11096,4729,787,3621,218,0,4,894,58,747,38,
2025-10-13T07:00,11377,4727,862,3730,218,108,4,894,50,746,38,
2025-10-13T08:00,11466,4536,914,3747,220,309,7,891,56,748,38,
2025-10-13T09:00,11585,4516,876,3718,220,513,8,892,56,748,38,
2025-10-13T10:00,11964,4619,1053,3742,220,600,1,892,54,745,38,
2025-10-13T11:00,12406,4574,1423,3766,218,697,0,892,56,742,38,
2025-10-13T12:00,13040,4591,2115,3748,218,632,0,892,62,744,38,ডে পিক
2025-10-13T13:00,13309,4591,2390,3711,218,659,0,891,66,745,38,
2025-10-13T14:00,13393,4729,2425,3746,218,528,4,892,64,749,38,
2025-10-13T15:00,13579,4822,2508,3822,219,432,18,891,66,763,38,
2025-10-13T16:00,13342,4717,2612,3805,219,220,7,891,70,763,38,
2025-10-13T17:00,13074,4686,2695,3673,219,41,3,892,64,767,38,
2025-10-13T18:00,13617,4741,3152,3738,218,0,0,891,72,767,38,
2025-10-13T19:00,13854,4640,3462,3777,217,0,5,890,74,751,38,
2025-10-13T19:30,14150,4844,3464,3866,209,0,5,891,76,757,38,সন্ধ্যা পিক
2025-10-13T20:00,14106,4898,3345,3888,218,0,8,891,66,754,38,
2025-10-13T21:00,14040,4915,3227,3906,218,0,10,891,66,769,38,
2025-10-13T22:00,13936,4869,3148,3917,219,0,11,891,74,769,38,
2025-10-13T23:00,13680,4858,3014,3823,220,0,2,891,74,760,38,
2025-10-14T00:00,13628,4855,2962,3825,220,0,0,891,74,763,38,
2025-10-14T01:00,13344,4834,2734,3788,221,0,5,891,70,763,38,
2025-10-14T02:00,12751,4820,2166,3795,219,0,6,892,62,753,38,
2025-10-14T03:00,12128,4817,1535,3797,219,0,10,891,62,759,38,
2025-10-14T04:00,11893,4859,1244,3805,219,0,7,891,68,762,38,
2025-10-14T05:00,11521,4863,940,3732,219,0,4,891,66,768,38,
2025-10-14T06:00,11167,4821,688,3685,219,0,2,891,58,765,38,
2025-10-14T07:00,11397,4903,686,3723,219,120,3,891,48,766,38,
2025-10-14T08:00,11474,4523,884,3793,219,330,0,891,38,758,38,
2025-10-14T09:00,11704,4521,979,3733,219,530,0,891,32,761,38,
2025-10-14T10:00,12076,4627,1034,3788,219,664,0,891,52,763,38,
2025-10-14T11:00,12697,4760,1524,3725,219,724,0,893,54,760,38,
2025-10-14T12:00,13174,4784,1916,3798,219,722,0,893,48,756,38,ডে পিক
2025-10-14T13:00,13565,4875,2162,3842,219,704,0,893,78,754,38,
2025-10-14T14:00,13663,4816,2379,3897,219,584,5,892,76,757,38,
2025-10-14T15:00,13559,4798,2427,3886,221,437,6,892,84,770,38,
2025-10-14T16:00,13294,4697,2492,3880,221,228,4,892,78,764,38,
2025-10-14T17:00,13196,4635,2660,3880,221,39,0,892,66,765,38,
2025-10-14T18:00,13615,4712,3067,3846,221,0,0,891,82,758,38,
2025-10-14T19:00,13921,4753,3294,3882,221,0,0,891,80,762,38,সন্ধ্যা পিক
2025-10-14T19:30,13888,4790,3204,3909,220,0,0,891,84,752,38,
2025-10-14T20:00,13913,4821,3185,3910,220,0,4,891,84,760,38,
2025-10-14T21:00,13796,4802,3099,3910,219,0,0,891,74,763,38,
2025-10-14T22:00,13727,4770,3040,3914,219,0,8,891,82,765,38,
2025-10-14T23:00,13575,4774,2895,3913,219,0,5,890,82,759,38,
2025-10-15T00:00,13453,4739,2798,3918,219,0,2,896,82,761,38,
2025-10-15T01:00,13151,4711,2534,3917,220,0,0,896,78,757,38,
2025-10-15T02:00,13017,4673,2437,3917,220,0,0,896,76,760,38,
2025-10-15T03:00,12379,4596,1905,3897,221,0,0,896,66,760,38,
2025-10-15T04:00,12091,4664,1546,3896,221,0,0,896,72,758,38,
2025-10-15T05:00,11669,4592,1200,3896,221,0,0,897,64,761,38,
2025-10-15T06:00,11479,4548,1163,3789,221,0,0,896,62,762,38,
2025-10-15T07:00,11841,4710,1196,3854,221,103,0,897,64,758,38,
2025-10-15T08:00,11888,4430,1328,3863,219,314,0,883,56,757,38,
2025-10-15T09:00,11994,4432,1315,3802,219,494,0,883,58,753,38,
2025-10-15T10:00,12304,4645,1310,3763,218,633,0,883,64,750,38,
2025-10-15T11:00,12892,4769,1672,3816,218,668,0,898,68,745,38,
2025-10-15T12:00,12931,4756,1786,3806,218,609,1,898,72,747,38,ডে পিক
2025-10-15T13:00,12971,4681,1893,3812,218,604,0,898,74,753,38,
2025-10-15T14:00,12958,4665,1973,3816,218,528,0,899,68,753,38,
2025-10-15T15:00,12905,4654,2036,3800,220,442,0,898,68,749,38,
2025-10-15T16:00,12777,4626,2170,3787,221,216,0,898,68,753,38,
2025-10-15T17:00,12621,4622,2304,3687,221,36,0,899,68,746,38,
2025-10-15T18:00,13290,4720,2605,3993,222,0,0,898,76,738,38,
2025-10-15T19:00,13458,4670,2850,3968,222,0,0,898,78,734,38,
2025-10-15T19:30,13552,4698,2864,4025,222,0,0,898,80,727,38,
2025-10-15T20:00,13630,4737,2915,4011,222,0,0,898,74,735,38,
2025-10-15T21:00,13704,4815,2846,4056,221,0,14,898,84,732,38,সন্ধ্যা পিক
2025-10-15T22:00,13454,4689,2726,4070,221,0,0,898,80,732,38,
2025-10-15T23:00,13219,4590,2611,4050,218,0,2,898,80,732,38,
2025-10-16T00:00,13009,4545,2587,3926,218,0,0,898,82,715,38,
2025-10-16T01:00,12665,4402,2314,3867,218,0,0,898,74,854,38,
2025-10-16T02:00,12704,4377,2266,3904,218,0,0,897,74,930,38,
2025-10-16T03:00,12790,4314,2259,3918,221,0,0,899,76,1065,38,
2025-10-16T04:00,12372,4365,1653,3908,221,0,0,898,74,1215,38,
2025-10-16T05:00,11911,4479,1094,3725,221,0,2,898,68,1386,38,
2025-10-16T06:00,11782,4389,1056,3663,221,0,0,899,70,1446,38,
2025-10-16T07:00,12283,4622,1204,3691,221,101,0,898,68,1440,38,
2025-10-16T08:00,12162,4253,1394,3548,220,305,3,897,62,1442,38,
2025-10-16T09:00,12024,4416,1238,3346,220,489,0,898,62,1317,38,
2025-10-16T10:00,12478,4444,1436,3439,220,607,0,899,70,1325,38,
2025-10-16T11:00,12910,4568,1621,3581,219,636,0,898,72,1277,38,
2025-10-16T12:00,13296,4715,1643,3798,220,644,0,900,68,1270,38,ডে পিক
2025-10-16T13:00,13631,4796,1717,3878,218,632,1,900,82,1369,38,
2025-10-16T14:00,13511,4771,1658,3946,218,491,4,900,82,1403,38,
2025-10-16T15:00,13584,4785,1813,3912,219,398,2,900,82,1435,38,
2025-10-16T16:00,13454,4856,1862,3843,220,195,1,900,78,1461,38,
2025-10-16T17:00,13216,4626,2129,3739,218,34,0,900,74,1458,38,
2025-10-16T18:00,13973,4805,2665,3803,218,0,0,900,78,1466,38,
2025-10-16T19:00,14061,4576,2920,3864,218,0,0,900,74,1471,38,
2025-10-16T19:30,14226,4764,2862,3897,220,0,0,901,76,1468,38,
2025-10-16T20:00,14318,4785,2866,3952,220,0,0,900,86,1471,38,সন্ধ্যা পিক
2025-10-16T21:00,14246,4833,2706,4017,220,0,0,900,78,1454,38,
2025-10-16T22:00,14159,4736,2625,4129,220,0,0,873,78,1460,38,
2025-10-16T23:00,14129,4736,2583,4124,219,0,0,873,88,1468,38,
2025-10-17T00:00,13986,4678,2452,4172,218,0,0,874,84,1470,38,
2025-10-17T01:00,13750,4711,2165,4211,218,0,0,874,74,1459,38,
2025-10-17T02:00,13365,4764,1829,4099,219,0,1,873,78,1464,38,
2025-10-17T03:00,12713,4792,1124,4134,220,0,0,873,72,1460,38,
2025-10-17T04:00,12465,4827,810,4150,221,0,0,873,74,1472,38,
2025-10-17T05:00,12096,4812,633,4095,221,0,0,873,72,1352,38,
2025-10-17T06:00,11876,4821,596,3936,222,0,0,873,68,1322,38,
2025-10-17T07:00,11611,4792,645,3763,222,94,0,873,58,1126,38,
2025-10-17T08:00,11543,4785,603,3622,222,295,0,899,54,1025,38,
2025-10-17T09:00,11289,4696,573,3405,222,473,0,899,50,933,38,
2025-10-17T10:00,11360,4808,435,3395,222,608,0,878,50,926,38,
2025-10-17T11:00,11822,4919,552,3484,222,692,0,878,54,983,38,
2025-10-17T12:00,12574,4762,994,3920,219,673,2,878,58,1030,38,ডে পিক
2025-10-17T13:00,12994,4880,1133,4004,218,636,0,878,64,1143,38,
2025-10-17T14:00,12443,4912,784,3904,218,485,0,878,62,1162,38,
2025-10-17T15:00,12521,4956,754,3919,222,407,0,878,68,1279,38,
2025-10-17T16:00,12085,4823,636,3937,222,205,0,888,64,1272,38,
2025-10-17T17:00,11760,4631,703,3935,222,30,0,888,60,1253,38,
2025-10-17T18:00,13387,4868,1806,4094,222,0,0,850,76,1433,38,
2025-10-17T19:00,14149,4882,2546,4065,222,0,0,851,76,1469,38,সন্ধ্যা পিক
2025-10-17T19:30,14103,5008,2346,4096,222,0,0,858,76,1459,38,
2025-10-17T20:00,14094,4959,2370,4114,222,0,0,858,70,1463,38,
2025-10-17T21:00,13633,5074,2341,3562,222,0,0,858,74,1464,38,
2025-10-17T22:00,14255,5103,2756,3721,222,0,0,864,74,1477,38,
2025-10-17T23:00,14175,5032,2705,3757,222,0,0,864,80,1477,38,
2025-10-18T00:00,14303,4921,2701,4006,221,0,0,863,78,1475,38,
2025-10-18T01:00,13610,4983,2130,3829,220,0,0,873,70,1467,38,
2025-10-18T02:00,13147,5038,1574,3857,219,0,0,873,78,1470,38,
2025-10-18T03:00,12696,5100,1042,3879,219,0,0,873,70,1475,38,
2025-10-18T04:00,12069,5079,524,3806,220,0,0,874,64,1464,38,
2025-10-18T05:00,11905,5170,427,3722,220,0,0,873,64,1391,38,
2025-10-18T06:00,11595,5093,393,3632,222,0,0,873,62,1282,38,
2025-10-18T07:00,11493,5145,413,3546,222,77,0,873,62,1117,38,
2025-10-18T08:00,11602,5045,437,3510,222,299,0,873,38,1140,38,
2025-10-18T09:00,11569,4964,455,3445,222,469,0,873,38,1065,38,
2025-10-18T10:00,11435,4848,459,3383,222,597,0,873,39,976,38,
2025-10-18T11:00,11842,5044,396,3589,220,659,0,873,42,981,38,
2025-10-18T12:00,12309,5101,585,3854,220,595,0,873,43,1000,38,ডে পিক
2025-10-18T13:00,13007,5100,1198,3938,221,559,0,874,47,1032,38,
2025-10-18T14:00,13203,5111,1397,3971,221,471,0,873,43,1078,38,
2025-10-18T15:00,13447,5150,1511,3965,220,333,0,872,44,1314,38,
2025-10-18T16:00,13157,5009,1452,3983,220,196,0,873,65,1321,38,
2025-10-18T17:00,12977,4863,1633,3910,221,26,0,873,68,1345,38,
2025-10-18T18:00,14184,4962,2545,4011,222,0,0,872,78,1456,38,
2025-10-18T19:00,14626,5041,2873,4059,222,0,0,873,78,1442,38,
2025-10-18T19:30,14835,5188,3018,3954,222,0,0,873,84,1458,38,
2025-10-18T20:00,14967,5150,3052,4087,222,0,0,873,82,1463,38,
2025-10-18T21:00,15144,5352,3025,4090,222,0,0,873,82,1462,38,সন্ধ্যা পিক
2025-10-18T22:00,14869,5216,2896,4090,222,0,0,873,76,1458,38,
2025-10-18T23:00,14618,5150,2703,4087,219,0,0,873,80,1468,38,
2025-10-19T00:00,14615,5160,2691,4110,218,0,0,873,84,1461,38,
2025-10-19T01:00,13999,5039,2196,4091,217,0,0,873,80,1465,38,
2025-10-19T02:00,13834,5048,2133,3985,217,0,0,874,74,1465,38,
2025-10-19T03:00,13507,5029,1950,3869,216,0,0,873,70,1462,38,
2025-10-19T04:00,13040,5019,1478,3879,217,0,0,873,70,1466,38,
2025-10-19T05:00,12596,4996,1077,3861,217,0,0,874,68,1465,38,
2025-10-19T06:00,12270,4972,762,3868,220,0,0,873,64,1473,38,
2025-10-19T07:00,12319,4939,746,3868,221,98,0,873,64,1472,38,
2025-10-19T08:00,12537,4923,785,3859,222,309,0,873,62,1466,38,
2025-10-19T09:00,12602,5135,808,3855,222,477,0,873,56,1138,38,
2025-10-19T10:00,12789,5066,921,3835,222,636,0,873,55,1143,38,
2025-10-19T11:00,13200,5155,1178,3856,222,675,1,873,62,1140,38,
2025-10-19T12:00,13434,5144,1451,3857,220,640,0,873,69,1142,38,ডে পিক
2025-10-19T13:00,13459,5093,1602,3851,220,549,1,873,38,1150,38,
2025-10-19T14:00,13058,4820,1442,3899,218,545,7,872,80,1137,38,
2025-10-19T15:00,13176,4950,1481,3952,219,421,6,873,75,1161,38,
2025-10-19T16:00,13188,4930,1526,3915,220,212,2,873,79,1393,38,
2025-10-19T17:00,13041,4849,1690,3812,220,32,0,873,78,1449,38,
2025-10-19T18:00,13938,4981,2356,3932,221,0,0,873,84,1453,38,
2025-10-19T19:00,14245,5049,2565,3953,221,0,0,873,84,1462,38,
2025-10-19T19:30,14353,5120,2598,3947,222,0,0,873,90,1465,38,সন্ধ্যা পিক
2025-10-19T20:00,14213,5087,2529,3926,222,0,0,873,84,1454,38,
2025-10-19T21:00,14081,5098,2415,3889,220,0,0,873,86,1462,38,
2025-10-19T22:00,14049,5104,2375,3887,222,0,0,873,88,1462,38,
2025-10-19T23:00,13835,5070,2201,3884,222,0,0,873,92,1455,38,
2025-10-20T00:00,13909,5046,2203,3979,222,0,0,873,84,1464,38,
2025-10-20T01:00,13643,5124,1887,3972,220,0,0,878,82,1442,38,
2025-10-20T02:00,13567,5135,1784,3974,220,0,0,877,82,1457,38,
2025-10-20T03:00,13423,5024,1773,3948,220,0,0,877,80,1463,38,
2025-10-20T04:00,13000,5022,1336,3969,220,0,0,877,76,1462,38,
2025-10-20T05:00,12463,5059,753,3962,220,0,0,877,74,1480,38,
2025-10-20T06:00,12171,4934,711,3861,220,0,2,877,68,1460,38,
2025-10-20T07:00,12338,5109,601,3858,220,97,2,877,72,1464,38,
2025-10-20T08:00,12265,4998,435,3829,222,309,0,887,72,1475,38,
2025-10-20T09:00,12388,4981,417,3832,222,508,0,888,70,1432,38,
2025-10-20T10:00,12865,5038,663,3972,222,661,0,887,69,1315,38,
2025-10-20T11:00,13176,4918,936,4030,222,724,0,887,78,1343,38,
2025-10-20T12:00,13547,5064,1176,3986,221,731,0,904,83,1344,38,ডে পিক
2025-10-20T13:00,13752,5087,1226,4061,219,668,0,904,85,1464,38,
2025-10-20T14:00,13719,5010,1294,4103,219,610,0,904,84,1457,38,
2025-10-20T15:00,13619,4978,1351,4148,219,440,2,905,81,1457,38,
2025-10-20T16:00,13413,4966,1418,4108,219,213,1,905,80,1465,38,
2025-10-20T17:00,13192,4948,1515,3994,220,32,0,904,76,1465,38,
2025-10-20T18:00,14143,4886,2351,4192,220,0,0,902,100,1454,38,
2025-10-20T19:00,14389,4880,2580,4202,221,0,0,902,96,1470,38,
2025-10-20T19:30,14630,4988,2525,4399,221,0,0,902,84,1473,38,
2025-10-20T20:00,14767,4982,2536,4519,221,0,0,902,94,1475,38,সন্ধ্যা পিক
2025-10-20T21:00,14699,4948,2389,4651,221,0,0,902,86,1464,38,
2025-10-20T22:00,14621,4848,2357,4707,221,0,0,901,98,1451,38,
2025-10-20T23:00,14535,4901,2142,4772,222,0,0,904,98,1458,38,
2025-10-21T00:00,14463,4953,2086,4695,221,0,0,903,90,1477,38,
2025-10-21T01:00,14142,4970,1744,4696,220,0,0,903,94,1477,38,
2025-10-21T02:00,13828,4946,1567,4585,219,0,0,902,94,1477,38,
2025-10-21T03:00,13219,4913,1123,4604,218,0,0,903,82,1338,38,
2025-10-21T04:00,12891,4905,976,4554,218,0,0,903,86,1211,38,
2025-10-21T05:00,12456,4931,486,4610,219,0,0,903,86,1183,38,
2025-10-21T06:00,12177,4891,406,4483,219,0,0,903,72,1165,38,
2025-10-21T07:00,12335,5000,439,4503,220,86,0,903,70,1076,38,
2025-10-21T08:00,12438,4967,466,4392,220,341,0,910,72,910,38,
2025-10-21T09:00,12574,4977,468,4313,221,537,0,916,73,1031,38,
2025-10-21T10:00,12692,5000,587,4214,221,670,0,916,70,976,38,
2025-10-21T11:00,13052,4994,971,4127,221,716,0,922,79,984,38,
2025-10-21T12:00,13401,4998,1166,4221,221,726,0,930,80,1021,38,ডে পিক
2025-10-21T13:00,13669,4975,1292,4336,220,681,0,930,84,1113,38,
2025-10-21T14:00,13653,4959,1286,4375,220,590,0,929,84,1172,38,
2025-10-21T15:00,13703,4998,1346,4435,220,445,0,930,92,1199,38,
2025-10-21T16:00,13580,5001,1472,4390,216,224,1,930,94,1214,38,
2025-10-21T17:00,13500,4857,1653,4317,216,31,1,929,82,1376,38,
2025-10-21T18:00,14547,4853,2455,4478,218,0,0,929,100,1476,38,
2025-10-21T19:00,15545,5103,2822,4878,218,0,0,930,86,1470,38,সন্ধ্যা পিক
2025-10-21T19:30,15415,5106,2752,4804,218,0,0,929,90,1478,38,
2025-10-21T20:00,15381,5090,2734,4810,220,0,0,929,88,1472,38,
2025-10-21T21:00,15257,5007,2702,4803,220,0,0,930,92,1465,38,
2025-10-21T22:00,15129,4968,2634,4781,220,0,0,930,98,1460,38,
2025-10-21T23:00,14725,4853,2357,4759,221,0,0,930,98,1469,38,
2025-10-22T00:00,14638,4929,2177,4791,221,0,0,930,94,1458,38,
2025-10-22T01:00,13988,4990,1540,4726,220,0,0,930,94,1450,38,
2025-10-22T02:00,13506,4997,1072,4723,218,0,0,930,92,1436,38,
2025-10-22T03:00,13090,4995,763,4733,218,0,0,930,92,1321,38,
2025-10-22T04:00,12695,5041,546,4616,218,0,0,929,82,1225,38,
2025-10-22T05:00,12578,5035,484,4567,218,0,0,930,80,1226,38,
2025-10-22T06:00,12327,5015,339,4506,218,0,0,930,76,1205,38,
2025-10-22T07:00,12518,5122,305,4568,220,118,0,930,70,1147,38,
2025-10-22T08:00,12454,4921,323,4485,220,340,0,929,70,1128,38,
2025-10-22T09:00,12530,4974,451,4285,221,528,0,929,72,1032,38,
2025-10-22T10:00,12996,4925,946,4157,221,663,0,930,71,1045,38,
2025-10-22T11:00,13233,5058,1135,4092,222,653,0,930,79,1026,38,
2025-10-22T12:00,13587,5026,1293,4138,222,727,0,930,80,1133,38,ডে পিক
2025-10-22T13:00,13842,5101,1365,4187,222,650,0,930,79,1270,38,
2025-10-22T14:00,13865,5039,1413,4202,220,571,0,929,75,1378,38,
2025-10-22T15:00,13733,5014,1444,4231,216,420,1,929,81,1376,38,
2025-10-22T16:00,13576,4925,1481,4286,216,221,6,930,92,1381,38,
2025-10-22T17:00,13450,4884,1589,4302,214,29,2,930,86,1376,38,
2025-10-22T18:00,14854,4980,2575,4555,214,0,0,930,92,1470,38,
2025-10-22T19:00,15636,4977,2894,5015,216,0,0,930,98,1468,38,সন্ধ্যা পিক
2025-10-22T19:30,15528,4972,2871,4948,216,0,0,930,94,1459,38,
2025-10-22T20:00,15484,4957,2842,4944,220,0,0,929,90,1464,38,
2025-10-22T21:00,15268,5010,2606,4916,220,0,0,929,90,1459,38,
2025-10-22T22:00,15030,4883,2481,4922,220,0,0,929,96,1461,38,
2025-10-22T23:00,14803,4890,2199,4964,222,0,0,929,94,1467,38,
2025-10-23T00:00,14387,4903,1881,4854,222,0,0,929,92,1468,38,
2025-10-23T01:00,14062,4856,1740,4738,221,0,0,930,82,1457,38,
2025-10-23T02:00,13618,4874,1369,4646,219,0,0,930,80,1462,38,
2025-10-23T03:00,13215,4865,1021,4601,219,0,0,931,76,1464,38,
2025-10-23T04:00,12885,4881,827,4588,219,0,0,930,74,1328,38,
2025-10-23T05:00,12540,4882,580,4499,219,0,0,930,74,1318,38,
2025-10-23T06:00,12303,4897,552,4361,219,0,0,930,76,1230,38,
2025-10-23T07:00,12510,4966,562,4382,220,111,1,930,72,1228,38,
2025-10-23T08:00,12441,4685,594,4404,220,316,0,930,72,1182,38,
2025-10-23T09:00,12558,4600,599,4423,220,500,1,931,64,1182,38,
2025-10-23T10:00,12779,4741,796,4359,221,590,0,931,64,1039,38,
2025-10-23T11:00,13333,4905,1172,4327,221,655,0,931,72,1012,38,
2025-10-23T12:00,13585,5002,1317,4342,221,613,0,931,78,1043,38,ডে পিক
2025-10-23T13:00,13773,4832,1444,4370,221,627,0,930,82,1229,38,
2025-10-23T14:00,13567,4718,1450,4375,219,521,0,931,88,1227,38,
2025-10-23T15:00,13742,4895,1496,4418,219,389,6,930,88,1263,38,
2025-10-23T16:00,13682,5001,1542,4445,218,184,5,931,86,1232,38,
2025-10-23T17:00,13436,4670,1690,4563,219,23,0,930,82,1221,38,
2025-10-23T18:00,15366,5019,2779,4858,219,0,0,931,90,1432,38,
2025-10-23T19:00,15421,4881,3078,4722,220,0,0,930,90,1462,38,সন্ধ্যা পিক
2025-10-23T19:30,15374,4885,3040,4710,220,0,0,930,86,1465,38,
2025-10-23T20:00,15320,4881,2981,4716,221,0,0,929,88,1466,38,
2025-10-23T21:00,15151,4836,2866,4715,222,0,3,920,82,1469,38,
2025-10-23T22:00,14834,4929,2467,4697,222,0,2,920,90,1469,38,
2025-10-23T23:00,14524,5047,2096,4634,222,0,8,920,94,1465,38,
2025-10-24T00:00,14443,5066,1967,4667,222,0,2,921,92,1468,38,
2025-10-24T01:00,13978,5025,1562,4660,222,0,2,920,90,1459,38,
2025-10-24T02:00,13515,4997,1178,4612,220,0,0,920,86,1464,38,
2025-10-24T03:00,13063,4993,711,4633,218,0,0,921,84,1465,38,
2025-10-24T04:00,12578,5009,384,4622,217,0,0,887,84,1337,38,
2025-10-24T05:00,12405,4971,319,4571,218,0,0,888,80,1320,38,
2025-10-24T06:00,11738,4744,261,4345,219,0,0,887,74,1170,38,
2025-10-24T07:00,11572,4809,254,4063,219,86,0,887,70,1146,38,
2025-10-24T08:00,11629,4720,286,3990,219,306,0,887,64,1119,38,
2025-10-24T09:00,11248,4385,295,3877,180,488,0,887,64,1034,38,
2025-10-24T10:00,11310,4512,312,3780,181,571,0,887,60,969,38,
2025-10-24T11:00,11775,4733,311,3956,182,651,0,888,74,942,38,
2025-10-24T12:00,12323,4925,487,4038,182,610,0,915,80,1048,38,ডে পিক
2025-10-24T13:00,12990,4927,790,4361,182,582,0,914,80,1116,38,
2025-10-24T14:00,12320,4735,602,4071,181,567,0,915,82,1129,38,
2025-10-24T15:00,12396,4976,566,4129,174,394,0,915,82,1122,38,
2025-10-24T16:00,11923,4906,472,4068,174,176,0,914,68,1107,38,
2025-10-24T17:00,11471,4536,631,3944,214,21,2,914,62,1109,38,
2025-10-24T18:00,13739,5093,1884,4199,214,0,0,914,76,1321,38,
2025-10-24T19:00,13816,4833,1894,4471,214,0,0,914,80,1372,38,
2025-10-24T19:30,13774,5077,1427,4553,214,0,0,915,78,1472,38,
2025-10-24T20:00,13825,5144,1378,4578,220,0,0,915,84,1468,38,
2025-10-24T21:00,13867,5163,1316,4668,220,0,0,914,86,1462,38,সন্ধ্যা পিক
2025-10-24T22:00,13899,5232,1266,4690,220,0,0,914,74,1465,38,
2025-10-24T23:00,13925,5246,1253,4746,220,0,0,887,88,1447,38,
2025-10-25T00:00,13818,5018,1214,4905,220,0,0,887,80,1456,38,
2025-10-25T01:00,13495,4955,1125,4730,220,0,0,887,78,1462,38,
2025-10-25T02:00,12838,4838,992,4314,218,0,0,887,80,1471,38,
2025-10-25T03:00,12389,4814,544,4360,218,0,0,887,78,1450,38,
2025-10-25T04:00,12115,4906,374,4282,218,0,0,888,76,1333,38,
2025-10-25T05:00,11773,4949,210,4129,218,0,0,888,68,1273,38,
2025-10-25T06:00,11494,4912,151,3946,218,0,0,888,68,1273,38,
2025-10-25T07:00,11664,5009,170,3911,218,75,4,888,60,1291,38,
2025-10-25T08:00,11909,5078,196,3905,219,243,1,888,62,1279,38,
2025-10-25T09:00,11649,4648,312,3899,219,405,10,887,60,1171,38,
2025-10-25T10:00,11688,4841,282,3709,221,591,9,887,68,1042,38,
2025-10-25T11:00,12100,5037,410,3843,221,648,2,887,70,944,38,
2025-10-25T12:00,12637,5131,765,3914,221,642,1,894,68,963,38,ডে পিক
2025-10-25T13:00,13138,5166,985,4103,221,531,0,894,76,1124,38,
2025-10-25T14:00,13223,5131,1069,4130,221,484,0,894,80,1176,38,
2025-10-25T15:00,13413,5193,1228,4228,214,359,0,893,76,1184,38,
2025-10-25T16:00,13138,5052,1301,4210,214,178,0,893,76,1176,38,
2025-10-25T17:00,13093,5041,1463,4097,214,20,5,893,76,1246,38,
2025-10-25T18:00,14954,5339,2684,4250,214,0,0,894,80,1455,38,
2025-10-25T19:00,15235,5211,3042,4306,218,0,1,893,78,1448,38,সন্ধ্যা পিক
2025-10-25T19:30,15186,5301,2902,4283,218,0,0,893,80,1471,38,
2025-10-25T20:00,15141,5269,2912,4278,218,0,0,893,76,1457,38,
2025-10-25T21:00,14882,5084,2862,4242,220,0,0,901,80,1455,38,
2025-10-25T22:00,14878,5282,2688,4203,220,0,0,901,82,1464,38,
2025-10-25T23:00,14700,5410,2432,4143,219,0,0,904,84,1470,38,
2025-10-26T00:00,14403,5299,2316,4062,220,0,0,904,88,1476,38,
2025-10-26T01:00,13983,5314,2070,4015,222,0,0,904,84,1336,38,
2025-10-26T02:00,13270,5267,1430,4014,222,0,0,878,80,1341,38,
2025-10-26T03:00,13032,5344,1109,4025,220,0,0,877,82,1337,38,
2025-10-26T04:00,12653,5359,963,3898,219,0,0,877,80,1219,38,
2025-10-26T05:00,12384,5307,799,3885,219,0,0,877,76,1183,38,
2025-10-26T06:00,12167,5246,787,3847,218,0,0,877,66,1088,38,
2025-10-26T07:00,12391,5531,709,3843,219,80,0,877,60,1034,38,
2025-10-26T08:00,12543,5188,968,3807,221,249,0,877,62,1133,38,
2025-10-26T09:00,12662,5051,1090,3735,222,446,0,916,68,1134,38,
2025-10-26T10:00,13071,5006,1196,4021,222,518,0,877,72,1121,38,
2025-10-26T11:00,13326,5088,1290,4121,221,559,0,877,66,1066,38,
2025-10-26T12:00,13864,5268,1523,4189,217,607,0,877,78,1067,38,ডে পিক
2025-10-26T13:00,14135,5221,1682,4269,216,568,0,877,76,1188,38,
2025-10-26T14:00,14090,5142,1730,4292,216,484,0,877,82,1229,38,
2025-10-26T15:00,14051,5205,1668,4384,211,333,14,877,72,1249,38,
2025-10-26T16:00,13960,5177,1708,4420,210,163,23,884,84,1253,38,
2025-10-26T17:00,13658,5119,1750,4297,210,15,2,886,68,1273,38,
2025-10-26T18:00,15292,5197,2772,4639,210,0,0,886,84,1466,38,
2025-10-26T19:00,15574,5178,3018,4677,210,0,0,905,80,1468,38,সন্ধ্যা পিক
2025-10-26T19:30,15419,5228,2785,4702,216,0,0,904,80,1466,38,
2025-10-26T20:00,15311,5243,2569,4795,217,0,0,904,78,1467,38,
2025-10-26T21:00,15065,5301,2313,4740,218,0,0,904,86,1465,38,
2025-10-26T22:00,15007,5346,2150,4811,218,0,0,905,80,1459,38,
2025-10-26T23:00,14712,5282,1925,4789,218,0,0,904,88,1468,38,
2025-10-27T00:00,14536,5200,1850,4783,218,0,0,904,80,1463,38,
2025-10-27T01:00,13973,5086,1450,4741,219,0,0,905,74,1460,38,
2025-10-27T02:00,13505,5035,1110,4661,220,0,0,904,72,1465,38,
2025-10-27T03:00,13134,5039,717,4681,220,0,0,904,70,1465,38,
2025-10-27T04:00,12682,5035,473,4565,219,0,0,904,76,1372,38,
2025-10-27T05:00,12425,5037,372,4513,216,0,0,904,68,1277,38,
2025-10-27T06:00,12168,4988,358,4410,218,0,0,904,64,1188,38,
2025-10-27T07:00,12241,5162,522,4294,218,70,0,904,56,977,38,
2025-10-27T08:00,12549,5089,751,4278,217,233,0,905,58,980,38,
2025-10-27T09:00,12628,4918,846,4235,220,443,0,905,58,965,38,
2025-10-27T10:00,12809,4997,1010,4036,221,582,0,905,60,960,38,
2025-10-27T11:00,13322,4992,1293,4183,221,652,0,904,73,966,38,
2025-10-27T12:00,13840,5033,1589,4352,222,555,0,905,74,1072,38,ডে পিক
2025-10-27T13:00,14111,5056,1621,4418,222,608,1,904,84,1159,38,
2025-10-27T14:00,14012,4948,1634,4465,222,497,2,904,72,1230,38,
2025-10-27T15:00,13974,4985,1610,4463,222,339,0,903,70,1344,38,
2025-10-27T16:00,13811,4974,1624,4502,221,143,0,903,72,1334,38,
2025-10-27T17:00,13700,4946,1742,4455,221,17,0,903,68,1310,38,
2025-10-27T18:00,15321,4912,2817,4928,219,0,0,903,86,1418,38,
2025-10-27T19:00,15644,4918,3195,4821,220,0,0,903,88,1461,38,সন্ধ্যা পিক
2025-10-27T19:30,15510,4899,3166,4750,220,0,0,903,76,1458,38,
2025-10-27T20:00,15336,4906,2992,4743,220,0,0,903,76,1458,38,
2025-10-27T21:00,15304,4926,2927,4753,220,0,0,903,78,1459,38,
2025-10-27T22:00,15040,4934,2698,4705,220,0,0,903,78,1464,38,
2025-10-27T23:00,14890,4976,2489,4712,220,0,0,903,82,1470,38,
2025-10-28T00:00,14653,5031,2215,4690,220,0,0,903,82,1474,38,
2025-10-28T01:00,14047,4956,1665,4708,220,0,0,903,82,1475,38,
2025-10-28T02:00,13620,4951,1315,4646,220,0,0,903,82,1465,38,
2025-10-28T03:00,13262,5004,1077,4567,220,0,0,903,76,1377,38,
2025-10-28T04:00,12727,4914,781,4524,220,0,0,903,76,1271,38,
2025-10-28T05:00,12521,4900,729,4396,220,0,0,903,72,1263,38,
2025-10-28T06:00,12334,4872,810,4152,230,0,0,903,70,1259,38,
2025-10-28T07:00,12401,4951,838,4080,230,69,1,903,64,1227,38,
2025-10-28T08:00,12229,4744,927,3888,230,272,0,903,60,1167,38,
2025-10-28T09:00,12594,4885,1032,3900,230,453,0,903,46,1107,38,
2025-10-28T10:00,12904,4855,1099,4104,230,577,0,903,44,1054,38,
2025-10-28T11:00,13256,4887,1303,4248,230,601,0,904,42,1003,38,
2025-10-28T12:00,13599,4944,1479,4362,230,586,0,903,46,1011,38,ডে পিক
2025-10-28T13:00,13958,4938,1635,4521,230,602,0,903,82,1009,38,
2025-10-28T14:00,13907,4914,1741,4588,222,420,3,903,72,1006,38,
2025-10-28T15:00,13904,4865,1850,4622,222,319,1,903,76,1008,38,
2025-10-28T16:00,13651,4794,1872,4619,222,112,0,904,82,1008,38,
2025-10-28T17:00,13609,4818,2011,4526,221,19,0,903,72,1001,38,
2025-10-28T18:00,14591,4891,2735,4721,220,0,0,903,80,1003,38,
2025-10-28T19:00,14992,4956,2975,4817,218,0,0,903,84,1001,38,
2025-10-28T19:30,15156,4979,3101,4834,218,0,0,904,88,994,38,
2025-10-28T20:00,15189,4987,3118,4841,220,0,0,904,84,997,38,
2025-10-28T21:00,15205,5084,3041,4844,221,0,0,904,78,995,38,সন্ধ্যা পিক
2025-10-28T22:00,14941,4918,2871,4891,221,0,0,903,84,1015,38,
2025-10-28T23:00,14685,4896,2652,4871,221,0,0,902,86,1019,38,
2025-10-29T00:00,14642,4905,2629,4834,221,0,0,903,84,1028,38,
2025-10-29T01:00,14067,4875,2180,4774,221,0,0,903,76,1000,38,
2025-10-29T02:00,13705,4846,2022,4600,221,0,0,903,72,1003,38,
2025-10-29T03:00,13134,4869,1403,4608,220,0,0,903,70,1023,38,
2025-10-29T04:00,12703,4895,936,4620,220,0,0,903,72,1019,38,
2025-10-29T05:00,12585,4890,867,4615,219,0,0,903,50,1003,38,
2025-10-29T06:00,12294,4899,652,4528,219,0,0,904,50,1004,38,
2025-10-29T07:00,12317,4965,680,4402,219,64,0,903,42,1004,38,
2025-10-29T08:00,12313,4839,713,4323,219,193,0,903,64,1021,38,
2025-10-29T09:00,12501,4735,854,4287,219,354,0,903,60,1051,38,
2025-10-29T10:00,12709,4837,1167,3995,219,400,0,903,66,1084,38,
2025-10-29T11:00,13259,4902,1405,4110,222,508,0,929,68,1077,38,
2025-10-29T12:00,13691,4946,1682,4182,221,478,3,930,70,1141,38,ডে পিক
2025-10-29T13:00,13683,4852,1832,4198,221,382,4,930,78,1148,38,
2025-10-29T14:00,13427,4758,1842,4041,219,287,5,930,80,1227,38,
2025-10-29T15:00,13244,4861,1671,4130,221,141,4,929,76,1173,38,
2025-10-29T16:00,12761,4792,1369,4076,221,54,5,930,76,1200,38,
2025-10-29T17:00,12912,4871,1515,4089,221,5,5,929,78,1161,38,
2025-10-29T18:00,14648,5066,2584,4509,219,0,0,930,84,1218,38,
2025-10-29T19:00,14677,4804,2782,4619,219,0,0,929,82,1204,38,সন্ধ্যা পিক
2025-10-29T19:30,14462,4794,2567,4630,219,0,0,929,76,1209,38,
2025-10-29T20:00,14482,4800,2566,4646,218,0,0,930,82,1202,38,
2025-10-29T21:00,13868,4618,2179,4599,218,0,0,930,76,1210,38,
2025-10-29T22:00,13471,4956,1406,4627,219,0,0,930,84,1211,38,
2025-10-29T23:00,13299,4818,1367,4632,219,0,0,929,84,1212,38,
2025-10-30T00:00,13079,4838,1215,4537,219,0,0,930,80,1222,38,
2025-10-30T01:00,12733,4881,1100,4385,221,0,0,916,76,1116,38,
2025-10-30T02:00,12334,4983,978,4389,221,0,0,915,80,730,38,
2025-10-30T03:00,12244,5021,868,4362,222,0,0,916,76,741,38,
2025-10-30T04:00,11857,4938,551,4362,222,0,0,916,76,754,38,
2025-10-30T05:00,11392,4841,391,4164,222,0,0,915,68,753,38,
2025-10-30T06:00,11190,4787,386,4019,221,0,0,915,68,756,38,
2025-10-30T07:00,11371,4865,380,4082,220,54,0,916,64,752,38,
2025-10-30T08:00,11552,4808,477,4107,219,177,0,916,62,748,38,
2025-10-30T09:00,11608,4725,515,4163,219,236,0,916,60,736,38,
2025-10-30T10:00,11632,4678,516,4165,219,294,0,915,66,741,38,
2025-10-30T11:00,12191,5102,602,4183,219,323,0,916,62,746,38,
2025-10-30T12:00,12613,5159,884,4275,219,311,0,915,66,746,38,ডে পিক
2025-10-30T13:00,13116,5187,1294,4274,220,374,0,916,70,743,38,
2025-10-30T14:00,12949,4944,1416,4285,220,319,0,916,68,743,38,
2025-10-30T15:00,12936,5077,1358,4330,222,192,0,903,76,740,38,
2025-10-30T16:00,13014,5097,1358,4480,220,100,1,904,70,746,38,
2025-10-30T17:00,12935,5161,1391,4402,220,6,0,904,74,739,38,
2025-10-30T18:00,14577,5296,2692,4601,220,0,0,905,86,739,38,সন্ধ্যা পিক
2025-10-30T19:00,14396,5125,2598,4686,220,0,0,903,84,742,38,
2025-10-30T19:30,14134,5214,2264,4670,220,0,0,904,80,744,38,
2025-10-30T20:00,14111,5220,2256,4649,219,0,0,905,82,742,38,
2025-10-30T21:00,14038,5401,2002,4660,218,0,0,904,78,737,38,
2025-10-30T22:00,13771,5398,1737,4652,218,0,0,904,82,742,38,
2025-10-30T23:00,13599,5442,1457,4698,218,0,0,904,88,754,38,
2025-10-31T00:00,13336,5539,1227,4577,218,0,0,904,84,749,38,
2025-10-31T01:00,12985,5520,956,4523,218,0,0,904,78,748,38,
2025-10-31T02:00,12538,5516,643,4402,218,0,0,904,78,739,38,
2025-10-31T03:00,12120,5273,530,4331,219,0,0,904,78,747,38,
2025-10-31T04:00,11827,5266,409,4172,219,0,0,904,70,749,38,
2025-10-31T05:00,11612,5301,291,4016,220,0,0,904,76,766,38,
2025-10-31T06:00,11210,5215,310,3697,222,0,0,903,62,763,38,
2025-10-31T07:00,10862,4975,390,3418,220,84,0,903,70,764,38,
2025-10-31T08:00,10851,4983,409,3328,220,234,0,902,64,673,38,
2025-10-31T09:00,10667,4824,397,3262,220,381,0,902,66,577,38,
2025-10-31T10:00,10568,4776,410,3148,219,466,0,902,60,549,38,
2025-10-31T11:00,10994,5167,423,3213,219,446,0,902,58,528,38,
2025-10-31T12:00,11624,5396,461,3398,219,521,1,902,64,624,38,ডে পিক
2025-10-31T13:00,12264,5525,520,3872,219,355,0,902,80,753,38,
2025-10-31T14:00,11754,5375,493,3622,220,369,0,903,78,656,38,
2025-10-31T15:00,11715,5419,414,3674,219,302,0,903,78,668,38,
2025-10-31T16:00,11359,5313,418,3635,220,136,2,902,72,623,38,
2025-10-31T17:00,11298,5213,588,3624,220,9,6,902,70,628,38,
2025-10-31T18:00,13089,5407,1609,4081,220,0,5,902,74,753,38,
2025-10-31T19:00,13411,5522,1705,4179,220,0,7,903,80,757,38,
2025-10-31T19:30,13480,5647,1569,4258,220,0,5,902,82,759,38,
2025-10-31T20:00,13501,5701,1563,4244,220,0,1,902,80,752,38,সন্ধ্যা পিক
2025-10-31T21:00,13470,5766,1496,4213,219,0,0,902,80,756,38,
2025-10-31T22:00,13332,5775,1368,4196,219,0,0,899,80,757,38,
2025-10-31T23:00,13253,5818,1294,4148,218,0,0,899,80,758,38,
2025-11-01T00:00,13206,5782,1275,4141,218,0,0,900,84,768,38,
2025-11-01T01:00,12698,5732,851,4116,218,0,0,900,82,761,38,
2025-11-01T02:00,12135,5648,428,4058,218,0,0,899,80,766,38,
2025-11-01T03:00,11717,5680,214,3818,221,0,0,899,76,771,38,
2025-11-01T04:00,11341,5671,128,3600,221,0,0,899,68,716,38,
2025-11-01T05:00,11060,5677,113,3385,222,0,0,876,66,683,38,
2025-11-01T06:00,10792,5584,113,3217,222,0,0,876,60,682,38,
2025-11-01T07:00,10497,5609,72,3106,222,35,0,876,64,475,38,
2025-11-01T08:00,10661,5661,118,3131,220,82,0,876,60,475,38,
2025-11-01T09:00,10827,5402,274,3332,220,155,0,876,58,472,38,
2025-11-01T10:00,10847,5442,199,3305,218,233,0,876,56,480,38,
2025-11-01T11:00,11096,5609,168,3385,219,262,0,877,62,476,38,
2025-11-01T12:00,11594,5595,334,3434,219,350,0,876,70,678,38,ডে পিক
2025-11-01T13:00,11925,5512,596,3595,219,254,0,876,76,759,38,
2025-11-01T14:00,11924,5471,606,3717,219,165,0,876,70,762,38,
2025-11-01T15:00,11933,5501,617,3764,219,81,0,876,70,767,38,
2025-11-01T16:00,11762,5376,576,3749,219,83,0,881,70,770,38,
2025-11-01T17:00,11990,5385,782,3840,220,12,0,881,70,772,28,
2025-11-01T18:00,13024,5362,1763,3914,220,0,0,880,80,767,38,সন্ধ্যা পিক
2025-11-01T19:00,12786,5531,1304,3971,220,0,0,882,80,760,38,
2025-11-01T19:30,12668,5696,1014,3972,218,0,0,881,80,769,38,
2025-11-01T20:00,12577,5637,980,3977,218,0,0,881,82,764,38,
2025-11-01T21:00,12565,5727,929,3927,218,0,0,881,78,767,38,
2025-11-01T22:00,12457,5698,772,3999,218,0,0,881,78,773,38,
2025-11-01T23:00,12405,5676,755,3993,216,0,0,886,76,765,38,
2025-11-02T00:00,12276,5643,694,3981,215,0,0,886,46,773,38,
2025-11-02T01:00,11959,5657,435,3915,216,0,0,886,48,764,38,
2025-11-02T02:00,11534,5572,225,3781,217,0,0,886,54,761,38,
2025-11-02T03:00,11226,5541,141,3686,218,0,0,886,50,666,38,
2025-11-02T04:00,10908,5488,64,3584,218,0,0,887,52,577,38,
2025-11-02T05:00,10776,5539,56,3414,219,0,0,886,46,578,38,
2025-11-02T06:00,10559,5500,56,3283,220,0,0,886,48,528,38,
2025-11-02T07:00,10899,5616,140,3389,220,33,0,886,48,529,38,
2025-11-02T08:00,11110,5560,191,3401,219,145,0,886,38,632,38,
2025-11-02T09:00,11127,5482,284,3371,219,237,0,887,42,567,38,
2025-11-02T10:00,11269,5491,300,3414,218,296,0,886,60,566,38,
2025-11-02T11:00,11490,5464,349,3582,218,255,0,886,64,634,38,
2025-11-02T12:00,12200,5550,586,3772,218,353,0,886,66,731,38,ডে পিক
2025-11-02T13:00,12225,5094,1150,3713,218,289,3,886,76,758,38,
2025-11-02T14:00,11979,4974,1108,3711,219,209,0,887,78,755,38,
2025-11-02T15:00,12029,5043,1114,3719,218,178,2,886,76,755,38,
2025-11-02T16:00,11760,4994,1063,3678,218,69,1,886,64,749,38,
2025-11-02T17:00,11970,5206,1257,3544,219,3,0,887,68,748,38,
2025-11-02T18:00,13364,5405,2231,3755,219,0,0,886,80,750,38,সন্ধ্যা পিক
2025-11-02T19:00,13296,5341,2225,3775,219,0,0,886,68,744,38,
2025-11-02T19:30,12997,5363,1890,3788,219,0,0,886,74,739,38,
2025-11-02T20:00,12969,5326,1893,3790,220,0,0,886,76,740,38,
2025-11-02T21:00,12780,5352,1699,3781,220,0,0,886,72,732,38,
2025-11-02T22:00,12693,5352,1615,3788,218,0,0,886,74,722,38,
2025-11-02T23:00,12286,5400,1163,3786,218,0,0,886,76,719,38,
2025-11-03T00:00,12003,5377,897,3792,217,0,6,886,72,718,38,
2025-11-03T01:00,11504,5313,456,3787,216,0,11,887,76,720,38,
2025-11-03T02:00,11079,5340,145,3636,217,0,6,886,74,737,38,
2025-11-03T03:00,10826,5389,84,3405,217,0,22,897,70,704,38,
2025-11-03T04:00,10457,5351,60,3223,218,0,8,904,64,591,38,
2025-11-03T05:00,10198,5299,60,3059,218,0,1,904,62,557,38,
2025-11-03T06:00,10149,5283,60,3023,218,0,0,904,68,555,38,
2025-11-03T07:00,10513,5418,87,3208,218,71,5,886,60,522,38,
2025-11-03T08:00,10616,5101,180,3325,220,277,3,903,54,515,38,
2025-11-03T09:00,10457,4931,183,3070,220,461,4,903,58,589,38,
2025-11-03T10:00,10575,4964,181,3069,220,477,3,904,58,661,38,
2025-11-03T11:00,11073,4964,218,3181,220,680,1,904,56,811,38,
2025-11-03T12:00,11648,5257,343,3275,217,689,2,904,68,855,38,ডে পিক
2025-11-03T13:00,11817,5064,562,3499,217,636,6,903,68,824,38,
2025-11-03T14:00,11725,4906,612,3591,216,541,12,904,78,827,38,
2025-11-03T15:00,11744,5113,498,3687,216,365,28,904,66,829,38,
2025-11-03T16:00,11530,5039,614,3639,216,170,13,903,66,832,38,
2025-11-03T17:00,11696,4900,1040,3603,218,14,8,903,66,906,38,
2025-11-03T18:00,13199,4997,1932,3815,219,0,12,903,80,1203,38,সন্ধ্যা পিক
2025-11-03T19:00,13195,4930,1841,3873,220,0,10,903,66,1314,38,
2025-11-03T19:30,12922,4982,1596,3794,220,0,2,903,66,1321,38,
2025-11-03T20:00,12661,5023,1278,3821,220,0,2,904,68,1307,38,
2025-11-03T21:00,12643,5025,1247,3804,220,0,12,904,72,1321,38,
2025-11-03T22:00,12432,4916,1117,3740,220,0,20,904,72,1405,38,
2025-11-03T23:00,12115,4878,1013,3643,220,0,20,903,74,1326,38,
2025-11-04T00:00,12018,4873,956,3615,220,0,20,903,66,1327,38,
2025-11-04T01:00,11237,4741,508,3412,218,0,33,904,64,1319,38,
2025-11-04T02:00,10755,4748,224,3322,216,0,22,904,62,1219,38,
2025-11-04T03:00,10409,4741,47,3288,216,0,31,904,64,1080,38,
2025-11-04T04:00,10120,4745,47,3146,216,0,26,904,64,934,38,
2025-11-04T05:00,9756,4760,32,2902,216,0,18,878,62,850,38,
2025-11-04T06:00,9820,4839,24,2912,216,0,20,878,52,841,38,
2025-11-04T07:00,10361,4971,36,3117,216,65,25,878,50,965,38,
2025-11-04T08:00,10442,4568,237,3034,219,275,21,878,54,1118,38,
2025-11-04T09:00,10454,4440,267,3035,176,443,11,878,56,1110,38,
2025-11-04T10:00,10590,4595,261,3060,176,568,4,878,60,950,38,
2025-11-04T11:00,10968,4623,629,3026,176,617,0,878,60,921,38,
2025-11-04T12:00,11811,4624,1310,3131,126,689,2,897,38,926,38,ডে পিক
2025-11-04T13:00,12218,4673,1471,3351,126,581,2,898,60,1018,38,
2025-11-04T14:00,12149,4633,1477,3348,126,519,2,905,76,1025,38,
2025-11-04T15:00,12117,4709,1469,3398,126,362,0,906,70,1039,38,
2025-11-04T16:00,11870,4710,1456,3382,80,140,6,906,64,1088,38,
2025-11-04T17:00,12023,4569,1828,3344,80,18,6,906,64,1170,38,
2025-11-04T18:00,13657,4714,2904,3435,126,0,8,905,72,1455,38,
2025-11-04T19:00,13748,4725,3045,3417,126,0,0,906,70,1421,38,সন্ধ্যা পিক
2025-11-04T19:30,13535,4754,2791,3423,126,0,0,906,78,1419,38,
2025-11-04T20:00,13428,4718,2739,3410,126,0,0,905,72,1420,38,
2025-11-04T21:00,13323,4736,2671,3345,126,0,0,903,76,1428,38,
2025-11-04T22:00,13056,4651,2477,3338,126,0,14,903,78,1431,38,
2025-11-04T23:00,12640,4615,2094,3345,126,0,9,903,80,1430,38,
2025-11-05T00:00,12405,4696,1862,3353,126,0,7,902,56,1365,38,
2025-11-05T01:00,11880,4603,1480,3332,126,0,40,903,52,1306,38,
2025-11-05T02:00,11342,4571,1020,3314,126,0,18,903,52,1300,38,
2025-11-05T03:00,10936,4556,761,3292,126,0,10,906,50,1197,38,
2025-11-05T04:00,10635,4587,486,3311,126,0,15,906,48,1118,38,
2025-11-05T05:00,10304,4638,287,3225,126,0,10,906,48,1026,38,
2025-11-05T06:00,10292,4633,253,3235,126,0,32,906,42,1027,38,
2025-11-05T07:00,10578,4626,363,3363,126,60,24,906,40,1032,38,
2025-11-05T08:00,10824,4471,687,3335,126,202,14,905,40,1006,38,
2025-11-05T09:00,10795,4362,669,3252,126,429,19,907,52,941,38,
2025-11-05T10:00,10769,4347,652,3226,126,488,16,905,52,919,38,
2025-11-05T11:00,11195,4318,1028,3269,126,513,15,906,48,934,38,
2025-11-05T12:00,11921,4252,1525,3343,166,515,20,905,54,1103,38,ডে পিক
2025-11-05T13:00,12364,4348,1746,3399,166,518,24,906,60,1159,38,
2025-11-05T14:00,12237,4271,1792,3368,166,439,24,906,62,1171,38,
2025-11-05T15:00,12125,4305,1703,3370,166,351,22,902,54,1214,38,
2025-11-05T16:00,11805,4324,1579,3375,166,122,12,902,52,1235,38,
2025-11-05T17:00,11911,4304,1791,3390,126,14,20,902,62,1264,38,
2025-11-05T18:00,13527,4458,3000,3455,126,0,21,908,66,1455,38,
2025-11-05T19:00,13660,4193,3364,3460,158,0,16,908,66,1457,38,সন্ধ্যা পিক
2025-11-05T19:30,13512,4255,3150,3465,166,0,18,908,68,1444,38,
2025-11-05T20:00,13377,4280,3038,3436,166,0,13,907,62,1437,38,
2025-11-05T21:00,13260,4460,2775,3376,166,0,18,908,70,1449,38,
2025-11-05T22:00,13113,4458,2669,3382,166,0,13,908,66,1413,38,
2025-11-05T23:00,12869,4350,2529,3377,166,0,12,907,66,1424,38,
2025-11-06T00:00,12594,4334,2342,3348,126,0,14,908,64,1420,38,
2025-11-06T01:00,11978,4353,1718,3343,126,0,12,908,68,1412,38,
2025-11-06T02:00,11560,4389,1260,3353,126,0,11,908,60,1415,38,
2025-11-06T03:00,11108,4409,786,3358,126,0,14,908,62,1407,38,
2025-11-06T04:00,10736,4477,421,3379,126,0,9,907,56,1323,38,
2025-11-06T05:00,10592,4378,385,3360,126,0,0,908,62,1335,38,
2025-11-06T06:00,10555,4260,470,3386,126,0,2,907,60,1306,38,
2025-11-06T07:00,10824,4322,604,3402,126,49,1,908,50,1324,38,
2025-11-06T08:00,11159,4273,868,3389,132,173,0,907,54,1325,38,
2025-11-06T09:00,11104,4151,976,3354,132,330,3,908,58,1154,38,
2025-11-06T10:00,11464,4267,1198,3352,132,495,0,908,60,1014,38,
2025-11-06T11:00,11848,4357,1360,3383,132,579,0,908,62,1029,38,
2025-11-06T12:00,12270,4405,1668,3431,132,494,0,908,68,1126,38,ডে পিক
2025-11-06T13:00,12492,4320,1833,3448,132,468,0,919,64,1270,38,
2025-11-06T14:00,12373,4075,1769,3439,130,517,0,930,66,1409,38,
2025-11-06T15:00,12317,4315,1836,3468,86,343,0,929,64,1238,38,
2025-11-06T16:00,12125,4281,1880,3478,86,150,0,930,64,1218,38,
2025-11-06T17:00,12231,4259,2146,3475,86,10,0,930,66,1221,38,
2025-11-06T18:00,13175,4403,2951,3492,70,0,0,930,76,1215,38,
2025-11-06T19:00,13305,4336,3128,3487,80,0,0,930,76,1230,38,
2025-11-06T19:30,13323,4337,3174,3472,80,0,0,930,68,1224,38,সন্ধ্যা পিক
2025-11-06T20:00,13303,4322,3163,3481,80,0,0,930,68,1221,38,
2025-11-06T21:00,13266,4353,3111,3476,84,0,0,930,62,1212,38,
2025-11-06T22:00,13053,4398,2827,3502,84,0,0,930,60,1214,38,
2025-11-06T23:00,12897,4381,2716,3465,84,0,0,930,68,1215,38,
2025-11-07T00:00,12627,4398,2419,3473,84,0,0,930,68,1217,38,
2025-11-07T01:00,12323,4365,2214,3417,84,0,0,930,62,1213,38,
2025-11-07T02:00,11958,4341,1898,3390,84,0,0,930,56,1221,38,
2025-11-07T03:00,11348,4309,1450,3368,84,0,0,829,58,1212,38,
2025-11-07T04:00,10951,4332,910,3384,84,0,0,930,56,1217,38,
2025-11-07T05:00,10749,4267,830,3334,84,0,0,930,54,1212,38,
2025-11-07T06:00,10390,4213,727,3181,84,0,0,930,52,1165,38,
2025-11-07T07:00,10308,4296,687,3029,84,52,1,930,50,1141,38,
2025-11-07T08:00,10244,4217,657,2956,84,195,0,930,48,1119,38,
2025-11-07T09:00,10008,4119,466,2894,84,395,0,930,56,1026,38,
2025-11-07T10:00,9957,4160,395,2702,86,551,1,931,58,1035,38,
2025-11-07T11:00,10222,4277,458,2735,86,649,10,930,58,981,38,
2025-11-07T12:00,10742,4377,697,2930,86,643,13,930,64,964,38,
2025-11-07T13:00,11624,4389,1399,2978,86,603,11,931,70,1119,38,
2025-11-07T14:00,11159,4130,1460,2755,84,494,10,930,76,1182,38,
2025-11-07T15:00,10951,4187,1415,2684,84,352,7,930,74,1180,38,
2025-11-07T16:00,10528,4244,1270,2604,84,127,5,930,70,1156,38,
2025-11-07T17:00,10377,4171,1407,2517,84,7,8,930,64,1151,38,
2025-11-07T18:00,12051,4453,2331,2895,83,0,20,929,76,1226,38,
2025-11-07T19:00,12313,4432,2494,3005,86,0,23,929,68,1238,38,
2025-11-07T19:30,12328,4498,2484,3000,86,0,13,930,66,1213,38,
2025-11-07T20:00,12422,4581,2475,3020,86,0,5,928,64,1225,38,
2025-11-07T21:00,12465,4620,2400,3112,86,0,0,915,72,1222,38,সন্ধ্যা পিক
2025-11-07T22:00,12381,4707,2223,3118,86,0,0,915,68,1226,38,
2025-11-07T23:00,12116,4656,2023,3094,70,0,0,915,70,1234,38,
2025-11-08T00:00,11962,4577,1983,3062,86,0,6,916,66,1228,38,
2025-11-08T01:00,11354,4662,1519,2827,86,0,22,915,66,1219,38,
2025-11-08T02:00,10925,4660,1156,2762,86,0,24,915,62,1222,38,
2025-11-08T03:00,10433,4679,644,2787,86,0,21,915,58,1205,38,
2025-11-08T04:00,10069,4685,272,2774,86,0,24,916,86,1210,38,
2025-11-08T05:00,9874,4703,79,2769,86,0,39,916,62,1182,38,
2025-11-08T06:00,9646,4501,79,2761,86,0,30,916,58,1177,38,
2025-11-08T07:00,10018,4736,177,2768,86,69,20,915,52,1157,38,
2025-11-08T08:00,9938,4213,541,2681,86,282,19,916,46,1116,38,
2025-11-08T09:00,9556,4144,422,2439,86,477,12,865,52,1021,38,
2025-11-08T10:00,9444,4243,237,2360,86,616,10,916,54,884,38,
2025-11-08T11:00,10143,4743,207,2557,86,675,8,916,60,853,38,
2025-11-08T12:00,10687,4808,319,2885,86,691,12,915,58,875,38,ডে পিক
2025-11-08T13:00,11329,4771,732,3058,86,599,18,915,60,1052,38,
2025-11-08T14:00,11435,4651,951,3047,86,549,16,915,66,1116,38,
2025-11-08T15:00,11510,4777,1028,3075,86,384,18,915,64,1125,38,
2025-11-08T16:00,11334,4758,1126,3047,86,157,18,915,68,1121,38,
2025-11-08T17:00,11560,4722,1540,3047,86,13,18,915,64,1117,38,
2025-11-08T18:00,12674,4829,2446,3082,86,0,22,917,74,1180,38,
2025-11-08T19:00,12775,4608,2721,3111,86,0,13,916,66,1216,38,সন্ধ্যা পিক
2025-11-08T19:30,12686,4627,2605,3111,86,0,13,917,66,1223,38,
2025-11-08T20:00,12570,4630,2501,3113,86,0,11,916,64,1211,38,
2025-11-08T21:00,12208,4574,2219,3079,86,0,12,916,66,1218,38,
2025-11-08T22:00,12038,4469,2128,3086,86,0,11,915,72,1233,38,
2025-11-08T23:00,11531,4303,1817,3057,86,0,12,916,74,1228,38,
2025-11-09T00:00,11185,4411,1337,3090,86,0,16,916,70,1221,38,
2025-11-09T01:00,10665,4296,952,3070,86,0,16,916,66,1225,38,
2025-11-09T02:00,10202,4386,566,3080,86,0,35,731,58,1222,38,
2025-11-09T03:00,9819,4344,222,3082,86,0,40,731,64,1212,38,
2025-11-09T04:00,9470,4341,34,2879,86,0,24,894,58,1116,38,
2025-11-09T05:00,9374,4395,33,2791,86,0,18,916,60,1037,38,
2025-11-09T06:00,9336,4449,33,2721,86,0,11,916,54,1028,38,
2025-11-09T07:00,9962,4563,95,2952,86,70,4,916,54,1184,38,
2025-11-09T08:00,10077,4224,322,2948,86,263,4,916,50,1226,38,
2025-11-09T09:00,10078,4214,289,2846,86,420,3,916,50,1216,38,
2025-11-09T10:00,10082,4314,273,2792,86,572,4,915,50,1038,38,
2025-11-09T11:00,10574,4328,400,3031,86,669,4,916,56,1046,38,
2025-11-09T12:00,11209,4393,831,3139,86,674,9,916,56,1067,38,ডে পিক
2025-11-09T13:00,11732,4414,1307,3119,86,626,8,916,66,1152,38,
2025-11-09T14:00,11563,4250,1461,3106,86,511,7,916,68,1120,38,
2025-11-09T15:00,11449,4229,1431,3106,86,341,11,915,64,1228,38,
2025-11-09T16:00,11280,4278,1417,3116,86,143,4,916,64,1218,38,
2025-11-09T17:00,11594,4416,1721,3126,86,9,1,916,64,1217,38,
2025-11-09T18:00,12640,4451,2666,3192,86,0,4,916,66,1221,38,সন্ধ্যা পিক
2025-11-09T19:00,12585,4260,2731,3268,86,0,6,915,60,1221,38,
2025-11-09T19:30,12355,4278,2464,3279,86,0,8,915,68,1219,38,
2025-11-09T20:00,12195,4281,2252,3312,86,0,10,915,64,1237,38,
2025-11-09T21:00,11900,4385,1798,3385,86,0,12,915,64,1217,38,
2025-11-09T22:00,11651,4301,1634,3388,86,0,8,915,62,1219,38,
2025-11-09T23:00,11293,4249,1290,3408,86,0,18,916,62,1226,38,
2025-11-10T00:00,11058,4255,1062,3406,86,0,7,916,64,1224,38,
2025-11-10T01:00,10276,4214,398,3408,86,0,11,909,62,1150,38,
2025-11-10T02:00,9931,4258,186,3344,86,0,8,909,56,1046,38,
2025-11-10T03:00,9626,4309,132,3158,86,0,17,909,54,923,38,
2025-11-10T04:00,9247,4207,27,3089,86,0,9,909,50,832,38,
2025-11-10T05:00,9195,4259,16,2970,86,0,23,909,50,844,38,
2025-11-10T06:00,9163,4263,16,2942,86,0,17,909,54,838,38,
2025-11-10T07:00,9777,4399,84,3247,86,60,12,909,44,898,38,
2025-11-10T08:00,10114,4070,169,3509,86,243,11,908,52,1028,38,
2025-11-10T09:00,10085,4052,172,3401,86,440,10,909,42,935,38,
2025-11-10T10:00,10064,4067,174,3319,86,581,9,909,40,841,38,
2025-11-10T11:00,10253,4051,193,3419,86,663,4,909,48,842,38,
2025-11-10T12:00,10882,4120,612,3549,86,672,6,909,58,832,38,ডে পিক
2025-11-10T13:00,11155,3842,1190,3556,86,582,6,909,66,880,38,
2025-11-10T14:00,11206,4007,1235,3467,86,505,9,909,66,884,38,
2025-11-10T15:00,11335,4186,1315,3496,86,352,7,908,60,887,38,
2025-11-10T16:00,10993,4172,1203,3486,86,150,4,909,60,885,38,
2025-11-10T17:00,11370,4236,1471,3539,86,10,4,909,60,1017,38,
2025-11-10T18:00,12657,4313,2390,3733,86,0,12,909,64,1112,38,সন্ধ্যা পিক
2025-11-10T19:00,12319,4230,2051,3698,86,0,19,909,58,1230,38,
2025-11-10T19:30,11947,4291,1649,3661,86,0,17,909,58,1238,38,
2025-11-10T20:00,11819,4250,1560,3681,86,0,17,910,56,1221,38,
2025-11-10T21:00,11584,4254,1389,3623,86,0,12,909,62,1211,38,
2025-11-10T22:00,11305,4222,1241,3533,86,0,2,908,60,1215,38,
2025-11-10T23:00,10731,4172,799,3466,86,0,7,909,62,1192,38,
2025-11-11T00:00,10622,4135,733,3517,86,0,12,909,58,1134,38,
2025-11-11T01:00,9927,4131,111,3448,86,0,14,909,58,1132,38,
2025-11-11T02:00,9599,4096,51,3210,86,0,14,909,56,1139,38,
2025-11-11T03:00,9165,4020,19,2988,86,0,17,908,54,1035,38,
2025-11-11T04:00,8884,3963,8,2881,86,0,14,918,48,928,38,
2025-11-11T05:00,8876,4086,0,2852,86,0,10,918,52,834,38,
2025-11-11T06:00,8912,4114,0,2863,86,0,15,917,48,831,38,
2025-11-11T07:00,9583,4378,111,3091,86,60,15,918,44,842,38,
2025-11-11T08:00,9921,4330,189,3218,86,246,11,923,46,834,38,
2025-11-11T09:00,9816,4144,139,3157,86,442,14,923,40,833,38,
2025-11-11T10:00,9745,4020,160,3020,86,584,20,901,78,838,38,
2025-11-11T11:00,10206,4321,182,3064,86,663,15,901,80,856,38,
2025-11-11T12:00,10677,4223,467,3338,86,672,13,901,82,857,38,ডে পিক
2025-11-11T13:00,11167,4177,882,3516,86,634,11,901,86,836,38,
2025-11-11T14:00,10902,3950,981,3515,86,525,6,875,88,838,38,
2025-11-11T15:00,10868,4217,841,3520,86,348,3,874,96,845,38,
2025-11-11T16:00,10665,4227,832,3513,86,147,3,875,90,854,38,
2025-11-11T17:00,11057,4318,1124,3523,86,7,5,874,96,986,38,
2025-11-11T18:00,12233,4340,2091,3530,86,0,8,874,98,1168,38,সন্ধ্যা পিক
2025-11-11T19:00,11834,4161,1874,3508,86,0,2,874,80,1211,38,
2025-11-11T19:30,11572,4221,1562,3507,86,0,2,874,64,1218,38,
2025-11-11T20:00,11325,4184,1346,3508,86,0,1,874,68,1220,38,
2025-11-11T21:00,11137,4229,1099,3517,86,0,0,874,90,1204,38,
2025-11-11T22:00,10789,4256,739,3491,86,0,0,896,84,1199,38,
2025-11-11T23:00,10279,4225,263,3482,86,0,0,897,74,1214,38,
2025-11-12T00:00,10044,4237,96,3395,86,0,3,896,72,1221,38,
2025-11-12T01:00,9427,4105,94,3094,86,0,14,897,66,1033,38,
2025-11-12T02:00,9011,4095,43,2922,86,0,19,896,66,846,38,
2025-11-12T03:00,8708,3985,27,2742,86,0,20,896,68,846,38,
2025-11-12T04:00,8430,3856,16,2622,86,0,21,897,66,828,38,
2025-11-12T05:00,8316,3802,16,2551,86,0,15,896,70,842,38,
2025-11-12T06:00,8572,3970,16,2650,86,0,11,896,66,839,38,
2025-11-12T07:00,9194,4207,75,2921,86,59,8,896,68,836,38,
2025-11-12T08:00,9471,3868,98,3328,86,242,7,896,70,838,38,
2025-11-12T09:00,9544,3706,125,3342,86,436,6,896,72,837,38,
2025-11-12T10:00,9373,3728,134,2997,86,574,6,896,80,834,38,
2025-11-12T11:00,9760,3952,144,3065,86,658,7,896,88,826,38,
2025-11-12T12:00,10426,4176,316,3237,86,661,4,896,92,920,38,ডে পিক
2025-11-12T13:00,10909,4158,673,3425,86,624,1,896,94,914,38,
2025-11-12T14:00,10662,3951,707,3407,86,516,0,897,90,970,38,
2025-11-12T15:00,10379,4046,568,3384,86,351,0,896,47,963,38,
2025-11-12T16:00,10283,4094,584,3381,86,144,3,896,84,973,38,
2025-11-12T17:00,10577,3964,1004,3430,86,9,7,897,80,1062,38,
2025-11-12T18:00,11746,4277,1613,3510,86,0,10,896,90,1226,38,সন্ধ্যা পিক
2025-11-12T19:00,11555,4198,1513,3511,86,0,9,896,82,1222,38,
2025-11-12T19:30,11393,4207,1324,3534,86,0,8,897,84,1215,38,
2025-11-12T20:00,11106,4251,1043,3526,86,0,9,896,78,1179,38,
2025-11-12T21:00,11050,4284,960,3522,86,0,5,896,78,1181,38,
2025-11-12T22:00,10630,4131,703,3490,86,0,10,896,86,1196,38,
2025-11-12T23:00,10230,4064,488,3399,86,0,5,895,72,1183,38,
2025-11-13T00:00,9769,4022,146,3313,86,0,11,896,74,1183,38,
2025-11-13T01:00,8976,3738,45,3054,86,0,13,896,66,1040,38,
2025-11-13T02:00,8673,3734,27,2879,86,0,8,896,70,935,38,
2025-11-13T03:00,8313,3690,16,2664,86,0,12,896,64,847,38,
2025-11-13T04:00,8263,3735,16,2592,86,0,13,896,68,819,38,
2025-11-13T05:00,8224,3786,16,2538,86,0,8,896,68,788,38,
2025-11-13T06:00,8428,3904,16,2639,86,0,8,896,64,777,38,
2025-11-13T07:00,9232,4296,74,3050,86,59,3,897,64,9232,38,
2025-11-13T08:00,9602,4220,117,3383,86,243,0,896,74,545,38,
2025-11-13T09:00,9594,4015,133,3445,86,427,0,896,74,480,38,
2025-11-13T10:00,9628,3990,136,3364,86,568,0,896,84,466,38,
2025-11-13T11:00,9975,4092,314,3355,86,644,0,896,80,470,38,
2025-11-13T12:00,10514,4129,807,3343,86,659,0,896,88,468,38,ডে পিক
2025-11-13T13:00,11003,4052,1341,3436,86,609,0,895,78,468,38,
2025-11-13T14:00,10702,3844,1343,3431,86,511,0,896,84,469,38,
2025-11-13T15:00,10331,3811,1158,3441,86,344,0,897,90,466,38,
2025-11-13T16:00,10224,3968,1035,3470,86,139,9,896,90,493,38,
2025-11-13T17:00,10755,4101,1425,3409,86,7,5,895,88,701,38,
2025-11-13T18:00,11577,4164,2119,3421,86,0,10,896,94,749,38,সন্ধ্যা পিক
2025-11-13T19:00,11537,3980,2279,3426,86,0,13,896,84,735,38,
2025-11-13T19:30,11131,4077,1837,3369,86,0,9,896,84,735,38,
2025-11-13T20:00,11040,4085,1720,3393,86,0,3,896,78,741,38,
2025-11-13T21:00,10742,4076,1440,3383,86,0,0,896,82,741,38,
2025-11-13T22:00,10460,4078,1153,3382,86,0,0,897,78,748,38,
2025-11-13T23:00,9950,4073,660,3379,86,0,0,896,80,738,38,
2025-11-14T00:00,9645,4101,282,3450,86,0,0,896,68,724,38,
2025-11-14T01:00,9036,3956,19,3304,86,0,1,896,72,664,38,
2025-11-14T02:00,8708,3870,19,3162,86,0,4,896,60,573,38,
2025-11-14T03:00,8390,3880,0,2939,86,0,3,896,64,484,38,
2025-11-14T04:00,8129,3940,0,2684,86,0,1,896,66,418,38,
2025-11-14T05:00,8003,3877,0,2616,86,0,3,897,62,424,38,
2025-11-14T06:00,7954,3829,0,2619,86,0,6,897,56,423,38,
2025-11-14T07:00,8225,4051,0,2598,86,57,9,896,58,432,38,
2025-11-14T08:00,8557,4092,45,2671,86,244,1,896,56,428,38,
2025-11-14T09:00,8273,3671,133,2544,86,418,1,896,56,430,38,
2025-11-14T10:00,8072,3618,100,2261,86,577,0,896,62,434,38,
2025-11-14T11:00,8418,3876,77,2293,86,655,1,896,68,428,38,
2025-11-14T12:00,9275,4430,90,2474,86,671,0,896,70,520,38,ডে পিক
2025-11-14T13:00,9888,4414,128,2918,86,610,0,896,74,724,38,
2025-11-14T14:00,9009,4028,35,2711,86,501,0,896,64,650,38,
2025-11-14T15:00,8396,3980,35,2429,86,329,0,896,60,543,38,
2025-11-14T16:00,8037,4013,35,2309,86,135,0,896,58,467,38,
2025-11-14T17:00,8495,4308,80,2459,86,5,2,896,64,557,38,
2025-11-14T18:00,9826,4401,735,2847,86,0,4,896,68,751,38,সন্ধ্যা পিক
2025-11-14T19:00,9704,4264,558,3036,86,0,2,897,66,757,38,
2025-11-14T19:30,9763,4277,534,3110,86,0,5,896,66,751,38,
2025-11-14T20:00,9803,4335,531,3097,86,0,3,897,64,752,38,
2025-11-14T21:00,9644,4355,336,3101,86,0,5,896,70,757,38,
2025-11-14T22:00,9553,4328,164,3118,86,0,3,896,68,752,38,
2025-11-14T23:00,9293,4332,54,3064,86,0,3,896,68,752,38,
2025-11-15T00:00,8853,4350,35,2738,86,0,1,896,66,643,38,
2025-11-15T01:00,8386,4301,19,2396,86,0,3,896,62,585,38,
2025-11-15T02:00,7978,4236,19,2215,86,0,0,896,54,434,38,
2025-11-15T03:00,7676,3955,8,2211,86,0,0,896,50,432,38,
2025-11-15T04:00,7494,3779,0,2214,86,0,0,896,50,431,38,
2025-11-15T05:00,7355,3738,0,2168,86,0,0,846,50,429,38,
2025-11-15T06:00,7619,3951,0,2169,86,0,0,896,48,431,38,
2025-11-15T07:00,8487,4512,0,2324,86,63,0,896,52,516,38,
2025-11-15T08:00,8808,4272,71,2514,86,223,0,896,70,638,38,
2025-11-15T09:00,8504,3859,97,2502,86,383,0,895,38,566,38,
2025-11-15T10:00,8384,3703,93,2382,86,536,0,896,82,568,38,
2025-11-15T11:00,8803,4098,58,2444,86,600,6,896,88,489,38,
2025-11-15T12:00,9426,4576,43,2591,86,620,6,897,92,477,38,ডে পিক
2025-11-15T13:00,9842,4629,43,3104,86,476,2,896,92,476,38,
2025-11-15T14:00,9597,4318,43,3200,86,469,0,869,96,478,38,
2025-11-15T15:00,9458,4395,43,3158,86,312,1,869,94,462,38,
2025-11-15T16:00,9270,4454,60,3028,86,142,12,843,92,515,38,
2025-11-15T17:00,9953,4563,414,3238,86,6,9,844,88,667,38,
2025-11-15T18:00,11178,4669,1234,3444,86,0,9,843,94,761,38,
2025-11-15T19:00,11343,4514,1532,3476,86,0,4,843,88,762,38,সন্ধ্যা পিক
2025-11-15T19:30,10997,4569,1196,3419,86,0,1,843,88,757,38,
2025-11-15T20:00,10995,4557,1196,3430,86,0,0,844,88,756,38,
2025-11-15T21:00,10682,4548,806,3513,86,0,0,844,88,759,38,
2025-11-15T22:00,10404,4529,541,3524,86,0,0,844,84,758,38,
2025-11-15T23:00,9910,4496,77,3525,86,0,1,844,82,761,38,
2025-11-16T00:00,9314,4310,27,3299,86,0,3,843,80,628,38,
2025-11-16T01:00,8888,4467,0,2887,86,0,6,838,74,530,0,
2025-11-16T02:00,8662,4483,0,2747,86,0,6,837,72,431,0,
2025-11-16T03:00,8307,4402,0,2461,86,0,9,843,70,436,0,
2025-11-16T04:00,8062,4184,0,2437,86,0,11,848,70,426,0,
2025-11-16T05:00,7862,3981,0,2442,86,0,14,848,70,421,0,
2025-11-16T06:00,8208,4283,12,2487,86,0,12,848,60,420,0,
2025-11-16T07:00,9058,4550,69,2850,86,57,9,848,68,521,0,
2025-11-16T08:00,9472,4282,241,3150,86,257,5,859,74,518,0,
2025-11-16T09:00,9346,4197,202,3044,86,459,1,859,78,420,0,
2025-11-16T10:00,9379,4253,167,2914,86,584,4,859,84,428,0,
2025-11-16T11:00,9759,4479,167,2952,86,678,9,859,96,433,0,
2025-11-16T12:00,10281,4617,179,3228,86,676,6,860,94,535,0,ডে পিক
2025-11-16T13:00,10672,4499,314,3488,86,621,0,860,92,712,0,
2025-11-16T14:00,10311,4415,195,3407,86,528,0,859,104,717,0,
2025-11-16T15:00,10132,4442,93,3438,86,379,0,859,106,729,0,
2025-11-16T16:00,9957,4441,100,3488,86,146,0,860,104,860,0,
2025-11-16T17:00,10235,4326,592,3542,86,6,2,859,94,728,0,
2025-11-16T18:00,11530,4585,1459,3676,86,0,4,859,96,765,0,সন্ধ্যা পিক
2025-11-16T19:00,11329,4435,1428,3656,86,0,7,860,92,765,0,
2025-11-16T19:30,11166,4460,1219,3680,86,0,2,859,98,762,0,
2025-11-16T20:00,10960,4509,960,3680,86,0,1,860,90,774,0,
2025-11-16T21:00,10788,4526,782,3676,86,0,1,859,88,770,0,
2025-11-16T22:00,10475,4468,564,3643,86,0,0,860,86,768,0,
2025-11-16T23:00,9991,4504,79,3628,86,0,0,860,84,750,0,
2025-11-17T00:00,9718,4512,35,3428,86,0,0,860,80,717,0,
2025-11-17T01:00,9203,4415,35,3109,86,0,0,859,76,623,0,
2025-11-17T02:00,8771,4346,16,2868,86,0,0,860,74,521,0,
2025-11-17T03:00,8395,4265,8,2677,86,0,0,860,74,425,0,
2025-11-17T04:00,8259,4251,0,2564,86,0,4,860,72,422,0,
2025-11-17T05:00,8060,4127,0,2487,86,0,3,860,76,421,0,
2025-11-17T06:00,8354,4151,15,2641,86,0,7,860,76,518,0,
2025-11-17T07:00,9267,4393,44,3124,86,63,8,859,78,612,0,
2025-11-17T08:00,9640,4219,110,3264,86,301,0,859,88,713,0,
2025-11-17T09:00,9589,4073,106,3161,86,498,0,862,84,719,0,
2025-11-17T10:00,9586,4149,80,3055,86,634,0,863,84,635,0,
2025-11-17T11:00,9900,4324,94,3119,86,705,0,862,96,614,0,
2025-11-17T12:00,10440,4346,223,3405,86,720,0,863,96,701,0,ডে পিক
2025-11-17T13:00,10936,4168,796,3499,86,665,0,863,106,753,0,
2025-11-17T14:00,10682,4084,901,3325,86,572,0,862,96,756,0,
2025-11-17T15:00,10580,4247,872,3243,86,404,0,863,98,767,0,
2025-11-17T16:00,10322,4317,674,3349,86,163,2,863,104,764,0,
2025-11-17T17:00,10597,4165,1095,3506,86,8,2,862,104,769,0,
2025-11-17T18:00,11734,4405,1840,3648,86,0,6,863,112,774,0,সন্ধ্যা পিক
2025-11-17T19:00,11568,4236,1862,3657,86,0,1,862,98,766,0,
2025-11-17T19:30,11322,4245,1606,3656,86,0,0,862,100,767,0,
2025-11-17T20:00,11044,4269,1278,3683,86,0,0,862,104,762,0,
2025-11-17T21:00,10995,4283,1183,3717,86,0,0,863,98,765,0,
2025-11-17T22:00,10521,4240,772,3697,86,0,0,862,96,768,0,
2025-11-17T23:00,10077,4365,231,3669,86,0,3,862,96,765,0,
2025-11-18T00:00,9731,4302,78,3565,86,0,1,863,84,752,0,
2025-11-18T01:00,9258,4257,35,3307,86,0,5,862,84,622,0,
2025-11-18T02:00,8772,4207,8,2991,86,0,6,863,84,527,0,
2025-11-18T03:00,8467,4217,8,2783,86,0,6,863,82,422,0,
2025-11-18T04:00,8289,4132,0,2783,86,0,7,862,78,435,0,
2025-11-18T05:00,8163,4028,0,2666,86,0,11,863,72,437,0,
2025-11-18T06:00,8455,4203,0,2776,86,0,9,863,78,440,0,
2025-11-18T07:00,9308,4340,42,3266,86,61,5,863,78,567,0,
2025-11-18T08:00,9659,4065,208,3422,86,303,0,863,90,622,0,
2025-11-18T09:00,9527,3861,261,3236,86,501,0,862,88,632,0,
2025-11-18T10:00,9522,3952,302,3058,86,629,0,862,96,537,0,
2025-11-18T11:00,10104,4153,322,3261,86,703,0,863,98,618,0,
2025-11-18T12:00,10491,4129,369,3527,86,717,1,867,98,697,0,ডে পিক
2025-11-18T13:00,10866,4045,823,3512,86,674,4,866,102,754,0,
2025-11-18T14:00,10495,3902,941,3259,86,564,6,876,106,755,0,
2025-11-18T15:00,10442,4042,946,3224,86,401,4,878,106,755,0,
2025-11-18T16:00,10370,4150,815,3388,86,168,9,888,106,760,0,
2025-11-18T17:00,10635,3999,1248,3540,86,8,4,889,100,761,0,
2025-11-18T18:00,11784,4342,1874,3722,86,0,9,889,104,758,0,সন্ধ্যা পিক
2025-11-18T19:00,11375,4152,1722,3676,86,0,5,889,92,753,0,
2025-11-18T19:30,11286,4167,1529,3760,86,0,5,889,92,758,0,
2025-11-18T20:00,11239,4166,1482,3763,86,0,3,890,92,757,0,
2025-11-18T21:00,11003,4229,1162,3772,86,0,1,889,96,768,0,
2025-11-18T22:00,10617,4204,805,3765,86,0,0,889,98,770,0,
2025-11-18T23:00,10216,4235,358,3785,86,0,1,889,94,768,0,
2025-11-19T00:00,9758,4185,8,3743,86,0,0,889,82,765,0,
2025-11-19T01:00,9371,4194,0,3443,86,0,7,890,80,671,0,
2025-11-19T02:00,8876,4203,0,3072,86,0,15,890,80,530,0,
2025-11-19T03:00,8474,4057,0,2921,86,0,11,889,80,430,0,
2025-11-19T04:00,8327,4060,0,2773,86,0,10,889,74,435,0,
2025-11-19T05:00,8247,4048,0,2708,86,0,5,890,76,434,0,
2025-11-19T06:00,8553,3958,0,3008,86,0,5,889,78,529,0,
2025-11-19T07:00,9522,4303,10,3454,86,59,9,889,76,636,0,
2025-11-19T08:00,9758,4052,71,3574,86,279,0,889,80,727,0,
2025-11-19T09:00,9760,4026,58,3452,86,490,0,889,88,671,0,
2025-11-19T10:00,9661,3863,84,3331,86,635,0,889,96,677,0,
2025-11-19T11:00,10186,3980,93,3578,86,702,0,889,102,756,0,
2025-11-19T12:00,10649,4216,141,3758,86,697,0,890,106,755,0,ডে পিক
2025-11-19T13:00,10966,4211,421,3830,86,665,0,890,108,755,0,
2025-11-19T14:00,10710,4242,399,3710,86,558,0,888,106,721,0,
2025-11-19T15:00,10544,4257,401,3682,86,394,0,889,104,731,0,
2025-11-19T16:00,10392,4369,402,3665,86,159,0,889,102,720,0,
2025-11-19T17:00,10686,3960,1127,3754,86,4,2,888,104,761,0,
2025-11-19T18:00,11997,4499,1801,3844,86,0,3,889,110,765,0,সন্ধ্যা পিক
2025-11-19T19:00,11744,4290,1805,3798,86,0,2,889,106,768,0,
2025-11-19T19:30,11532,4247,1634,3803,86,0,2,889,106,765,0,
2025-11-19T20:00,11241,4320,1282,3801,86,0,3,889,96,764,0,
2025-11-19T21:00,11147,4385,1116,3810,86,0,0,889,100,761,0,
2025-11-19T22:00,10802,4311,865,3791,86,0,0,889,98,762,0,
2025-11-19T23:00,10355,4382,353,3790,86,0,0,889,96,759,0,
2025-11-20T00:00,9919,4353,8,3748,86,0,0,889,86,749,0,
2025-11-20T01:00,9428,4279,0,3358,86,0,0,889,80,736,0,
2025-11-20T02:00,9091,4189,0,3214,86,0,0,889,78,635,0,
2025-11-20T03:00,8796,4198,0,2996,86,0,0,889,78,549,0,
2025-11-20T04:00,8524,4176,0,2849,86,0,0,890,82,441,0,
2025-11-20T05:00,8489,4165,0,2828,86,0,0,889,76,445,0,
2025-11-20T06:00,8660,4139,0,2884,86,0,1,889,76,585,0,
2025-11-20T07:00,9461,4127,43,3455,86,49,2,889,76,734,0,
2025-11-20T08:00,9944,4104,64,3782,86,228,2,889,70,719,0,
2025-11-20T09:00,9898,3999,83,3637,86,461,0,889,80,663,0,
2025-11-20T10:00,9854,3902,114,3544,86,572,0,889,94,653,0,
2025-11-20T11:00,10197,3907,168,3593,86,660,0,889,94,800,0,
2025-11-20T12:00,10769,3855,549,3747,86,692,0,889,98,853,0,ডে পিক
2025-11-20T13:00,11013,3750,912,3779,86,606,0,889,102,889,0,
2025-11-20T14:00,10603,3787,626,3749,86,465,0,889,102,899,0,
2025-11-20T15:00,10557,3828,669,3723,86,364,9,889,100,889,0,
2025-11-20T16:00,10386,3749,828,3544,86,145,13,889,98,1034,0,
2025-11-20T17:00,10732,3673,1208,3612,86,6,19,898,104,1126,0,
2025-11-20T18:00,11972,3687,2029,3815,86,0,21,898,106,1330,0,সন্ধ্যা পিক
2025-11-20T19:00,11529,3607,1709,3849,86,0,20,897,94,1267,0,
2025-11-20T19:30,11240,3693,1336,3885,86,0,17,898,92,1233,0,
2025-11-20T20:00,11140,3692,1234,3894,86,0,18,898,92,1226,0,
2025-11-20T21:00,11021,3741,1082,3849,86,0,23,916,92,1232,0,
2025-11-20T22:00,10533,3667,884,3757,86,0,14,816,88,1221,0,
2025-11-20T23:00,10125,3716,528,3635,86,0,16,816,90,1238,0,
2025-11-21T00:00,9895,3664,249,3624,86,0,27,916,88,1241,0,
2025-11-21T01:00,9287,3609,35,3394,86,0,24,916,88,1135,0,
2025-11-21T02:00,8922,3530,16,3238,86,0,27,916,84,1025,0,
2025-11-21T03:00,8694,3583,0,3126,86,0,21,877,80,921,0,
2025-11-21T04:00,8404,3527,0,3074,86,0,18,718,74,907,0,
2025-11-21T05:00,8291,3560,0,3050,86,0,17,666,78,834,0,
2025-11-21T06:00,8370,3573,0,3135,86,0,28,636,70,842,0,
2025-11-21T07:00,8500,3668,2,3119,86,43,22,634,68,858,0,
2025-11-21T08:00,8933,3565,76,3318,86,227,10,674,66,911,0,
2025-11-21T09:00,8578,3241,43,3100,86,424,5,696,68,915,0,
2025-11-21T10:00,8379,3244,43,2847,86,568,9,683,70,829,0,
2025-11-21T11:00,7381,2723,43,2255,86,615,21,745,76,817,0,
2025-11-21T12:00,8417,3149,293,2376,86,549,16,916,90,942,0,ডে পিক
2025-11-21T13:00,9927,3271,1001,2872,86,557,18,916,90,1116,0,
2025-11-21T14:00,8831,3148,350,2732,86,494,14,915,76,1016,0,
2025-11-21T15:00,8272,3109,255,2654,86,321,17,794,72,964,0,
2025-11-21T16:00,8065,3263,217,2562,86,122,12,794,70,939,0,
2025-11-21T17:00,8483,3493,278,2748,86,4,0,779,70,1025,0,
2025-11-21T18:00,9905,3670,932,3046,86,0,0,873,80,1218,0,সন্ধ্যা পিক
2025-11-21T19:00,9770,3968,420,3125,86,0,0,874,74,1223,0,
2025-11-21T19:30,9724,3966,346,3160,86,0,0,874,72,1220,0,
2025-11-21T20:00,9683,4059,158,3198,86,0,0,874,84,1224,0,
2025-11-21T21:00,9658,4234,78,3076,86,0,0,874,84,1226,0,
2025-11-21T22:00,9636,4272,78,3071,86,0,0,874,82,1173,0,
2025-11-21T23:00,9253,4225,24,2901,86,0,0,874,80,1063,0,
2025-11-22T00:00,9035,4229,24,2811,86,0,0,888,78,919,0,
2025-11-22T01:00,8491,4121,16,2524,86,0,0,819,74,851,0,
2025-11-22T02:00,8241,4213,8,2366,86,0,0,672,64,832,0,
2025-11-22T03:00,7704,3922,0,2117,86,0,0,672,68,839,0,
2025-11-22T04:00,7632,3830,0,2127,86,0,0,673,68,848,0,
2025-11-22T05:00,7548,3765,0,2121,86,0,0,673,68,835,0,
2025-11-22T06:00,7849,4050,0,2135,86,0,0,672,70,836,0,
2025-11-22T07:00,8629,4387,19,2314,86,40,1,862,70,850,0,
2025-11-22T08:00,8958,4479,73,2375,86,200,5,832,76,832,0,
2025-11-22T09:00,8815,4138,110,2334,86,409,1,832,76,829,0,
2025-11-22T10:00,8524,3822,90,2240,86,533,0,841,80,832,0,
2025-11-22T11:00,8845,4010,118,2255,86,609,10,842,84,831,0,
2025-11-22T12:00,9513,4464,120,2461,86,583,14,866,90,829,0,ডে পিক
2025-11-22T13:00,9778,4535,129,2703,86,482,12,865,84,882,0,
2025-11-22T14:00,9588,4291,185,2662,86,465,14,865,94,926,0,
2025-11-22T15:00,9357,4292,169,2660,86,323,11,866,90,860,0,
2025-11-22T16:00,9178,4395,169,2579,86,124,8,889,88,840,0,
2025-11-22T17:00,9791,4367,505,2853,86,3,13,888,92,984,0,
2025-11-22T18:00,11369,4502,1050,3449,86,0,21,886,92,1283,0,সন্ধ্যা পিক
2025-11-22T19:00,11086,4515,580,3486,86,0,13,887,90,1429,0,
2025-11-22T19:30,10940,4456,527,3456,86,0,14,887,90,1430,0,
2025-11-22T20:00,10759,4521,314,3419,86,0,8,887,94,1430,0,
2025-11-22T21:00,10502,4531,35,3425,86,0,1,887,90,1447,0,
2025-11-22T22:00,10190,4360,35,3276,86,0,0,888,82,1463,0,
2025-11-22T23:00,9790,4305,35,3061,86,0,0,887,84,1332,0,
2025-11-23T00:00,9387,4250,24,2933,86,0,1,887,86,1120,0,
2025-11-23T01:00,8814,4221,16,2585,86,0,3,887,76,940,0,
2025-11-23T02:00,8413,4066,0,2455,86,0,3,887,78,838,0,
2025-11-23T03:00,8208,3966,0,2365,86,0,8,862,80,841,0,
2025-11-23T04:00,7928,3832,0,2230,86,0,14,862,68,836,0,
2025-11-23T05:00,7868,3750,0,2234,86,0,12,862,72,852,0,
2025-11-23T06:00,8149,4012,0,2260,86,0,11,861,66,853,0,
2025-11-23T07:00,8950,4522,4,2465,86,37,12,862,68,894,0,
2025-11-23T08:00,9501,4352,76,2803,86,191,13,861,82,1037,0,
2025-11-23T09:00,9437,4101,57,2854,86,379,4,862,74,1020,0,
2025-11-23T10:00,9402,4058,92,2782,86,513,6,862,80,923,0,
2025-11-23T11:00,9760,4291,95,2806,86,587,17,862,90,926,0,
2025-11-23T12:00,10130,4377,125,2904,86,603,14,862,88,1071,0,ডে পিক
2025-11-23T13:00,10553,4399,549,2928,86,459,9,862,98,1073,0,
2025-11-23T14:00,10059,4232,330,2929,86,435,11,862,102,1072,0,
2025-11-23T15:00,9914,4280,297,2936,86,274,6,862,98,1075,0,
2025-11-23T16:00,9749,4419,296,2803,86,116,9,861,90,1069,0,
2025-11-23T17:00,10237,4417,630,2968,86,4,21,862,92,1157,0,
2025-11-23T18:00,11309,4209,1257,3444,46,0,14,861,100,1378,0,সন্ধ্যা পিক
2025-11-23T19:00,10916,4271,595,3568,46,0,14,861,96,1465,0,
2025-11-23T19:30,10755,4366,345,3558,46,0,8,861,98,1473,0,
2025-11-23T20:00,10668,4393,253,3533,46,0,7,862,98,1476,0,
2025-11-23T21:00,10524,4405,180,3472,46,0,8,861,92,1460,0,
2025-11-23T22:00,10018,4239,69,3327,46,0,12,862,84,1379,0,
2025-11-23T23:00,9702,4101,34,3238,46,0,16,861,94,1312,0,
2025-11-24T00:00,9397,4151,16,3055,46,0,13,861,92,1163,0,
2025-11-24T01:00,8732,4110,8,2721,46,0,25,861,78,883,0,
2025-11-24T02:00,8347,3927,0,2573,46,0,19,861,72,849,0,
2025-11-24T03:00,8113,3763,0,2515,46,0,21,862,70,836,0,
2025-11-24T04:00,7836,3490,0,2516,46,0,20,862,72,830,0,
2025-11-24T05:00,7828,3458,0,2518,46,0,26,861,74,845,0,
2025-11-24T06:00,8081,3622,0,2606,46,0,32,862,70,843,0,
2025-11-24T07:00,8935,4125,25,2914,46,32,19,862,74,838,0,
2025-11-24T08:00,9522,4360,77,3086,46,167,10,861,72,843,0,
2025-11-24T09:00,9394,4160,140,2928,46,345,8,861,72,834,0,
2025-11-24T10:00,9271,4048,155,2704,46,541,6,861,80,830,0,
2025-11-24T11:00,9532,4347,149,2600,46,597,8,870,74,841,0,
2025-11-24T12:00,10025,4604,185,2758,46,615,4,871,98,844,0,ডে পিক
2025-11-24T13:00,10308,4506,271,3003,46,582,0,871,98,931,0,
2025-11-24T14:00,10034,4258,318,3019,46,488,0,887,104,914,0,
2025-11-24T15:00,9821,4249,305,3004,46,316,0,887,100,914,0,
2025-11-24T16:00,9783,4161,302,3218,86,121,4,887,96,908,0,
2025-11-24T17:00,10327,4273,455,3463,86,7,7,887,94,1055,0,
2025-11-24T18:00,11490,4363,909,3806,86,0,13,887,106,1320,0,সন্ধ্যা পিক
2025-11-24T19:00,10887,4366,312,3870,86,0,13,887,94,1259,0,
2025-11-24T19:30,10839,4336,312,3920,86,0,11,887,94,1193,0,
2025-11-24T20:00,10689,4331,205,3917,86,0,7,887,96,1160,0,
2025-11-24T21:00,10581,4364,147,3981,46,0,1,887,94,1061,0,
2025-11-24T22:00,10173,4305,78,3788,46,0,10,887,90,969,0,
2025-11-24T23:00,9666,4330,16,3471,46,0,8,887,90,818,0,
2025-11-25T00:00,9352,4258,16,3224,46,0,4,887,82,835,0,
2025-11-25T01:00,8741,4137,16,2744,46,0,3,887,76,832,0,
2025-11-25T02:00,8297,3860,0,2603,46,0,2,887,70,829,0,
2025-11-25T03:00,8030,3653,0,2549,46,0,0,887,68,827,0,
2025-11-25T04:00,7826,3509,0,2486,46,0,0,887,68,830,0,
2025-11-25T05:00,7706,3359,0,2503,46,0,3,887,74,834,0,
2025-11-25T06:00,8041,3675,0,2523,46,0,2,887,76,832,0,
2025-11-25T07:00,8998,4276,26,2827,46,40,1,887,64,831,0,
2025-11-25T08:00,9591,4223,91,3207,46,227,2,887,78,830,0,
2025-11-25T09:00,9378,3894,69,3146,46,418,1,888,82,834,0,
2025-11-25T10:00,9274,3789,43,3002,46,589,2,888,82,833,0,
2025-11-25T11:00,9461,3917,49,2983,46,636,1,889,88,852,0,
2025-11-25T12:00,10082,4326,49,3150,46,665,0,888,104,854,0,ডে পিক
2025-11-25T13:00,10362,4329,49,3482,46,621,0,881,98,856,0,
2025-11-25T14:00,10078,4152,49,3514,46,514,0,865,104,834,0,
2025-11-25T15:00,9731,4067,50,3422,46,347,0,866,94,839,0,
2025-11-25T16:00,9577,3992,99,3433,46,130,0,866,94,917,0,
2025-11-25T17:00,10082,4031,312,3646,46,5,0,866,96,1080,0,
2025-11-25T18:00,11404,4115,863,4085,46,0,0,865,100,1330,0,সন্ধ্যা পিক
2025-11-25T19:00,10945,4131,482,4102,46,0,0,866,90,1228,0,
2025-11-25T19:30,10842,4174,365,4073,46,0,0,866,98,1220,0,
2025-11-25T20:00,10648,4126,232,4061,46,0,0,866,98,1219,0,
2025-11-25T21:00,10536,4126,150,4038,46,0,0,865,90,1221,0,
2025-11-25T22:00,10097,4080,71,3838,46,0,0,866,86,1110,0,
2025-11-25T23:00,9732,4087,35,3593,46,0,0,865,84,1022,0,
2025-11-26T00:00,9330,4078,35,3404,46,0,0,866,76,825,0,
2025-11-26T01:00,8538,3812,0,2915,46,0,0,866,74,825,0,
2025-11-26T02:00,8129,3711,0,2599,46,0,0,879,70,824,0,
2025-11-26T03:00,7952,3643,0,2503,25,0,0,884,68,829,0,
2025-11-26T04:00,7671,3657,0,2380,0,0,2,732,68,832,0,
2025-11-26T05:00,7592,3579,0,2374,0,0,2,732,70,835,0,
2025-11-26T06:00,8048,4137,0,2383,46,0,3,580,72,827,0,
2025-11-26T07:00,8917,4503,51,2790,46,39,4,581,72,831,0,
2025-11-26T08:00,9620,4479,82,3151,46,212,3,736,80,831,0,
2025-11-26T09:00,9197,3974,55,3065,46,414,0,751,84,808,0,
2025-11-26T10:00,9126,3934,24,2918,46,560,0,750,86,808,0,
2025-11-26T11:00,9540,4085,57,2916,46,641,0,883,84,828,0,
2025-11-26T12:00,10104,4368,61,3166,46,648,0,892,84,839,0,ডে পিক
2025-11-26T13:00,10497,4389,59,3553,46,618,0,892,102,838,0,
2025-11-26T14:00,10078,4207,41,3447,46,511,2,892,98,834,0,
2025-11-26T15:00,9738,4173,16,3348,46,338,1,892,88,836,0,
2025-11-26T16:00,9752,4427,47,3283,46,122,1,892,92,842,0,
2025-11-26T17:00,10081,4390,362,3412,46,5,1,891,96,878,0,
2025-11-26T18:00,11398,4394,803,3990,46,0,0,892,98,1175,0,সন্ধ্যা পিক
2025-11-26T19:00,10946,4262,214,4141,46,0,0,892,86,1305,0,
2025-11-26T19:30,10871,4334,146,4174,46,0,0,1193,86,1193,0,
2025-11-26T20:00,10659,4345,111,4077,46,0,0,892,86,1102,0,
2025-11-26T21:00,10586,4328,42,4074,46,0,0,892,90,1114,0,
2025-11-26T22:00,10073,4040,42,3884,46,0,0,891,92,1078,0,
2025-11-26T23:00,9828,4211,42,3602,46,0,0,892,86,949,0,
2025-11-27T00:00,9411,4154,16,3362,46,0,0,892,80,861,0,
2025-11-27T01:00,8802,4018,8,2923,46,0,0,892,82,833,0,
2025-11-27T02:00,8451,3883,0,2714,46,0,1,892,76,839,0,
2025-11-27T03:00,8164,3840,0,2484,46,0,1,892,68,833,0,
2025-11-27T04:00,7873,3768,0,2503,46,0,0,656,66,834,0,
2025-11-27T05:00,7774,3690,0,2477,46,0,0,656,72,833,0,
2025-11-27T06:00,8108,3874,5,2621,46,0,1,656,72,833,0,
2025-11-27T07:00,9004,4289,40,3028,46,43,0,656,66,836,0,
2025-11-27T08:00,9681,4355,76,3308,46,243,1,656,74,922,0,
2025-11-27T09:00,9462,4167,76,3183,46,462,0,630,74,824,0,
2025-11-27T10:00,9277,4049,32,3006,46,608,0,630,80,826,0,
2025-11-27T11:00,9552,4200,40,2873,46,691,0,772,92,838,0,
2025-11-27T12:00,10148,4337,58,3221,46,686,1,866,98,835,0,ডে পিক
2025-11-27T13:00,10390,4239,117,3512,46,643,1,866,96,870,0,
2025-11-27T14:00,10175,4153,68,3519,46,545,0,867,102,875,0,
2025-11-27T15:00,9962,4143,101,3439,46,380,2,866,90,895,0,
2025-11-27T16:00,9788,4345,119,3342,46,144,12,866,92,822,0,
2025-11-27T17:00,10202,4015,521,3583,46,5,10,866,96,1060,0,
2025-11-27T18:00,11435,4367,604,4141,46,0,11,866,102,1298,0,সন্ধ্যা পিক
2025-11-27T19:00,11048,4148,493,4096,46,0,4,866,82,1303,0,
2025-11-27T19:30,10831,4230,342,3976,46,0,1,867,92,1277,0,
2025-11-27T20:00,10689,4238,213,3963,46,0,1,866,90,1272,0,
2025-11-27T21:00,10569,4197,138,3962,46,0,0,866,94,1266,0,
2025-11-27T22:00,10135,4168,120,3725,46,0,0,866,84,1126,0,
2025-11-27T23:00,9858,4166,64,3555,46,0,0,867,90,1070,0,
2025-11-28T00:00,9451,4096,43,3356,46,0,0,867,84,959,0,
2025-11-28T01:00,8927,4123,16,2986,46,0,0,866,72,818,0,
2025-11-28T02:00,8450,3835,0,2793,46,0,4,866,70,836,0,
2025-11-28T03:00,8168,3888,0,2565,46,0,9,756,76,828,0,
2025-11-28T04:00,7991,3792,0,2562,46,0,13,678,66,834,0,
2025-11-28T05:00,7835,3652,0,2549,46,0,13,831,66,831,0,
2025-11-28T06:00,7912,3750,0,2579,46,0,11,631,66,829,0,
2025-11-28T07:00,8140,3917,0,2589,46,40,7,630,70,841,0,
2025-11-28T08:00,8708,4169,32,2653,46,236,6,677,60,829,0,
2025-11-28T09:00,8360,3776,24,2506,30,454,2,678,62,828,0,
2025-11-28T10:00,8242,3572,16,2449,30,585,6,678,72,678,0,
2025-11-28T11:00,8674,3947,16,2418,46,661,12,678,78,834,0,
2025-11-28T12:00,9411,4251,37,2795,46,679,9,678,88,828,0,ডে পিক
2025-11-28T13:00,10175,4468,76,3045,46,646,7,771,96,1020,0,
2025-11-28T14:00,8628,3720,35,2520,46,527,5,843,86,846,0,
2025-11-28T15:00,8164,3705,8,2363,35,366,12,771,76,828,0,
2025-11-28T16:00,7967,3812,8,2369,30,143,14,675,70,846,0,
2025-11-28T17:00,8552,4001,21,2754,30,6,14,674,64,988,0,
2025-11-28T18:00,9896,4389,349,3082,46,0,13,768,72,1177,0,সন্ধ্যা পিক
2025-11-28T19:00,9662,4476,315,2911,46,0,6,862,72,974,0,
2025-11-28T19:30,9568,4636,98,2944,46,0,1,863,72,908,0,
2025-11-28T20:00,9550,4732,32,2972,46,0,0,862,72,834,0,
2025-11-28T21:00,9635,4823,32,2962,46,0,0,862,78,832,0,
2025-11-28T22:00,9237,4535,24,2843,46,0,0,863,80,846,0,
2025-11-28T23:00,8996,4382,16,2765,46,0,0,863,80,844,0,
2025-11-29T00:00,8603,4273,0,2519,46,0,0,862,68,835,0,
2025-11-29T01:00,8090,3971,0,2397,46,0,1,768,72,835,0,
2025-11-29T02:00,7736,3737,0,2391,46,0,2,674,62,824,0,
2025-11-29T03:00,7331,3381,0,2338,46,0,5,675,62,824,0,
2025-11-29T04:00,7199,3313,0,2321,46,0,3,614,60,842,0,
2025-11-29T05:00,7121,3300,0,2287,46,0,6,583,64,835,0,
2025-11-29T06:00,7490,3562,0,2386,46,0,8,583,70,835,0,
2025-11-29T07:00,8307,3970,10,2759,46,35,7,582,64,834,0,
2025-11-29T08:00,8911,4076,43,2955,46,196,11,677,80,827,0,
2025-11-29T09:00,8537,3759,16,2638,46,399,1,771,78,829,0,
2025-11-29T10:00,8481,3577,35,2609,46,531,6,771,76,830,0,
2025-11-29T11:00,8669,3671,58,2590,46,607,6,771,80,840,0,
2025-11-29T12:00,9322,4220,65,2666,46,617,6,771,96,835,0,ডে পিক
2025-11-29T13:00,9808,4182,178,2941,46,560,6,873,96,926,0,
2025-11-29T14:00,9384,3891,267,2825,46,464,6,873,96,916,0,
2025-11-29T15:00,9101,3803,262,2772,46,313,7,878,96,924,0,
2025-11-29T16:00,9121,3916,244,2942,46,120,7,882,92,872,0,
2025-11-29T17:00,9736,4075,311,3243,46,4,9,887,88,1073,0,
2025-11-29T18:00,11298,4388,621,3930,46,0,9,887,98,1319,0,সন্ধ্যা পিক
2025-11-29T19:00,10962,4263,522,3876,46,0,5,886,92,1272,0,
2025-11-29T19:30,10909,4299,499,3849,46,0,4,887,88,1237,0,
2025-11-29T20:00,10683,4321,405,3708,46,0,2,887,82,1232,0,
2025-11-29T21:00,10475,4450,63,3759,46,0,0,887,96,1174,0,
2025-11-29T22:00,10121,4349,67,3565,46,0,0,884,100,1110,0,
2025-11-29T23:00,9691,4273,26,3434,46,0,0,885,108,919,0,
2025-11-30T00:00,9273,4366,8,3048,46,0,0,885,100,820,0,
2025-11-30T01:00,8674,4128,8,2783,46,0,0,791,90,828,0,
2025-11-30T02:00,8233,4017,0,2566,46,0,0,697,82,825,0,
2025-11-30T03:00,7971,3776,0,2550,46,0,2,696,78,823,0,
2025-11-30T04:00,7757,3666,0,2524,46,0,8,603,82,828,0,
2025-11-30T05:00,7642,3609,0,2462,46,0,9,603,84,829,0,
2025-11-30T06:00,8077,3954,0,2458,46,0,7,696,80,836,0,
2025-11-30T07:00,8943,4373,29,2757,46,31,3,792,80,832,0,
2025-11-30T08:00,9705,4479,54,3223,46,176,1,793,94,839,0,
2025-11-30T09:00,9620,4323,69,3103,46,347,1,794,102,835,0,
2025-11-30T10:00,9495,4244,69,2906,46,504,0,794,102,830,0,
2025-11-30T11:00,9816,4424,67,2981,46,570,0,794,102,832,0,
2025-11-30T12:00,10321,4481,54,3213,46,594,0,888,124,921,0,ডে পিক
2025-11-30T13:00,10707,4600,75,3491,46,555,0,889,122,929,0,
2025-11-30T14:00,10215,4459,58,3401,46,413,0,888,118,832,0,
2025-11-30T15:00,9982,4403,49,3320,46,214,2,889,122,937,0,
2025-11-30T16:00,9895,4340,93,3377,46,95,10,888,116,930,0,
2025-11-30T17:00,9967,4121,313,3457,46,7,3,888,112,1020,0,
2025-11-30T18:00,11404,4458,660,3948,46,0,5,888,112,1287,0,সন্ধ্যা পিক
2025-11-30T19:00,11121,4245,518,4024,46,0,2,888,106,1292,0,
2025-11-30T19:30,11000,4328,349,4034,46,0,1,888,112,1242,0,
2025-11-30T20:00,10789,4338,304,3875,46,0,0,889,116,1221,0,
2025-11-30T21:00,10485,4331,182,3821,46,0,0,888,106,1111,0,
2025-11-30T22:00,10118,4268,71,3676,46,0,0,881,104,1072,0,
2025-11-30T23:00,9750,4229,71,3463,46,0,6,881,104,950,0,
2025-12-01T00:00,9249,4237,16,3126,46,0,8,882,100,834,0,
2025-12-01T01:00,8732,4153,8,2800,46,0,3,787,100,835,0,
2025-12-01T02:00,8322,3999,0,2609,46,0,3,738,90,837,0,
2025-12-01T03:00,8024,3869,0,2499,46,0,1,684,92,833,0,
2025-12-01T04:00,7827,3708,0,2470,46,0,0,684,88,831,0,
2025-12-01T05:00,7737,3746,0,2394,46,0,0,637,80,834,0,
2025-12-01T06:00,8215,3914,0,2616,46,0,0,636,84,919,0,
2025-12-01T07:00,8888,4093,27,2763,46,38,0,737,90,1094,0,
2025-12-01T08:00,9571,4051,54,3138,46,169,0,730,102,1281,0,
2025-12-01T09:00,9544,3984,76,3071,46,370,0,730,80,1187,0,
2025-12-01T10:00,9261,4093,36,2887,46,417,0,780,88,914,0,
2025-12-01T11:00,9567,4149,182,2856,46,541,0,779,96,918,0,
2025-12-01T12:00,10322,4284,298,3016,46,590,0,873,104,1111,0,ডে পিক
2025-12-01T13:00,10527,4201,440,3153,46,448,0,872,98,1269,0,
2025-12-01T14:00,10018,3938,325,3155,46,305,1,872,98,1278,0,
2025-12-01T15:00,9788,3910,305,3149,46,233,0,872,122,1151,0,
2025-12-01T16:00,9763,4107,302,3142,46,91,0,873,108,1094,0,
2025-12-01T17:00,10273,4242,630,3266,46,6,0,873,116,1094,0,
2025-12-01T18:00,11336,4272,1165,3595,46,0,0,872,116,1270,0,সন্ধ্যা পিক
2025-12-01T19:00,10887,4196,696,3638,46,0,2,873,106,1330,0,
2025-12-01T19:30,10815,4316,500,3644,46,0,1,872,106,1330,0,
2025-12-01T20:00,10688,4267,462,3608,46,0,0,872,104,1329,0,
2025-12-01T21:00,10531,4308,385,3489,46,0,0,873,104,1326,0,
2025-12-01T22:00,10088,4245,167,3325,46,0,0,873,104,1328,0,
2025-12-01T23:00,9648,4293,54,3079,46,0,0,873,96,1207,0,
2025-12-02T00:00,9299,4348,24,2866,46,0,0,845,90,1080,0,
2025-12-02T01:00,8734,4033,24,2735,46,0,0,752,88,1056,0,
2025-12-02T02:00,8315,3903,8,2651,46,0,0,704,84,919,0,
2025-12-02T03:00,8054,3881,0,2542,46,0,0,670,82,833,0,
2025-12-02T04:00,7778,3853,0,2299,46,0,0,670,86,824,0,
2025-12-02T05:00,7704,3827,0,2271,46,0,0,637,92,831,0,
2025-12-02T06:00,8130,3971,4,2542,46,0,0,636,94,837,0,
2025-12-02T07:00,8762,4187,24,2877,46,31,0,636,94,867,0,
2025-12-02T08:00,9604,4217,49,3264,46,115,0,730,96,1087,0,
2025-12-02T09:00,9646,4112,76,3229,46,295,0,777,92,1019,0,
2025-12-02T10:00,9366,4108,35,2964,46,426,0,777,92,918,0,
2025-12-02T11:00,9483,4201,76,2907,46,463,0,777,96,917,0,
2025-12-02T12:00,9968,4145,257,3110,46,510,0,873,102,925,0,ডে পিক
2025-12-02T13:00,10516,4125,572,3234,46,465,0,872,94,1108,0,
2025-12-02T14:00,9943,3944,559,2943,46,376,1,872,92,1110,0,
2025-12-02T15:00,9760,3968,419,2995,46,234,3,873,100,1122,0,
2025-12-02T16:00,9625,4067,369,3007,46,87,8,872,116,1053,0,
2025-12-02T17:00,10181,4058,741,3175,46,3,5,873,108,1172,0,
2025-12-02T18:00,11217,4117,1079,3537,46,0,6,848,116,1468,0,সন্ধ্যা পিক
2025-12-02T19:00,10955,4166,691,3613,46,0,13,849,116,1461,0,
2025-12-02T19:30,10752,4078,518,3679,46,0,13,849,112,1457,0,
2025-12-02T20:00,10648,4028,458,3698,46,0,11,849,112,1446,0,
2025-12-02T21:00,10412,4070,275,3598,46,0,9,850,104,1460,0,
2025-12-02T22:00,10085,3989,163,3464,46,0,9,860,100,1454,0,
2025-12-02T23:00,9684,3999,59,3225,46,0,9,860,110,1376,0,
2025-12-03T00:00,9099,3812,25,3003,46,0,19,864,102,1228,0,
2025-12-03T01:00,8579,3824,25,2764,46,0,19,778,92,1031,0,
2025-12-03T02:00,8214,3903,0,2571,46,0,24,741,92,837,0,
2025-12-03T03:00,7867,3835,0,2352,46,0,25,684,84,841,0,
2025-12-03T04:00,7537,3701,0,2196,46,0,26,648,84,836,0,
2025-12-03T05:00,7607,3762,0,2218,46,0,28,636,82,835,0,
2025-12-03T06:00,7957,3909,0,2419,46,0,18,637,86,842,0,
2025-12-03T07:00,8711,4086,25,2942,46,34,12,636,86,844,0,
2025-12-03T08:00,9790,4062,53,3427,46,150,4,730,86,1232,0,
2025-12-03T09:00,9473,3874,55,3182,46,328,4,777,86,1121,0,
2025-12-03T10:00,9242,3910,58,2969,46,424,3,777,94,961,0,
2025-12-03T11:00,9448,3961,75,2975,46,558,6,776,94,957,0,
2025-12-03T12:00,10090,4003,334,3171,46,575,2,834,94,1031,0,ডে পিক
2025-12-03T13:00,10047,4073,668,2693,46,486,1,872,98,1110,0,
2025-12-03T14:00,9840,3658,1001,2705,46,385,1,812,102,1130,0,
2025-12-03T15:00,9774,3730,987,2650,46,259,7,872,100,1123,0,
2025-12-03T16:00,9594,3850,928,2563,46,95,12,872,96,1132,0,
2025-12-03T17:00,10175,3970,1338,2638,40,4,12,871,96,1206,0,
2025-12-03T18:00,11133,3906,1907,2950,0,0,13,871,98,1388,0,সন্ধ্যা পিক
2025-12-03T19:00,11052,3864,1845,3028,0,0,11,872,102,1330,0,
2025-12-03T19:30,10874,3880,1666,3019,0,0,13,871,96,1329,0,
2025-12-03T20:00,10746,3859,1559,3021,0,0,10,871,94,1332,0,
2025-12-03T21:00,10570,3917,1287,3020,40,0,10,872,96,1328,0,
2025-12-03T22:00,10092,3952,757,3025,40,0,10,871,94,1343,0,
2025-12-03T23:00,9583,4050,441,2810,40,0,15,872,92,1263,0,
2025-12-04T00:00,9200,4105,256,2720,40,0,18,872,86,1103,0,
2025-12-04T01:00,8507,4077,0,2579,40,0,25,776,74,936,0,
2025-12-04T02:00,8096,4058,0,2340,40,0,27,728,74,829,0,
2025-12-04T03:00,7805,3958,0,2195,40,0,26,682,76,828,0,
2025-12-04T04:00,7598,3657,0,2300,40,0,21,682,72,826,0,
2025-12-04T05:00,7556,3720,0,2254,40,0,14,635,64,829,0,
2025-12-04T06:00,7956,3986,0,2387,40,0,14,635,68,826,0,
2025-12-04T07:00,8699,4165,43,2678,40,26,17,634,76,1020,0,
2025-12-04T08:00,9397,3967,75,3250,40,148,8,707,80,1122,0,
2025-12-04T09:00,9572,3981,84,3242,40,333,1,775,84,1032,0,
2025-12-04T10:00,9367,3894,91,3063,40,486,0,775,84,934,0,
2025-12-04T11:00,9637,4073,93,3016,40,588,0,776,98,953,0,
2025-12-04T12:00,10183,4149,327,3078,40,604,0,844,100,1041,0,ডে পিক
2025-12-04T13:00,10516,4006,625,3212,40,517,0,844,104,1168,0,
2025-12-04T14:00,10116,3934,580,3175,40,413,0,844,100,1030,0,
2025-12-04T15:00,9815,3949,563,3049,40,299,1,844,96,974,0,
2025-12-04T16:00,9672,4030,576,3042,40,115,0,844,94,931,0,
2025-12-04T17:00,10159,4029,841,3203,40,5,0,844,96,1101,0,
2025-12-04T18:00,11202,4123,1280,3490,40,0,3,844,96,1101,0,সন্ধ্যা পিক
2025-12-04T19:00,10832,4042,917,3557,40,0,4,844,96,1332,0,
2025-12-04T19:30,10690,4115,682,3580,40,0,4,844,94,1331,0,
2025-12-04T20:00,10591,4099,598,3600,40,0,3,844,86,1321,0,
2025-12-04T21:00,10370,4142,322,3609,40,0,3,844,88,1322,0,
2025-12-04T22:00,10069,4039,211,3512,40,0,9,844,92,1322,0,
2025-12-04T23:00,9602,4069,123,3224,40,0,8,844,88,1206,0,
2025-12-05T00:00,9274,4077,78,3037,40,0,7,844,76,1115,0,
2025-12-05T01:00,8682,4038,0,2747,40,0,9,844,70,934,0,
2025-12-05T02:00,8281,4120,0,2442,40,0,14,749,72,844,0,
2025-12-05T03:00,7916,4126,0,2302,40,0,12,521,74,841,0,
2025-12-05T04:00,7716,4052,0,2239,40,0,7,467,74,837,0,
2025-12-05T05:00,7464,3812,0,2227,40,0,6,466,72,841,0,
2025-12-05T06:00,7691,4012,0,2258,40,0,4,467,70,840,0,
2025-12-05T07:00,7943,4276,4,2251,40,28,1,445,60,838,0,
2025-12-05T08:00,8439,4144,45,2480,40,164,0,632,56,878,0,
2025-12-05T09:00,8270,3918,103,2315,40,362,0,632,76,824,0,
2025-12-05T10:00,8089,3674,108,2231,40,497,0,633,74,832,0,
2025-12-05T11:00,8291,3860,97,2146,40,601,0,632,82,833,0,
2025-12-05T12:00,9080,4237,94,2387,40,633,0,680,88,921,0,ডে পিক
2025-12-05T13:00,9785,4287,95,2799,40,595,0,727,108,1134,0,
2025-12-05T14:00,8705,4013,95,2240,40,480,0,820,94,923,0,
2025-12-05T15:00,8006,3794,95,2109,40,322,5,728,76,837,0,
2025-12-05T16:00,7751,3853,89,2067,40,126,5,643,70,858,0,
2025-12-05T17:00,8237,3967,233,2268,40,3,7,643,86,990,0,
2025-12-05T18:00,9609,4210,653,2727,40,0,7,701,100,1171,0,সন্ধ্যা পিক
2025-12-05T19:00,9519,4338,276,2859,40,0,5,796,88,1117,0,
2025-12-05T19:30,9528,4351,253,2876,40,0,6,796,90,1116,0,
2025-12-05T20:00,9412,4371,187,2815,40,0,7,796,90,1106,0,
2025-12-05T21:00,9421,4397,108,2883,40,0,0,797,90,1106,0,
2025-12-05T22:00,9205,4457,50,2760,40,0,0,797,94,1007,0,
2025-12-05T23:00,8776,4379,17,2566,40,0,0,751,92,931,0,
2025-12-06T00:00,8402,4384,17,2297,40,0,2,752,80,830,0,
2025-12-06T01:00,7859,4089,17,1944,40,0,12,845,80,832,0,
2025-12-06T02:00,7445,3860,17,1857,40,0,13,751,78,829,0,
2025-12-06T03:00,7256,3800,17,1849,40,0,20,626,74,830,0,
2025-12-06T04:00,6996,3719,17,1836,40,0,8,468,74,834,0,
2025-12-06T05:00,6972,3685,17,1850,40,0,5,468,76,831,0,
2025-12-06T06:00,7468,4174,17,1850,40,0,10,469,80,828,0,
2025-12-06T07:00,8079,4461,38,2020,40,31,11,468,78,932,0,
2025-12-06T08:00,8824,4598,60,2269,40,175,7,657,82,936,0,
2025-12-06T09:00,8217,4179,63,2018,40,358,4,656,72,827,0,
2025-12-06T10:00,7930,3847,72,1894,40,500,2,657,80,838,0,
2025-12-06T11:00,8154,4029,33,1920,40,562,1,657,82,830,0,
2025-12-06T12:00,8877,4555,33,1995,40,601,5,704,98,846,0,ডে পিক
2025-12-06T13:00,9206,4558,60,2227,40,553,0,750,94,924,0,
2025-12-06T14:00,8989,4335,81,2339,40,420,0,844,102,828,0,
2025-12-06T15:00,8798,4356,81,2359,40,295,0,725,106,836,0,
2025-12-06T16:00,8864,4371,126,2542,40,111,19,631,102,922,0,
2025-12-06T17:00,9607,4366,459,2845,40,4,13,631,110,1139,0,
2025-12-06T18:00,10893,4377,1188,3095,40,0,14,678,128,1373,0,
2025-12-06T19:00,11002,4281,1216,3110,40,0,16,771,116,1452,0,সন্ধ্যা পিক
2025-12-06T19:30,10694,4330,863,3116,40,0,16,771,118,1440,0,
2025-12-06T20:00,10511,4316,695,3123,40,0,12,771,100,1454,0,
2025-12-06T21:00,10313,4366,442,3119,40,0,8,777,106,1455,0,
2025-12-06T22:00,9924,4401,283,2989,40,0,6,783,108,1314,0,
2025-12-06T23:00,9326,4412,50,2735,40,0,18,741,108,1222,0,
2025-12-07T00:00,8971,4397,33,2517,40,0,21,740,94,1129,0,
2025-12-07T01:00,8484,4249,33,2282,40,0,29,845,94,912,0,
2025-12-07T02:00,8078,4174,25,2112,40,0,32,752,88,855,0,
2025-12-07T03:00,7779,4158,17,2052,40,0,45,556,86,825,0,
2025-12-07T04:00,7559,4122,17,1960,40,0,32,468,86,834,0,
2025-12-07T05:00,7463,4105,17,1890,40,0,22,468,84,837,0,
2025-12-07T06:00,7876,4321,17,2073,40,0,25,468,88,844,0,
2025-12-07T07:00,8617,4505,40,2486,40,35,24,469,84,934,0,
2025-12-07T08:00,9593,4487,116,2883,40,145,13,657,96,1156,0,
2025-12-07T09:00,9704,4297,150,2933,40,348,4,657,98,1177,0,
2025-12-07T10:00,9238,3891,76,2784,40,514,11,657,98,1167,0,
2025-12-07T11:00,9448,4059,71,2732,40,605,12,657,102,1170,0,
2025-12-07T12:00,10082,4126,406,2877,40,630,4,704,118,1177,0,ডে পিক
2025-12-07T13:00,10434,3991,761,3035,40,563,1,750,114,1179,0,
2025-12-07T14:00,9974,4032,375,2997,40,460,1,843,116,1110,0,
2025-12-07T15:00,9542,4128,337,2787,40,313,10,843,114,970,0,
2025-12-07T16:00,9455,4285,338,2844,40,120,9,844,108,867,0,
2025-12-07T17:00,10301,4036,782,3251,40,6,8,844,106,1228,0,
2025-12-07T18:00,11335,4509,819,3581,40,0,13,843,110,1420,0,সন্ধ্যা পিক
2025-12-07T19:00,10780,4271,630,3516,40,0,14,843,112,1354,0,
2025-12-07T19:30,10666,4277,524,3534,40,0,11,843,110,1327,0,
2025-12-07T20:00,10633,4273,482,3540,40,0,13,843,110,1332,0,
2025-12-07T21:00,10277,4243,201,3497,40,0,11,843,110,1332,0,
2025-12-07T22:00,9960,4308,93,3390,40,0,6,844,106,1173,0,
2025-12-07T23:00,9491,4245,52,3180,40,0,12,843,110,1009,0,
2025-12-08T00:00,9030,4232,44,2947,40,0,14,749,96,908,0,
2025-12-08T01:00,8288,4156,25,2386,40,0,25,723,92,841,0,
2025-12-08T02:00,8158,4215,17,2304,40,0,17,656,86,823,0,
2025-12-08T03:00,7845,4002,17,2204,40,0,14,656,86,826,0,
2025-12-08T04:00,7579,3880,17,2156,40,0,12,562,84,828,0,
2025-12-08T05:00,7511,3820,17,2153,40,0,10,562,86,823,0,
2025-12-08T06:00,7920,3884,17,2350,40,0,10,608,88,923,0,
2025-12-08T07:00,8653,4205,46,2657,40,21,8,656,80,940,0,
2025-12-08T08:00,9358,4243,78,3019,40,126,5,750,84,1013,0,
2025-12-08T09:00,9304,3990,120,2968,40,333,0,844,94,915,0,
2025-12-08T10:00,9066,3890,145,2711,40,503,0,845,94,838,0,
2025-12-08T11:00,9381,4140,129,2721,40,576,0,844,94,837,0,
2025-12-08T12:00,9827,4227,163,2897,40,621,0,845,104,930,0,ডে পিক
2025-12-08T13:00,10220,4207,400,3064,40,539,0,844,108,1018,0,
2025-12-08T14:00,9689,3974,379,2923,40,438,0,844,110,981,0,
2025-12-08T15:00,9492,4043,361,2852,40,258,0,844,110,984,0,
2025-12-08T16:00,9347,4128,344,2791,40,114,2,845,106,977,0,
2025-12-08T17:00,9810,4119,529,3066,46,5,2,844,118,1081,0,
2025-12-08T18:00,11195,4279,1057,3525,46,0,2,844,124,1318,0,সন্ধ্যা পিক
2025-12-08T19:00,10920,4323,727,3542,46,0,2,844,108,1328,0,
2025-12-08T19:30,10707,4314,620,3497,46,0,0,844,108,1278,0,
2025-12-08T20:00,10690,4310,593,3506,46,0,0,844,112,1279,0,
2025-12-08T21:00,10414,4300,369,3460,46,0,0,844,114,1281,0,
2025-12-08T22:00,10000,4264,159,3404,44,0,0,844,104,1181,0,
2025-12-08T23:00,9498,4208,52,3274,44,0,0,845,94,981,0,
2025-12-09T00:00,9166,4206,52,3058,44,0,0,750,92,964,0,
2025-12-09T01:00,8572,4290,17,2532,44,0,2,714,84,889,0,
2025-12-09T02:00,8162,4191,17,2330,44,0,4,655,86,835,0,
2025-12-09T03:00,7779,3951,17,2189,44,0,1,655,88,834,0,
2025-12-09T04:00,7602,3894,17,2170,44,0,0,562,84,831,0,
2025-12-09T05:00,7612,3898,17,2174,44,0,0,562,80,837,0,
2025-12-09T06:00,8019,4173,17,2256,44,0,0,608,86,835,0,
2025-12-09T07:00,8815,4239,51,2777,44,20,0,655,88,941,0,
2025-12-09T08:00,9606,4323,93,3109,44,178,0,751,76,1032,0,
2025-12-09T09:00,9641,4116,119,3092,46,375,0,844,94,837,0,
2025-12-09T10:00,9302,4041,170,2754,46,516,0,844,94,837,0,
2025-12-09T11:00,9468,4132,224,2706,46,583,0,844,100,833,0,
2025-12-09T12:00,10033,4239,298,2974,46,588,0,844,106,938,0,ডে পিক
2025-12-09T13:00,10366,4137,453,3103,46,596,0,844,112,1075,0,
2025-12-09T14:00,10020,4024,421,3051,46,499,0,844,114,1021,0,
2025-12-09T15:00,9637,3973,413,2887,46,346,0,844,108,1020,0,
2025-12-09T16:00,9495,4259,313,2888,46,133,1,844,110,901,0,
2025-12-09T17:00,9944,4229,386,3234,46,8,1,844,102,1094,0,
2025-12-09T18:00,11152,4250,1038,3531,46,0,0,844,114,1329,0,সন্ধ্যা পিক
2025-12-09T19:00,10863,4236,743,3555,46,0,0,844,106,1333,0,
2025-12-09T19:30,10714,4238,597,3558,46,0,0,844,110,1321,0,
2025-12-09T20:00,10620,4248,484,3557,46,0,0,844,108,1333,0,
2025-12-09T21:00,10377,4271,327,3569,46,0,0,844,110,1210,0,
2025-12-09T22:00,10083,4282,182,3490,46,0,0,845,100,1138,0,
2025-12-10T00:00,9096,4280,8,3046,46,0,0,761,96,859,0,
2025-12-10T01:00,8529,4247,0,2579,46,0,4,739,84,830,0,
2025-12-10T02:00,8176,4105,0,2429,46,0,5,681,80,830,0,
2025-12-10T03:00,7858,3938,0,2278,46,0,6,681,78,831,0,
2025-12-10T04:00,7623,3918,0,2143,46,0,4,588,86,838,0,
2025-12-10T05:00,7556,3873,0,2143,46,0,2,588,76,828,0,
2025-12-10T06:00,7965,3928,0,2440,46,0,0,635,82,834,0,
2025-12-10T07:00,8761,4149,21,2773,46,25,0,682,86,979,0,
2025-12-10T08:00,9515,4238,93,3094,46,186,0,777,88,993,0,
2025-12-10T09:00,9546,4132,71,2964,46,410,0,871,88,964,0,
2025-12-10T10:00,9376,4053,111,2763,46,567,0,871,100,865,0,
2025-12-10T11:00,9585,4169,113,2722,46,647,0,871,108,909,0,
2025-12-10T12:00,10041,4182,134,2912,46,665,0,872,110,1120,0,ডে পিক
2025-12-10T13:00,10340,4086,205,3199,46,598,0,872,114,1220,0,
2025-12-10T14:00,9807,3971,201,3114,0,510,0,872,112,1027,0,
2025-12-10T15:00,9643,3998,113,3075,40,351,0,871,112,1083,0,
2025-12-10T16:00,9535,4041,164,3080,40,144,0,872,114,1080,0,
2025-12-10T17:00,9991,4085,451,3256,40,9,1,871,104,1174,0,
2025-12-10T18:00,11298,4213,1119,3581,40,0,6,871,112,1356,0,সন্ধ্যা পিক
2025-12-10T19:00,11058,4191,916,3597,40,0,3,872,114,1325,0,
2025-12-10T19:30,10899,4221,749,3567,40,0,3,872,114,1333,0,
2025-12-10T20:00,10802,4214,664,3583,40,0,0,871,104,1326,0,
2025-12-10T21:00,10584,4226,482,3589,40,0,0,871,108,1268,0,
2025-12-10T22:00,10151,4171,185,3526,40,0,0,863,100,1266,0,
2025-12-10T23:00,9525,4285,60,3167,46,0,0,853,104,1010,0,
2025-12-11T00:00,9185,4035,53,3173,40,0,3,768,96,1017,0,
2025-12-11T01:00,8601,4037,16,2857,40,0,5,740,90,816,0,
2025-12-11T02:00,8193,3931,0,2621,40,0,10,673,88,830,0,
2025-12-11T03:00,7879,3758,0,2468,40,0,13,681,88,831,0,
2025-12-11T04:00,7672,3721,0,2410,40,0,9,588,76,828,0,
2025-12-11T05:00,7477,3656,0,2261,40,0,12,594,82,832,0,
2025-12-11T06:00,7961,4095,0,2245,40,0,10,646,84,841,0,
2025-12-11T07:00,8533,4182,30,2642,40,22,1,699,80,831,0,
2025-12-11T08:00,9607,4046,123,3264,40,185,0,796,102,1051,0,
2025-12-11T09:00,9667,3897,172,3229,40,397,0,890,82,960,0,
2025-12-11T10:00,9372,3823,164,2908,40,543,0,890,96,908,0,
2025-12-11T11:00,9579,3924,165,2947,40,635,0,889,106,873,0,
2025-12-11T12:00,10054,4065,193,3123,40,652,0,890,102,989,0,ডে পিক
2025-12-11T13:00,10522,4177,273,3268,40,614,0,890,98,1162,0,
2025-12-11T14:00,10007,3868,243,3164,40,516,0,890,108,1178,0,
2025-12-11T15:00,9802,3960,186,3160,40,348,0,889,110,1109,0,
2025-12-11T16:00,9525,3985,184,3149,40,141,0,890,106,1030,0,
2025-12-11T17:00,9968,4092,465,3231,40,7,0,889,112,1132,0,
2025-12-11T18:00,11236,4184,1073,3521,40,0,0,890,120,1408,0,সন্ধ্যা পিক
2025-12-11T19:00,10952,3991,903,3588,40,0,0,890,116,1424,0,
2025-12-11T19:30,10835,4005,793,3589,40,0,0,890,108,1410,0,
2025-12-11T20:00,10742,3978,712,3594,40,0,0,889,106,1423,0,
2025-12-11T21:00,10528,3979,508,3596,40,0,0,890,106,1409,0,
2025-12-11T22:00,9996,3998,171,3487,40,0,0,890,98,1312,0,
2025-12-11T23:00,9678,3978,116,3326,40,0,0,889,102,1227,0,
2025-12-12T00:00,9271,3982,54,3194,40,0,0,795,96,1110,0,
2025-12-12T01:00,8729,3988,16,2930,40,0,0,748,84,923,0,
2025-12-12T02:00,8177,3897,0,2802,40,0,0,524,86,828,0,
2025-12-12T03:00,7951,3833,0,2630,40,0,0,523,88,837,0,
2025-12-12T04:00,7626,3739,0,2400,40,0,0,523,86,838,0,
2025-12-12T05:00,7499,3699,0,2315,40,0,0,523,78,844,0,
2025-12-12T06:00,7705,3854,0,2369,40,0,0,523,86,833,0,
2025-12-12T07:00,7844,3945,0,2398,40,24,0,523,82,832,0,
2025-12-12T08:00,8642,4298,34,2463,40,186,0,702,80,839,0,
2025-12-12T09:00,8742,4243,54,2395,40,394,0,702,80,834,0,
2025-12-12T10:00,8282,3767,54,2291,40,514,0,702,76,838,0,
2025-12-12T11:00,8583,3959,54,2310,40,603,0,702,86,829,0,
2025-12-12T12:00,9153,4090,75,2603,40,627,0,702,94,922,0,ডে পিক
2025-12-12T13:00,10170,4145,209,3164,40,610,0,780,110,1112,0,
2025-12-12T14:00,8710,3591,54,2659,40,509,1,780,96,980,0,
2025-12-12T15:00,7883,3653,8,2183,40,335,1,731,96,836,0,
2025-12-12T16:00,7800,3757,8,2205,40,142,1,730,78,839,0,
2025-12-12T17:00,8257,4047,96,2407,40,7,0,730,96,834,0,
2025-12-12T18:00,9447,4606,56,2848,40,0,0,730,98,1069,0,
2025-12-12T19:00,9663,4412,75,3094,40,0,0,827,96,1119,0,সন্ধ্যা পিক
2025-12-12T19:30,9635,4483,56,3101,40,0,0,827,92,1036,0,
2025-12-12T20:00,9542,4443,45,3074,40,0,0,827,94,1019,0,
2025-12-12T21:00,9516,4455,35,3046,40,0,0,827,100,1013,0,
2025-12-12T22:00,9257,4361,16,2916,40,0,0,827,100,997,0,
2025-12-12T23:00,8911,4367,16,2749,40,0,0,827,92,820,0,
2025-12-13T00:00,8373,4264,16,2357,40,0,0,783,88,825,0,
2025-12-13T01:00,7978,4099,8,2187,40,0,0,732,80,832,0,
2025-12-13T02:00,7492,3838,0,1976,40,0,0,732,70,836,0,
2025-12-13T03:00,7185,3612,0,1971,40,0,0,661,70,831,0,
2025-12-13T04:00,7034,3591,0,1992,40,0,2,497,74,838,0,
2025-12-13T05:00,6978,3579,0,1982,0,0,5,497,82,833,0,
2025-12-13T06:00,7481,3976,0,2098,0,0,4,497,80,826,0,
2025-12-13T07:00,8091,4287,11,2362,0,23,1,497,78,832,0,
2025-12-13T08:00,8842,4222,32,2695,40,198,2,645,86,922,0,
2025-12-13T09:00,8515,4023,32,2430,40,404,1,681,84,820,0,
2025-12-13T10:00,8083,3642,16,2211,40,570,1,681,98,824,0,
2025-12-13T11:00,8736,4098,39,2291,40,659,2,680,94,833,0,
2025-12-13T12:00,9311,4349,105,2421,40,680,0,777,102,837,0,ডে পিক
2025-12-13T13:00,9660,4499,129,2645,40,638,0,775,98,836,0,
2025-12-13T14:00,9325,4190,133,2692,40,536,0,770,104,860,0,
2025-12-13T15:00,9103,4234,133,2614,40,364,3,775,118,822,0,
2025-12-13T16:00,8946,4255,141,2675,40,142,3,681,108,901,0,
2025-12-13T17:00,9611,4273,326,3072,40,7,4,681,112,1096,0,
2025-12-13T18:00,11115,4334,928,3526,40,0,2,870,118,1297,0,সন্ধ্যা পিক
2025-12-13T19:00,10896,4165,689,3579,40,0,0,870,114,1439,0,
2025-12-13T19:30,10828,4289,488,3586,40,0,0,870,110,1445,0,
2025-12-13T20:00,10627,4251,392,3511,40,0,0,869,112,1452,0,
2025-12-13T21:00,10416,4325,211,3422,40,0,0,869,104,1445,0,
2025-12-13T22:00,10155,4266,106,3328,40,0,2,870,100,1443,0,
2025-12-13T23:00,9523,4107,35,3142,40,0,3,775,102,1319,0,
2025-12-14T00:00,9215,4047,16,3043,40,0,2,775,100,1192,0,
2025-12-14T01:00,8490,4083,8,2616,40,0,8,721,92,922,0,
2025-12-14T02:00,8118,4113,0,2351,40,0,10,686,84,834,0,
2025-12-14T03:00,7760,3912,0,2196,40,0,12,686,80,834,0,
2025-12-14T04:00,7542,3802,0,2166,40,0,14,592,86,842,0,
2025-12-14T05:00,7490,3764,0,2222,40,0,12,592,26,834,0,
2025-12-14T06:00,7952,4004,0,2344,40,0,10,638,78,838,0,
2025-12-14T07:00,8544,4382,5,2493,40,23,0,685,78,838,0,
2025-12-14T08:00,9451,4356,63,2916,40,200,0,779,86,1011,0,
2025-12-14T09:00,9610,4239,78,2851,40,417,0,875,86,1024,0,
2025-12-14T10:00,9415,4187,78,2706,40,569,0,874,92,869,0,
2025-12-14T11:00,9656,4172,71,2862,40,655,0,875,108,873,0,
2025-12-14T12:00,10201,4133,242,3080,40,671,0,874,114,1047,0,ডে পিক
2025-12-14T13:00,10688,4167,612,3208,40,623,0,875,110,1053,0,
2025-12-14T14:00,10190,3674,686,3213,40,530,0,875,106,1066,0,
2025-12-14T15:00,9885,3737,604,3208,40,351,0,875,98,972,0,
2025-12-14T16:00,9700,3909,514,3180,0,143,8,874,100,972,0,
2025-12-14T17:00,10128,3902,878,3255,0,7,9,875,82,1120,0,
2025-12-14T18:00,11313,4162,1217,3559,0,0,7,875,106,1387,0,সন্ধ্যা পিক
2025-12-14T19:00,11093,4045,973,3607,40,0,3,874,102,1449,0,
2025-12-14T19:30,10921,4142,747,3555,40,0,2,874,104,1457,0,
2025-12-14T20:00,10857,4143,697,3550,40,0,5,875,100,1447,0,
2025-12-14T21:00,10584,4242,445,3553,40,0,4,874,102,1324,0,
2025-12-14T22:00,10172,4265,179,3428,40,0,4,874,102,1280,0,
2025-12-14T23:00,9716,4126,43,3262,40,0,1,875,92,1277,0,
2025-12-15T00:00,9264,4105,16,3110,40,0,4,780,90,1119,0,
2025-12-15T01:00,8687,4054,16,2868,40,0,0,765,84,860,0,
2025-12-15T02:00,8292,4088,8,2555,40,0,4,685,84,828,0,
2025-12-15T03:00,7993,4009,0,2344,40,0,9,685,76,830,0,
2025-12-15T04:00,7627,3841,0,2220,40,0,16,591,78,841,0,
2025-12-15T05:00,7669,3895,0,2195,40,0,16,590,78,855,0,
2025-12-15T06:00,7935,4017,0,2323,40,0,9,637,78,831,0,
2025-12-15T07:00,8562,4126,33,2558,40,24,4,685,76,1016,0,
2025-12-15T08:00,9454,4240,77,3026,40,184,0,779,84,1024,0,
2025-12-15T09:00,9714,3960,129,3225,40,381,1,873,84,1021,0,
2025-12-15T10:00,9512,3759,132,3137,40,538,0,873,96,937,0,
2025-12-15T11:00,9637,3760,171,3141,40,613,0,874,108,930,0,
2025-12-15T12:00,10127,3996,362,3188,40,625,0,874,110,932,0,ডে পিক
2025-12-15T13:00,10611,4035,709,3274,40,538,0,874,108,1033,0,
2025-12-15T14:00,10227,3839,736,3162,40,495,4,873,108,970,0,
2025-12-15T15:00,9616,3823,433,2977,40,343,6,874,112,1008,0,
2025-12-15T16:00,9531,3971,426,2949,40,136,9,873,104,1023,0,
2025-12-15T17:00,9775,3785,889,3052,40,8,5,873,106,1017,0,
2025-12-15T18:00,11236,4188,1032,3589,40,0,3,873,112,1399,0,সন্ধ্যা পিক
2025-12-15T19:00,10920,4125,774,3579,40,0,2,874,100,1426,0,
2025-12-15T19:30,10705,4245,542,3566,40,0,4,873,106,1329,0,
2025-12-15T20:00,10638,4197,526,3571,40,0,1,874,104,1325,0,
2025-12-15T21:00,10489,4122,439,3576,40,0,0,874,104,1334,0,
2025-12-15T22:00,10055,3977,259,3606,40,0,0,874,92,1207,0,
2025-12-15T23:00,9588,3988,95,3490,40,0,0,873,94,1008,0,
2025-12-16T00:00,9292,4003,43,3356,40,0,0,779,96,975,0,
2025-12-16T01:00,8620,3823,16,3005,40,0,0,726,90,920,0,
2025-12-16T02:00,8247,3841,16,2830,40,0,0,600,86,834,0,
2025-12-16T03:00,7894,3773,8,2542,40,0,0,607,82,842,0,
2025-12-16T04:00,7613,3579,8,2471,40,0,0,607,74,834,0,
2025-12-16T05:00,7467,3523,8,2377,40,0,0,615,74,830,0,
2025-12-16T06:00,7545,3578,8,2392,40,0,0,616,80,831,0,
2025-12-16T07:00,7657,3652,29,2391,40,18,0,615,70,842,0,
2025-12-16T08:00,8305,4078,43,2410,40,155,0,665,76,838,0,
2025-12-16T09:00,8172,3838,16,2331,40,373,0,665,78,831,0,
2025-12-16T10:00,7898,3556,8,2195,40,521,0,665,80,833,0,
2025-12-16T11:00,7987,3556,8,2201,40,594,0,665,86,837,0,
2025-12-16T12:00,8682,4074,16,2338,40,589,0,712,86,827,0,ডে পিক
2025-12-16T13:00,9342,4347,43,2681,40,533,0,712,104,882,0,
2025-12-16T14:00,8969,4050,35,2698,40,477,0,712,106,851,0,
2025-12-16T15:00,8088,3634,35,2408,40,328,0,712,90,841,0,
2025-12-16T16:00,7749,3609,35,2288,40,132,1,712,96,836,0,
2025-12-16T17:00,7933,3429,35,2636,40,9,1,712,96,975,0,
2025-12-16T18:00,9298,3958,83,3219,40,0,3,759,108,1128,0,সন্ধ্যা পিক
2025-12-16T19:00,9254,3952,64,3168,40,0,1,852,103,1074,0,
2025-12-16T19:30,9220,3979,53,3150,40,0,2,852,112,1032,0,
2025-12-16T20:00,9152,4003,43,3070,40,0,1,852,108,1035,0,
2025-12-16T21:00,9141,4101,43,3075,40,0,0,850,104,926,0,
2025-12-16T22:00,9008,4095,43,3051,40,0,0,852,96,831,0,
2025-12-16T23:00,8493,3973,16,2669,40,0,0,852,96,847,0,
2025-12-17T00:00,8164,3951,0,2437,40,0,0,805,94,837,0,
2025-12-17T01:00,7651,3625,0,2272,40,0,2,788,88,836,0,
2025-12-17T02:00,7247,3334,0,2242,40,0,2,711,82,836,0,
2025-12-17T03:00,6918,2999,0,2238,40,0,2,711,84,844,0,
2025-12-17T04:00,6838,3010,0,2253,40,0,6,617,82,830,0,
2025-12-17T05:00,6766,2949,0,2246,40,0,8,616,80,827,0,
2025-12-17T06:00,7321,3311,0,2378,40,0,2,654,86,850,0,
2025-12-17T07:00,7902,3481,0,2711,40,18,2,700,84,866,0,
2025-12-17T08:00,8918,3726,29,3142,40,152,1,795,92,941,0,
2025-12-17T09:00,9307,3739,42,3205,40,360,1,889,106,925,0,
2025-12-17T10:00,9106,3811,25,2889,40,516,0,890,112,823,0,
2025-12-17T11:00,9204,4038,28,2652,40,592,8,890,118,838,0,
2025-12-17T12:00,9807,4425,51,2794,40,590,1,894,118,894,0,ডে পিক
2025-12-17T13:00,10344,4159,274,3281,40,536,0,901,134,1019,0,
2025-12-17T14:00,9859,3737,228,3302,40,486,0,901,132,1033,0,
2025-12-17T15:00,9390,3827,100,3207,40,324,0,902,116,874,0,
2025-12-17T16:00,9288,3910,92,3234,40,127,5,901,112,867,0,
2025-12-17T17:00,9886,3816,663,3378,40,9,4,901,122,953,0,
2025-12-17T18:00,10784,3989,741,3701,40,0,3,901,126,1283,0,
2025-12-17T19:00,11054,4133,716,3718,40,0,2,902,122,1421,0,সন্ধ্যা পিক
2025-12-17T19:30,10828,4105,658,3592,40,0,0,901,112,1420,0,
2025-12-17T20:00,10698,4130,506,3597,40,0,0,901,104,1420,0,
2025-12-17T21:00,10518,4173,344,3608,40,0,1,900,120,1332,0,
2025-12-17T22:00,10027,4144,35,3480,40,0,0,901,104,1323,0,
2025-12-17T23:00,9581,4003,35,3275,40,0,1,901,104,1222,0,
2025-12-18T00:00,9351,4034,35,3166,40,0,0,805,100,1171,0,
2025-12-18T01:00,8634,3954,16,2889,40,0,0,805,90,840,0,
2025-12-18T02:00,8056,3889,8,2482,40,0,2,712,88,835,0,
2025-12-18T03:00,7833,3832,0,2328,40,0,0,711,80,842,0,
2025-12-18T04:00,7626,3777,0,2269,40,0,0,617,84,839,0,
2025-12-18T05:00,7537,3687,0,2271,40,0,0,617,78,844,0,
2025-12-18T06:00,7988,3890,0,2466,40,0,0,666,84,842,0,
2025-12-18T07:00,8412,3946,0,2672,40,19,0,713,88,934,0,
2025-12-18T08:00,9210,4079,44,3049,40,166,0,806,86,940,0,
2025-12-18T09:00,9696,4122,116,3210,40,383,0,902,100,823,0,
2025-12-18T10:00,9465,3954,156,2951,40,521,0,902,98,843,0,
2025-12-18T11:00,9615,3854,171,3112,40,583,0,902,112,919,0,
2025-12-18T12:00,10199,3902,469,3264,40,591,0,902,112,919,0,ডে পিক
2025-12-18T13:00,10653,3891,726,3333,40,567,0,902,120,1074,0,
2025-12-18T14:00,10270,3796,694,3145,40,493,0,903,120,1079,0,
2025-12-18T15:00,9848,3752,564,3079,40,332,1,902,108,1070,0,
2025-12-18T16:00,9521,3861,472,2918,40,146,0,902,112,1070,0,
2025-12-18T17:00,9735,3797,660,2986,40,9,0,902,114,1227,0,
2025-12-18T18:00,11238,3944,1194,3613,40,0,0,902,120,1425,0,সন্ধ্যা পিক
2025-12-18T19:00,10949,3824,1053,3574,40,0,0,901,106,1451,0,
2025-12-18T19:30,10793,3907,881,3551,40,0,0,902,108,1404,0,
2025-12-18T20:00,10640,3858,872,3501,40,0,0,902,106,1361,0,
2025-12-18T21:00,10485,3856,748,3503,40,0,0,902,106,1330,0,
2025-12-18T22:00,10242,3870,623,3477,40,0,0,902,106,1224,0,
2025-12-18T23:00,9550,3821,52,3434,40,0,0,902,106,1195,0,
2025-12-19T00:00,9315,3828,35,3408,40,0,0,806,90,1108,0,
2025-12-19T01:00,8822,3760,16,3219,40,0,2,760,90,935,0,
2025-12-19T02:00,8285,3751,0,2897,40,0,2,665,86,844,0,
2025-12-19T03:00,7929,3780,0,2515,40,0,0,665,84,845,0,
2025-12-19T04:00,7651,3644,0,2504,40,0,3,525,90,845,0,
2025-12-19T05:00,7686,3694,0,2493,40,0,6,524,82,847,0,
2025-12-19T06:00,7922,3890,0,2540,40,0,11,525,80,836,0,
2025-12-19T07:00,8045,3865,0,2671,40,20,11,524,72,842,0,
2025-12-19T08:00,8768,3813,44,2967,40,178,4,618,78,1026,0,
2025-12-19T09:00,8671,3758,33,2872,40,383,0,618,86,881,0,
2025-12-19T10:00,8524,3581,33,2681,40,519,0,712,86,872,0,
2025-12-19T11:00,8633,3561,33,2739,40,585,0,713,88,874,0,
2025-12-19T12:00,9351,3648,75,2942,40,628,4,901,104,1009,0,ডে পিক
2025-12-19T13:00,9951,3690,231,3279,40,570,13,901,116,1111,0,
2025-12-19T14:00,8481,3178,64,2908,40,427,23,806,92,943,0,
2025-12-19T15:00,7864,3274,53,2510,40,323,23,713,84,844,0,
2025-12-19T16:00,7820,3372,53,2531,40,128,12,712,82,890,0,
2025-12-19T17:00,8249,3491,71,2798,40,7,3,712,90,1037,0,
2025-12-19T18:00,9446,3922,78,3262,40,0,0,805,98,1241,0,
2025-12-19T19:00,9621,3690,78,3581,40,0,1,806,98,1327,0,সন্ধ্যা পিক
2025-12-19T19:30,9576,3792,78,3630,40,0,0,806,98,1132,0,
2025-12-19T20:00,9588,3753,78,3634,40,0,0,853,96,1134,0,
2025-12-19T21:00,9604,3785,78,3635,40,0,0,853,92,1121,0,
2025-12-19T22:00,9459,3728,43,3589,40,0,0,854,90,1115,0,
2025-12-19T23:00,8910,3726,24,3161,40,0,0,853,92,1014,0,
2025-12-20T00:00,8579,3726,16,3036,40,0,0,806,90,865,0,
2025-12-20T01:00,8083,3566,16,2777,40,0,0,759,88,837,0,
2025-12-20T02:00,7667,3367,0,2680,40,0,0,665,74,841,0,
2025-12-20T03:00,7428,3410,0,2467,40,0,0,599,72,840,0,
2025-12-20T04:00,7241,3400,0,2375,40,0,0,525,70,831,0,
2025-12-20T05:00,7054,3304,0,2280,40,0,0,525,72,833,0,
2025-12-20T06:00,7582,3687,0,2425,40,0,0,525,74,831,0,
2025-12-20T07:00,8128,3726,5,2813,40,10,0,525,76,933,0,
2025-12-20T08:00,8885,3818,43,3278,40,71,0,618,86,931,0,
2025-12-20T09:00,9443,3730,63,3636,40,158,0,692,90,1034,0,
2025-12-20T10:00,9328,3559,93,3517,40,273,0,712,98,1036,0,
2025-12-20T11:00,9450,3498,108,3457,40,421,0,806,100,1020,0,
2025-12-20T12:00,9849,3695,174,3508,40,480,0,806,110,1036,0,ডে পিক
2025-12-20T13:00,10281,3694,424,3588,40,479,4,901,118,1033,0,
2025-12-20T14:00,9831,3562,434,3520,40,381,6,740,108,1040,0,
2025-12-20T15:00,9604,3546,368,3516,40,244,3,712,108,1067,0,
2025-12-20T16:00,9503,3445,390,3553,40,107,0,712,108,1148,0,
2025-12-20T17:00,9821,3525,640,3590,40,6,0,712,104,1204,0,
2025-12-20T18:00,10983,3639,1082,3933,40,0,0,806,118,1365,0,সন্ধ্যা পিক
2025-12-20T19:00,10745,3721,607,4043,40,0,0,900,108,1326,0,
2025-12-20T19:30,10667,3694,645,4016,40,0,0,901,110,1261,0,
2025-12-20T20:00,10545,3731,477,4013,40,0,0,901,110,1273,0,
2025-12-20T21:00,10468,3766,300,4088,40,0,0,901,104,1269,0,
2025-12-20T22:00,10021,3798,45,3982,40,0,0,875,104,1177,0,
2025-12-20T23:00,9370,3699,24,3618,40,0,0,875,100,1014,0,
2025-12-21T00:00,8942,3752,24,3276,40,0,0,780,92,978,0,
2025-12-21T01:00,8468,3743,0,3002,40,0,0,746,88,849,0,
2025-12-21T02:00,8001,3609,0,2929,40,0,0,498,84,841,0,
2025-12-21T03:00,7696,3367,0,2867,40,0,0,497,84,841,0,
2025-12-21T04:00,7477,3314,0,2843,40,0,0,357,84,839,0,
2025-12-21T05:00,7367,3204,0,2846,40,0,0,357,84,836,0,
2025-12-21T06:00,7824,3498,0,2913,40,0,0,451,86,836,0,
2025-12-21T07:00,8328,3750,2,3013,40,7,0,593,88,835,0,
2025-12-21T08:00,9065,3733,45,3355,40,76,0,792,96,928,0,
2025-12-21T09:00,9591,3559,45,3794,40,148,0,888,94,1023,0,
2025-12-21T10:00,9559,3472,95,3701,40,234,0,888,98,1031,0,
2025-12-21T11:00,9626,3465,99,3562,40,439,0,887,98,1036,0,
2025-12-21T12:00,10128,3651,99,3829,40,471,0,888,116,1034,0,ডে পিক
2025-12-21T13:00,10515,3839,177,3866,40,467,0,887,122,1117,0,
2025-12-21T14:00,10073,3487,247,3747,40,406,0,901,120,1125,0,
2025-12-21T15:00,9684,3502,292,3541,40,267,0,901,110,1031,0,
2025-12-21T16:00,9540,3590,268,3508,40,110,0,901,100,1023,0,
2025-12-21T17:00,9779,3418,555,3695,40,8,0,901,84,1078,0,
2025-12-21T18:00,11046,3661,1079,3871,40,0,0,901,112,1382,0,সন্ধ্যা পিক
2025-12-21T19:00,10922,3741,759,3916,40,0,0,901,112,1453,0,
2025-12-21T19:30,10689,3690,564,3938,40,0,0,901,106,1450,0,
2025-12-21T20:00,10683,3708,441,4019,40,0,0,901,114,1460,0,
2025-12-21T21:00,10471,3757,220,4131,40,0,0,901,104,1318,0,
2025-12-21T22:00,9821,3626,81,3865,40,0,0,901,104,1204,0,
2025-12-21T23:00,9416,3572,35,3636,40,0,0,901,100,1132,0,
2025-12-22T00:00,9026,3519,16,3530,40,0,0,807,100,1014,0,
2025-12-22T01:00,8438,3442,0,3147,40,0,0,783,88,938,0,
2025-12-22T02:00,7948,3397,0,2874,40,0,0,714,80,843,0,
2025-12-22T03:00,7679,3395,0,2608,40,0,0,713,84,839,0,
2025-12-22T04:00,7459,3400,0,2489,40,0,0,616,76,838,0,
2025-12-22T05:00,7349,3323,0,2448,40,0,0,616,80,842,0,
2025-12-22T06:00,7581,3415,0,2530,40,0,0,666,90,840,0,
2025-12-22T07:00,8146,3656,16,2786,40,6,0,713,90,839,0,
2025-12-22T08:00,9158,3889,37,3285,40,69,0,807,92,939,0,
2025-12-22T09:00,9557,3893,72,3450,40,180,0,902,98,922,0,
2025-12-22T10:00,9382,3658,145,3379,40,312,0,902,106,840,0,
2025-12-22T11:00,9532,3520,212,3404,40,509,0,901,102,844,0,
2025-12-22T12:00,10096,3817,238,3572,40,573,0,902,116,838,0,ডে পিক
2025-12-22T13:00,10467,3973,290,3696,40,528,0,902,112,926,0,
2025-12-22T14:00,10066,3755,302,3653,40,444,0,902,118,852,0,
2025-12-22T15:00,9642,3540,287,3540,40,297,0,902,112,924,0,
2025-12-22T16:00,8753,3432,287,2926,40,115,0,903,114,936,0,
2025-12-22T17:00,9780,3264,948,3377,40,10,0,900,110,1131,0,
2025-12-22T18:00,11203,3806,1281,3636,40,0,0,902,110,1428,0,সন্ধ্যা পিক
2025-12-22T19:00,11038,3864,1052,3640,40,0,0,902,110,1430,0,
2025-12-22T19:30,10935,3914,790,3757,40,0,0,902,112,1420,0,
2025-12-22T20:00,10679,3926,449,3836,40,0,0,901,106,1421,0,
2025-12-22T21:00,10514,3940,173,3919,40,0,0,902,100,1440,0,
2025-12-22T22:00,10077,3764,124,3836,40,0,0,902,104,1307,0,
2025-12-22T23:00,9542,3693,101,3588,40,0,0,902,100,1118,0,
2025-12-23T00:00,9116,3724,35,3490,40,0,0,807,98,922,0,
2025-12-23T01:00,8253,3388,8,3084,40,0,0,783,86,864,0,
2025-12-23T02:00,7930,3296,8,2958,40,0,0,714,80,834,0,
2025-12-23T03:00,7848,3247,0,2946,40,0,0,713,80,822,0,
2025-12-23T04:00,7407,2957,0,2880,40,0,0,618,82,830,0,
2025-12-23T05:00,7462,3028,0,2864,40,0,0,618,80,832,0,
2025-12-23T06:00,7885,3311,0,2954,40,0,0,665,84,831,0,
2025-12-23T07:00,8306,3463,0,3179,40,6,0,712,78,828,0,
2025-12-23T08:00,9229,3763,47,3576,40,79,0,805,92,827,0,
2025-12-23T09:00,9560,3652,75,3797,40,172,0,901,102,821,0,
2025-12-23T10:00,9250,3508,213,3358,40,293,0,901,102,835,0,
2025-12-23T11:00,9472,3555,211,3362,40,466,0,901,100,837,0,
2025-12-23T12:00,9938,3694,208,3515,40,548,0,901,108,924,0,ডে পিক
2025-12-23T13:00,10356,3754,211,3861,40,553,0,901,118,918,0,
2025-12-23T14:00,9966,3521,221,3792,40,457,0,902,118,915,0,
2025-12-23T15:00,9636,3457,231,3665,40,301,0,901,114,927,0,
2025-12-23T16:00,9435,3658,263,3511,40,122,0,901,104,836,0,
2025-12-23T17:00,9841,3556,398,3811,40,9,0,901,82,1044,0,
2025-12-23T18:00,11012,3552,635,4354,40,0,0,892,114,1325,0,সন্ধ্যা পিক
2025-12-23T19:00,10933,3683,312,4625,40,0,0,892,110,1271,0,
2025-12-23T19:30,10866,3653,287,4656,40,0,0,892,110,1228,0,
2025-12-23T20:00,10758,3688,265,4622,40,0,0,891,104,1148,0,
2025-12-23T21:00,10578,3671,168,4582,40,0,0,891,108,1118,0,
2025-12-23T22:00,10219,3658,138,4367,40,0,0,892,100,1024,0,
2025-12-23T23:00,9478,3609,45,3933,40,0,0,892,102,857,0,
2025-12-24T00:00,8991,3655,8,3567,40,0,0,807,94,820,0,
2025-12-24T01:00,8512,3526,0,3258,40,0,0,785,84,819,0,
2025-12-24T02:00,8087,3506,0,3103,40,0,0,525,88,825,0,
2025-12-24T03:00,7751,3424,0,2898,40,0,0,480,82,827,0,
2025-12-24T04:00,7511,3278,0,2907,40,0,0,383,82,821,0,
2025-12-24T05:00,7451,3224,0,2892,40,0,0,383,88,824,0,
2025-12-24T06:00,7885,3508,0,3024,40,0,0,405,84,824,0,
2025-12-24T07:00,8212,3550,0,3063,40,5,0,645,82,827,0,
2025-12-24T08:00,9088,3591,18,3495,40,60,0,806,96,982,0,
2025-12-24T09:00,9537,3555,43,3739,40,131,0,902,100,1027,0,
2025-12-24T10:00,9552,3583,80,3707,40,213,0,902,98,929,0,
2025-12-24T11:00,9581,3543,88,3691,40,277,0,902,104,936,0,
2025-12-24T12:00,10134,3575,117,4051,40,326,0,902,96,1027,0,ডে পিক
2025-12-24T13:00,10545,3593,164,4287,40,315,0,902,106,1138,0,
2025-12-24T14:00,10209,3480,166,4106,40,333,0,902,104,1078,0,
2025-12-24T15:00,9967,3424,150,4032,40,247,0,901,92,1081,0,
2025-12-24T16:00,9629,3428,99,4023,40,111,0,902,92,934,0,
2025-12-24T17:00,9895,3481,110,4134,40,12,0,901,100,1117,0,
2025-12-24T18:00,10907,3525,488,4567,40,0,0,902,108,1277,0,
2025-12-24T19:00,11052,3520,627,4634,40,0,0,902,98,1231,0,সন্ধ্যা পিক
2025-12-24T19:30,10793,3526,395,4643,40,0,0,902,100,1187,0,
2025-12-24T20:00,10785,3526,390,4667,40,0,0,901,92,1169,0,
2025-12-24T21:00,10566,3514,176,4668,40,0,0,902,98,1168,0,
2025-12-24T22:00,10026,3467,138,4376,40,0,0,902,86,1017,0,
2025-12-24T23:00,9437,3453,67,3862,40,0,0,902,84,1029,0,
2025-12-25T00:00,8856,3371,24,3592,40,0,0,807,76,946,0,
2025-12-25T01:00,8424,3292,16,3370,40,0,0,800,72,834,0,
2025-12-25T02:00,7890,3105,0,3127,40,0,0,713,76,829,0,
2025-12-25T03:00,7635,3193,0,2938,40,0,0,563,72,829,0,
2025-12-25T04:00,7366,3166,0,2921,40,0,0,336,72,831,0,
2025-12-25T05:00,7230,3100,0,2857,40,0,0,336,64,833,0,
2025-12-25T06:00,7752,3470,0,3005,40,0,0,336,68,833,0,
2025-12-25T07:00,7950,3498,5,3170,40,2,0,335,68,832,0,
2025-12-25T08:00,8827,3629,94,3612,40,46,0,430,74,902,0,
2025-12-25T09:00,9491,3687,98,4063,40,99,0,431,88,985,0,
2025-12-25T10:00,9552,3678,115,4056,40,157,0,433,94,979,0,
2025-12-25T11:00,9658,3707,116,4052,40,234,0,433,98,978,0,
2025-12-25T12:00,10047,3762,117,4198,40,325,0,433,100,1072,0,ডে পিক
2025-12-25T13:00,10550,3766,116,4569,40,353,0,433,102,1171,0,
2025-12-25T14:00,10188,3505,114,4465,40,360,0,433,96,1175,0,
2025-12-25T15:00,9532,3413,64,4097,40,266,0,433,88,1131,0,
2025-12-25T16:00,9004,3301,64,3929,40,117,0,432,92,1029,0,
2025-12-25T17:00,9399,3396,162,4104,40,12,0,433,80,1172,0,
2025-12-25T18:00,10472,3670,362,4480,40,0,0,433,90,1397,0,
2025-12-25T19:00,10553,3762,237,4659,40,0,0,433,90,1332,0,সন্ধ্যা পিক
2025-12-25T19:30,10361,3763,92,4601,40,0,0,433,96,1336,0,
2025-12-25T20:00,10322,3773,91,4555,40,0,0,433,96,1334,0,
2025-12-25T21:00,10081,3787,35,4466,40,0,0,433,84,1236,0,
2025-12-25T22:00,9807,3770,35,4210,40,0,0,433,88,1231,0,
2025-12-25T23:00,9095,3719,16,3784,40,0,0,433,82,1021,0,
2025-12-26T00:00,8607,3668,0,3520,40,0,0,433,76,870,0,
2025-12-26T01:00,8120,3518,0,3226,40,0,0,433,72,831,0,
2025-12-26T02:00,7506,3192,0,2931,40,0,0,433,74,836,0,
2025-12-26T03:00,7095,2896,0,2797,40,0,0,433,72,857,0,
2025-12-26T04:00,6792,2856,0,2748,0,0,0,292,64,832,0,
2025-12-26T05:00,6796,2880,0,2736,0,0,0,291,58,831,0,
2025-12-26T06:00,6982,3052,0,2737,0,0,0,291,62,840,0,
2025-12-26T07:00,7027,3092,0,2746,0,2,0,291,66,830,0,
2025-12-26T08:00,7812,3549,0,2884,0,52,0,433,64,830,0,
2025-12-26T09:00,8253,3753,12,3028,0,127,0,433,76,824,0,
2025-12-26T10:00,8329,3658,35,3086,0,216,0,433,76,825,0,
2025-12-26T11:00,8589,3666,35,3206,40,279,0,433,70,860,0,
2025-12-26T12:00,9293,3671,35,3658,40,348,0,434,84,1023,0,ডে পিক
2025-12-26T13:00,10207,3675,64,4250,40,363,0,422,110,1283,0,
2025-12-26T14:00,8622,2950,65,3529,40,328,0,422,86,1202,0,
2025-12-26T15:00,7791,2910,65,3044,40,268,0,422,74,968,0,
2025-12-26T16:00,7551,2991,68,2906,40,119,0,422,68,937,0,
2025-12-26T17:00,7940,3052,73,3347,40,9,0,422,78,919,0,
2025-12-26T18:00,9293,3598,86,3936,40,0,0,422,84,1127,0,
2025-12-26T19:00,9387,3628,43,4042,40,0,0,422,82,1130,0,
2025-12-26T19:30,9255,3439,43,4056,40,0,0,422,80,1175,0,
2025-12-26T20:00,9447,3455,43,4138,40,0,0,422,76,1273,0,সন্ধ্যা পিক
2025-12-26T21:00,9427,3419,43,4160,40,0,0,422,78,1265,0,
2025-12-26T22:00,9099,3360,34,3994,40,0,0,422,74,1175,0,
2025-12-26T23:00,8510,3249,18,3690,40,0,0,422,70,1021,0,
2025-12-27T00:00,8204,3219,0,3541,40,0,0,422,68,914,0,
2025-12-27T01:00,7508,3068,0,3089,40,0,0,422,62,827,0,
2025-12-27T02:00,7114,2877,0,2883,40,0,0,422,60,832,0,
2025-12-27T03:00,6879,2757,0,2763,40,0,0,422,58,839,0,
2025-12-27T04:00,6605,2754,0,2632,40,0,0,280,54,845,0,
2025-12-27T05:00,6622,2820,0,2591,40,0,0,280,56,835,0,
2025-12-27T06:00,7040,2983,0,2841,40,0,0,280,60,836,0,
2025-12-27T07:00,7387,2933,0,3151,40,3,0,280,62,918,0,
2025-12-27T08:00,8313,3011,16,3576,40,36,0,422,72,1140,0,
2025-12-27T09:00,8739,3136,37,3741,40,75,0,422,58,1230,0,
2025-12-27T10:00,8379,2913,78,3572,40,158,0,422,64,1132,0,
2025-12-27T11:00,8675,3038,97,3663,40,217,0,422,64,1134,0,
2025-12-27T12:00,8987,3185,100,3680,40,327,0,422,74,1159,0,ডে পিক
2025-12-27T13:00,9499,3085,161,3932,80,413,0,422,86,1320,0,
2025-12-27T14:00,9221,2917,148,3991,80,380,0,404,78,1223,0,
2025-12-27T15:00,8913,3070,144,3725,80,221,0,422,92,1159,0,
2025-12-27T16:00,8683,3204,144,3567,80,104,0,422,98,1064,0,
2025-12-27T17:00,9291,3360,292,3859,80,10,0,422,100,1168,0,
2025-12-27T18:00,10567,3567,685,4271,80,0,0,422,96,1446,0,
2025-12-27T19:00,10803,3385,976,4394,80,0,0,422,96,1450,0,সন্ধ্যা পিক
2025-12-27T19:30,10754,3315,986,4402,80,0,0,422,94,1455,0,
2025-12-27T20:00,10623,3358,823,4405,80,0,0,421,88,1448,0,
2025-12-27T21:00,10405,3388,552,4425,80,0,0,422,90,1448,0,
2025-12-27T22:00,10051,3389,205,4412,86,0,0,422,84,1453,0,
2025-12-27T23:00,9235,3228,58,4037,86,0,0,422,80,1324,0,
2025-12-28T00:00,8737,3275,25,3706,86,0,0,422,76,1147,0,
2025-12-28T01:00,8048,3254,8,3364,86,0,0,422,68,846,0,
2025-12-28T02:00,7731,3222,0,3096,86,0,0,422,68,837,0,
2025-12-28T03:00,7312,3105,0,2804,86,0,0,422,64,831,0,
2025-12-28T04:00,7180,3035,0,2728,86,0,0,428,64,839,0,
2025-12-28T05:00,7153,3003,0,2728,86,0,0,430,62,844,0,
2025-12-28T06:00,7514,3218,0,2865,86,0,0,433,66,846,0,
2025-12-28T07:00,8098,3628,0,3047,86,2,0,433,66,836,0,
2025-12-28T08:00,8883,3757,49,3514,86,22,0,433,82,940,0,
2025-12-28T09:00,9805,3753,134,4140,86,52,0,433,86,1121,0,
2025-12-28T10:00,9816,3572,196,4242,86,89,0,433,84,1114,0,
2025-12-28T11:00,9941,3522,212,4330,86,142,0,433,86,1130,0,
2025-12-28T12:00,10297,3516,415,4286,86,197,0,433,102,1262,0,ডে পিক
2025-12-28T13:00,10645,3741,522,4293,86,205,0,433,100,1265,0,
2025-12-28T14:00,10211,3724,425,4075,86,205,0,433,100,1163,0,
2025-12-28T15:00,9825,3691,395,3853,86,147,0,436,98,1119,0,
2025-12-28T16:00,9567,3844,334,3587,86,62,0,436,92,1126,0,
2025-12-28T17:00,9902,3945,450,3657,86,4,0,440,98,1222,0,
2025-12-28T18:00,10843,4094,575,4162,86,0,0,444,98,1384,0,সন্ধ্যা পিক
2025-12-28T19:00,10801,4089,335,4293,86,0,0,444,98,1456,0,
2025-12-28T19:30,10781,4122,250,4327,86,0,0,444,94,1458,0,
2025-12-28T20:00,10718,4113,215,4320,86,0,0,444,94,1446,0,
2025-12-28T21:00,10428,4058,117,4328,86,0,0,442,90,1307,0,
2025-12-28T22:00,9979,3953,62,4155,86,0,0,443,84,1196,0,
2025-12-28T23:00,9390,3969,24,3773,86,0,0,443,80,1015,0,
2025-12-29T00:00,8810,3892,0,3391,86,0,0,443,78,920,0,
2025-12-29T01:00,8111,3709,0,2995,46,0,17,438,76,830,0,
2025-12-29T02:00,7831,3593,0,2835,46,0,20,438,68,831,0,
2025-12-29T03:00,7510,3372,0,2735,46,0,18,438,72,829,0,
2025-12-29T04:00,7284,3291,0,2741,46,0,8,298,64,836,0,
2025-12-29T05:00,7259,3268,0,2740,46,0,6,297,64,838,0,
2025-12-29T06:00,7686,3564,0,2877,46,0,4,297,66,832,0,
2025-12-29T07:00,8280,3705,0,3086,86,0,5,438,70,890,0,
2025-12-29T08:00,9220,4235,30,3449,86,16,1,438,88,877,0,
2025-12-29T09:00,9961,4327,75,3868,86,50,0,438,88,1029,0,
2025-12-29T10:00,9835,4228,122,3766,86,74,0,438,100,1021,0,
2025-12-29T11:00,9948,4202,189,3716,86,99,0,438,104,1114,0,
2025-12-29T12:00,10445,4196,299,3978,86,109,0,438,104,1235,0,ডে পিক
2025-12-29T13:00,10781,4159,704,3922,46,93,0,438,112,1307,0,
2025-12-29T14:00,10270,3911,635,3824,46,79,0,438,104,1233,0,
2025-12-29T15:00,9797,3792,480,3745,46,61,9,438,104,1122,0,
2025-12-29T16:00,9686,3806,460,3768,46,33,8,438,103,1024,0,
2025-12-29T17:00,10154,3867,453,4117,46,2,6,438,98,1127,0,
2025-12-29T18:00,10892,3860,615,4504,46,0,9,438,104,1316,0,সন্ধ্যা পিক
2025-12-29T19:00,10849,3776,374,4577,46,0,9,537,94,1436,0,
2025-12-29T19:30,10700,3837,243,4490,46,0,8,689,96,1291,0,
2025-12-29T20:00,10634,3858,235,4347,46,0,10,891,98,1149,0,
2025-12-29T21:00,10437,3882,146,4232,46,0,5,902,100,1124,0,
2025-12-29T22:00,9865,3877,60,3913,46,0,13,902,94,960,0,
2025-12-29T23:00,9441,3722,60,3752,46,0,14,902,82,863,0,
2025-12-30T00:00,8661,3612,0,3220,46,0,11,855,78,839,0,
2025-12-30T01:00,8103,3355,0,2995,46,0,14,774,80,839,0,
2025-12-30T02:00,7699,3236,0,2778,46,0,11,715,72,841,0,
2025-12-30T03:00,7377,3183,0,2775,46,0,9,459,70,835,0,
2025-12-30T04:00,7265,3158,0,2807,46,0,11,342,62,839,0,
2025-12-30T05:00,7190,3131,0,2773,32,0,7,342,70,835,0,
2025-12-30T06:00,7551,3397,0,2866,32,0,4,342,72,838,0,
2025-12-30T07:00,8080,3724,0,3059,46,1,4,341,68,837,0,
2025-12-30T08:00,9022,3959,28,3331,46,30,1,714,74,839,0,
2025-12-30T09:00,9700,3959,80,3764,46,71,0,775,82,923,0,
2025-12-30T10:00,9533,3645,130,3555,46,162,0,902,70,1023,0,
2025-12-30T11:00,9911,3806,202,3554,46,200,0,902,72,1129,0,
2025-12-30T12:00,10524,3836,512,3573,46,260,0,902,84,1311,0,ডে পিক
2025-12-30T13:00,10923,3759,917,3659,46,225,0,902,94,1321,0,
2025-12-30T14:00,10459,3744,598,3661,46,191,0,902,86,1231,0,
2025-12-30T15:00,9862,3620,365,3563,46,140,0,903,90,1135,0,
2025-12-30T16:00,9570,3589,318,3536,46,60,0,902,82,1037,0,
2025-12-30T17:00,9880,3678,372,3678,46,6,5,901,80,1114,0,
2025-12-30T18:00,10871,3851,529,4101,46,0,12,902,100,1330,0,
2025-12-30T19:00,10931,3903,336,4366,46,0,6,903,92,1279,0,সন্ধ্যা পিক
2025-12-30T19:30,10825,3879,193,4429,46,0,9,902,92,1275,0,
2025-12-30T20:00,10754,3884,165,4395,46,0,6,901,92,1265,0,
2025-12-30T21:00,10484,3878,57,4270,46,0,2,902,94,1235,0,
2025-12-30T22:00,10049,3888,0,3996,46,0,4,902,90,1123,0,
2025-12-30T23:00,9503,3862,0,3634,46,0,8,902,80,971,0,
2025-12-31T00:00,8840,3678,0,3278,46,0,22,902,80,834,0,
2025-12-31T01:00,8162,3431,0,2997,46,0,26,760,70,832,0,
2025-12-31T02:00,7618,2993,0,2920,46,0,42,717,68,832,0,
2025-12-31T03:00,7349,2918,0,2918,46,0,31,531,70,835,0,
2025-12-31T04:00,7122,2966,0,2938,46,0,22,251,62,837,0,
2025-12-31T05:00,7088,2929,0,2939,46,0,21,251,64,838,0,
2025-12-31T06:00,7293,3106,0,2975,46,0,10,251,68,837,0,
2025-12-31T07:00,7516,3239,0,3072,46,4,16,240,64,835,0,
2025-12-31T08:00,8222,3353,0,3108,46,96,19,704,64,832,0,
2025-12-31T09:00,8707,3511,20,3088,46,232,16,892,72,830,0,
2025-12-31T10:00,8598,3341,45,3032,46,325,19,892,68,830,0,
2025-12-31T11:00,8691,3420,0,2955,46,461,14,893,72,830,0,
2025-12-31T12:00,9267,3797,0,3105,46,497,4,891,86,841,0,ডে পিক
2025-12-31T13:00,10078,3933,55,3549,46,583,2,892,98,920,0,
2025-12-31T14:00,9588,3736,55,3380,46,500,1,892,88,890,0,
2025-12-31T15:00,8499,3233,55,3002,46,348,3,892,80,840,0,
2025-12-31T16:00,8053,3224,55,2866,46,152,1,791,76,842,0,
2025-12-31T17:00,8551,3713,55,2953,46,18,6,842,84,834,0,
2025-12-31T18:00,9770,4133,92,3528,46,0,10,892,84,985,0,
2025-12-31T19:00,9865,4072,122,3667,46,0,21,892,86,959,0,সন্ধ্যা পিক
2025-12-31T19:30,9773,4118,35,3622,46,0,20,892,88,952,0,
2025-12-31T20:00,9740,4143,15,3619,46,0,25,892,80,920,0,
2025-12-31T21:00,9691,4150,0,3583,46,0,11,893,82,926,0,
2025-12-31T22:00,9286,3978,0,3385,46,0,9,891,82,895,0,
2025-12-31T23:00,8808,3839,0,3095,46,0,10,892,84,842,0,
2026-01-01T00:00,8270,3712,0,2680,46,0,24,892,76,840,0,
2026-01-01T01:00,7718,3405,0,2556,46,0,26,779,66,840,0,
2026-01-01T02:00,7244,3021,0,2586,46,0,33,654,60,844,0,
2026-01-01T03:00,6888,2891,0,2640,46,0,29,378,62,842,0,
2026-01-01T04:00,6626,2834,0,2641,46,0,30,177,60,838,0,
2026-01-01T05:00,6599,2745,0,2644,46,0,23,240,62,839,0,
2026-01-01T06:00,6944,3074,0,2664,46,0,9,240,66,845,0,
2026-01-01T07:00,7675,3685,0,2792,46,6,10,239,64,833,0,
2026-01-01T08:00,8634,3932,10,2925,46,84,7,704,76,850,0,
2026-01-01T09:00,9456,3949,90,3263,46,204,7,892,80,925,0,
2026-01-01T10:00,9108,3637,128,3159,46,314,7,892,88,837,0,
2026-01-01T11:00,9291,3661,176,3167,46,418,5,892,86,840,0,
2026-01-01T12:00,9681,3926,202,3159,46,517,5,892,92,842,0,ডে পিক
2026-01-01T13:00,10327,4071,292,3427,46,564,7,892,100,928,0,
2026-01-01T14:00,10153,3973,357,3426,46,473,2,892,102,882,0,
2026-01-01T15:00,9239,3549,420,3110,46,345,0,832,94,843,0,
2026-01-01T16:00,8846,3523,305,2987,46,157,7,892,94,835,0,
2026-01-01T17:00,9340,3772,286,3301,46,18,5,892,88,932,0,
2026-01-01T18:00,10591,4091,419,3875,46,0,6,892,100,1162,0,সন্ধ্যা পিক
2026-01-01T19:00,10562,3927,268,4102,46,0,13,892,90,1224,0,
2026-01-01T19:30,10552,4054,231,4096,46,0,14,891,90,1130,0,
2026-01-01T20:00,10478,4078,161,4071,46,0,13,891,90,1128,0,
2026-01-01T21:00,10260,4173,106,3954,46,0,23,892,86,980,0,
2026-01-01T22:00,9891,4234,43,3730,46,0,29,892,84,833,0,
2026-01-01T23:00,9305,3975,27,3429,46,0,18,892,80,838,0,
2026-01-02T00:00,8854,3725,27,3242,46,0,21,892,74,827,0,
2026-01-02T01:00,8112,3694,19,2699,46,0,28,727,66,833,0,
2026-01-02T02:00,7683,3398,0,2610,46,0,22,705,64,838,0,
2026-01-02T03:00,7436,3400,0,2601,46,0,28,462,60,839,0,
2026-01-02T04:00,7267,3492,0,2573,46,0,19,239,60,838,0,
2026-01-02T05:00,6976,3240,0,2540,46,0,17,239,58,836,0,
2026-01-02T06:00,7240,3488,0,2564,46,0,6,239,60,837,0,
2026-01-02T07:00,7316,3459,0,2561,46,3,8,350,56,833,0,
2026-01-02T08:00,7993,3710,8,2568,46,58,2,705,62,834,0,
2026-01-02T09:00,8600,3942,19,2709,46,167,2,798,82,835,0,
2026-01-02T10:00,8862,3945,19,2893,46,237,0,798,86,838,0,
2026-01-02T11:00,8936,3982,19,2783,46,361,4,798,98,845,0,
2026-01-02T12:00,9662,4086,43,3128,46,474,0,798,110,977,0,ডে পিক
2026-01-02T13:00,10690,4186,75,3709,46,471,0,892,120,1191,0,
2026-01-02T14:00,9188,3600,75,3142,46,368,0,892,92,973,0,
2026-01-02T15:00,7867,3218,16,2693,46,265,7,704,90,828,0,
2026-01-02T16:00,7637,3267,8,2572,32,124,7,704,82,841,0,
2026-01-02T17:00,8000,3466,36,2708,32,16,4,704,78,956,0,
2026-01-02T18:00,9470,4071,79,3243,46,0,8,892,100,1031,0,
2026-01-02T19:00,9561,4044,54,3489,46,0,14,892,90,932,0,
2026-01-02T19:30,9533,4036,54,3489,46,0,11,892,96,909,0,
2026-01-02T20:00,9605,4038,54,3542,46,0,13,892,96,924,0,সন্ধ্যা পিক
2026-01-02T21:00,9563,3968,27,3595,46,0,11,892,96,928,0,
2026-01-02T22:00,9324,3930,27,3461,46,0,15,892,98,855,0,
2026-01-02T23:00,8725,3746,19,3088,46,0,14,892,82,838,0,
2026-01-03T00:00,8210,3735,19,2692,46,0,12,798,76,832,0,
2026-01-03T01:00,7653,3475,0,2486,46,0,12,718,76,840,0,
2026-01-03T02:00,7282,3112,0,2481,46,0,23,704,76,840,0,
2026-01-03T03:00,6945,3065,0,2496,46,0,27,410,70,831,0,
2026-01-03T04:00,6727,3044,0,2478,46,0,17,240,72,830,0,
2026-01-03T05:00,6686,2995,0,2473,46,0,28,240,70,834,0,
2026-01-03T06:00,7193,3430,0,2536,46,0,33,239,78,831,0,
2026-01-03T07:00,7520,3509,0,2527,46,5,38,493,72,830,0,
2026-01-03T08:00,8298,3878,38,2587,46,83,29,704,84,849,0,
2026-01-03T09:00,9010,3983,121,2871,46,143,22,892,68,864,0,
2026-01-03T10:00,8927,3872,168,2756,46,256,20,892,82,835,0,
2026-01-03T11:00,8860,3743,171,2718,46,358,12,892,84,836,0,
2026-01-03T12:00,9519,3975,176,2975,46,427,12,893,90,925,0,ডে পিক
2026-01-03T13:00,10014,4100,268,3102,46,454,11,892,84,1057,0,
2026-01-03T14:00,9648,4027,238,3011,46,386,4,893,90,953,0,
2026-01-03T15:00,8980,3766,206,2866,46,265,9,892,80,850,0,
2026-01-03T16:00,8863,3757,185,2900,46,125,8,892,106,844,0,
2026-01-03T17:00,9314,3992,146,3124,46,16,9,892,102,987,0,
2026-01-03T18:00,10626,4259,385,3645,46,0,15,892,114,1270,0,
2026-01-03T19:00,10736,4192,265,3953,46,0,14,892,106,1268,0,
2026-01-03T19:30,10806,4292,201,4088,46,0,9,892,106,1172,0,সন্ধ্যা পিক
2026-01-03T20:00,10671,4198,196,4068,46,0,6,891,114,1152,0,
2026-01-03T21:00,10500,4195,179,4041,46,0,17,892,114,1016,0,
2026-01-03T22:00,9929,4157,124,3657,46,0,25,892,102,926,0,
2026-01-03T23:00,9279,3859,35,3406,46,0,19,892,104,918,0,
2026-01-04T00:00,8788,3839,27,3033,46,0,18,892,92,841,0,
2026-01-04T01:00,8012,3518,8,2802,46,0,13,709,82,834,0,
2026-01-04T02:00,7670,3375,8,2598,46,0,22,706,76,839,0,
2026-01-04T03:00,7413,3409,0,2559,46,0,19,469,72,839,0,
2026-01-04T04:00,7265,3490,0,2547,46,0,25,240,74,843,0,
2026-01-04T05:00,6985,3331,0,2484,46,0,23,197,72,832,0,
2026-01-04T06:00,7614,3843,0,2561,46,0,25,239,76,824,0,
2026-01-04T07:00,8277,4132,0,2677,46,4,23,490,80,825,0,
2026-01-04T08:00,9308,4547,54,2980,46,39,15,706,94,827,0,
2026-01-04T09:00,10065,4651,88,3357,46,91,6,892,100,834,0,ডে পিক
2026-01-04T10:00,9812,4459,130,3187,46,165,5,892,102,826,0,
2026-01-04T11:00,9650,4169,151,3222,46,227,9,892,110,824,0,
2026-01-04T12:00,9990,4342,194,3325,46,241,16,892,112,822,0,
2026-01-04T13:00,10466,4455,213,3647,46,216,13,892,120,864,0,
2026-01-04T14:00,10347,4350,213,3638,46,223,8,892,118,859,0,
2026-01-04T15:00,9571,4042,205,3241,46,180,12,892,114,839,0,
2026-01-04T16:00,9359,3957,198,3233,46,79,15,892,104,835,0,
2026-01-04T17:00,9626,4103,145,3333,46,12,16,892,100,979,0,
2026-01-04T18:00,10898,4707,189,3742,46,0,23,892,118,1181,0,
2026-01-04T19:00,11000,4743,112,3960,46,0,21,892,106,1120,0,সন্ধ্যা পিক
2026-01-04T19:30,10874,4670,84,3938,46,0,18,892,112,1114,0,
2026-01-04T20:00,10852,4688,84,3908,46,0,16,892,104,1114,0,
2026-01-04T21:00,10594,4732,44,3732,46,0,14,892,110,1024,0,
2026-01-04T22:00,10042,4606,35,3445,46,0,9,891,110,900,0,
2026-01-04T23:00,9141,4405,27,2790,46,0,41,892,102,838,0,
2026-01-05T00:00,8924,4389,19,2600,46,0,48,892,96,834,0,
2026-01-05T01:00,8288,3947,0,2603,46,0,28,751,82,831,0,
2026-01-05T02:00,7863,3584,0,2588,46,0,25,704,86,830,0,
2026-01-05T03:00,7515,3524,0,2576,46,0,24,424,80,841,0,
2026-01-05T04:00,7218,3489,0,2491,46,0,36,239,80,837,0,
2026-01-05T05:00,7203,3607,0,2368,46,0,27,239,74,842,0,
2026-01-05T06:00,7772,4040,0,2414,46,0,27,321,84,840,0,
2026-01-05T07:00,8299,4244,2,2551,46,2,19,518,82,835,0,
2026-01-05T08:00,9402,4454,64,3134,46,40,19,471,100,1074,0,
2026-01-05T09:00,10013,4511,103,3575,46,67,13,422,106,1170,0,
2026-01-05T10:00,9700,4293,221,3476,46,105,9,423,104,1023,0,
2026-01-05T11:00,9859,4442,234,3471,46,132,11,423,112,988,0,
2026-01-05T12:00,10291,4620,310,3545,46,129,14,423,124,1080,0,ডে পিক
2026-01-05T13:00,10734,4648,371,3715,46,125,8,434,128,1259,0,
2026-01-05T14:00,10292,4458,320,3622,46,129,11,434,118,1154,0,
2026-01-05T15:00,9807,4400,299,3395,46,85,12,434,116,1020,0,
2026-01-05T16:00,9507,4379,303,3132,46,54,12,434,110,1037,0,
2026-01-05T17:00,9983,4600,355,3261,46,7,14,434,108,1158,0,
2026-01-05T18:00,11058,4558,854,3569,46,0,26,434,120,1451,0,সন্ধ্যা পিক
2026-01-05T19:00,10978,4562,605,3740,46,0,29,434,120,1442,0,
2026-01-05T19:30,10993,4594,579,3753,46,0,32,434,112,1443,0,
2026-01-05T20:00,10932,4543,578,3745,46,0,25,434,116,1445,0,
2026-01-05T21:00,10682,4495,383,3735,46,0,20,434,112,1457,0,
2026-01-05T22:00,10040,4477,54,3523,46,0,30,434,96,1380,0,
2026-01-05T23:00,9411,4486,43,3042,46,0,39,434,100,1221,0,
2026-01-06T00:00,8883,4388,19,2815,46,0,53,433,98,1031,0,
2026-01-06T01:00,8150,4176,0,2539,46,0,42,434,78,835,0,
2026-01-06T02:00,7706,3844,0,2427,46,0,40,434,78,837,0,
2026-01-06T03:00,7418,3775,0,2340,46,0,42,300,76,839,0,
2026-01-06T04:00,7320,3707,0,2312,46,0,41,295,78,841,0,
2026-01-06T05:00,7255,3668,0,2301,46,0,29,295,82,834,0,
2026-01-06T06:00,7731,4040,0,2434,46,0,29,269,78,835,0,
2026-01-06T07:00,8400,4421,0,2638,46,2,25,268,78,922,0,
2026-01-06T08:00,9513,4616,54,3134,46,36,12,408,96,1111,0,
2026-01-06T09:00,10154,4469,91,3607,46,92,13,407,106,1323,0,
2026-01-06T10:00,9907,4337,162,3339,46,163,11,408,110,1331,0,
2026-01-06T11:00,10066,4395,443,3201,46,227,3,407,112,1232,0,
2026-01-06T12:00,10546,4497,750,3276,46,263,3,408,118,1185,0,ডে পিক
2026-01-06T13:00,11062,4495,1104,3435,46,288,5,408,120,1161,0,
2026-01-06T14:00,10399,3994,897,3506,46,308,3,408,122,1115,0,
2026-01-06T15:00,9767,3839,728,3417,46,269,0,408,112,948,0,
2026-01-06T16:00,9517,4010,493,3503,46,134,3,408,102,818,0,
2026-01-06T17:00,9682,4005,599,3547,46,21,3,408,98,955,0,
2026-01-06T18:00,10778,4255,840,3879,46,0,11,408,110,1229,0,
2026-01-06T19:00,11121,4520,518,4054,46,0,16,407,104,1456,0,সন্ধ্যা পিক
2026-01-06T19:30,10997,4570,288,4112,46,0,19,408,102,1452,0,
2026-01-06T20:00,10946,4477,290,4147,46,0,20,407,108,1451,0,
2026-01-06T21:00,10667,4411,158,4206,46,0,15,408,104,1319,0,
2026-01-06T22:00,10163,4307,84,4011,46,0,22,408,110,1175,0,
2026-01-06T23:00,9477,4255,44,3614,46,0,43,408,102,965,0,
2026-01-07T00:00,8803,4249,19,3096,46,0,42,408,98,845,0,
2026-01-07T01:00,8097,3868,19,2804,46,0,39,408,84,829,0,
2026-01-07T02:00,7751,3687,8,2646,46,0,40,408,80,836,0,
2026-01-07T03:00,7438,3531,0,2638,46,0,47,264,88,824,0,
2026-01-07T04:00,7231,3420,0,2645,46,0,30,176,76,838,0,
2026-01-07T05:00,7120,3345,0,2634,46,0,19,176,72,828,0,
2026-01-07T06:00,7524,3691,0,2694,46,0,14,176,78,825,0,
2026-01-07T07:00,8392,4157,7,3076,46,3,9,175,88,831,0,
2026-01-07T08:00,9395,4094,66,3575,46,75,2,408,94,1035,0,
2026-01-07T09:00,10050,3877,75,4023,46,201,2,408,100,1318,0,
2026-01-07T10:00,9933,3743,127,3855,46,374,2,408,100,1278,0,
2026-01-07T11:00,9841,3659,182,3639,46,565,2,408,114,1226,0,
2026-01-07T12:00,10356,3891,303,3748,46,616,7,409,122,1214,0,ডে পিক
2026-01-07T13:00,10769,3826,538,3913,46,584,7,409,120,1326,0,
2026-01-07T14:00,10602,3791,558,3903,46,491,7,409,126,1271,0,
2026-01-07T15:00,9910,3582,618,3602,46,353,7,409,112,1181,0,
2026-01-07T16:00,9390,3625,630,3332,46,159,4,408,114,1072,0,
2026-01-07T17:00,9603,3700,699,3329,46,23,7,408,106,1285,0,
2026-01-07T18:00,10804,4011,940,3815,46,0,12,408,120,1452,0,
2026-01-07T19:00,11208,4079,840,4245,46,0,25,408,120,1445,0,সন্ধ্যা পিক
2026-01-07T19:30,11164,4087,686,4346,46,0,25,409,118,1447,0,
2026-01-07T20:00,11114,4048,675,4349,46,0,26,409,116,1445,0,
2026-01-07T21:00,10897,4029,447,4381,46,0,22,408,106,1458,0,
2026-01-07T22:00,10315,3856,64,4346,46,0,26,409,110,1458,0,
2026-01-07T23:00,9712,3767,54,4119,46,0,44,409,108,1165,0,
2026-01-08T00:00,9087,3804,27,3617,46,0,38,409,92,1054,0,
2026-01-08T01:00,8435,3657,16,3305,46,0,43,409,92,867,0,
2026-01-08T02:00,8110,3662,0,3016,46,0,50,409,80,847,0,
2026-01-08T03:00,7794,3703,0,2810,46,0,49,263,80,843,0,
2026-01-08T04:00,7458,3566,0,2697,46,0,58,176,80,835,0,
2026-01-08T05:00,7383,3476,0,2715,46,0,51,176,82,837,0,
2026-01-08T06:00,7891,3684,0,2972,46,0,48,176,86,879,0,
2026-01-08T07:00,8532,3912,7,3301,46,5,45,176,80,960,0,
2026-01-08T08:00,9664,4018,75,3749,46,94,28,409,96,1149,0,
2026-01-08T09:00,10236,3860,100,4085,46,241,15,408,96,1385,0,
2026-01-08T10:00,9982,3747,183,3837,46,377,8,409,96,1279,0,
2026-01-08T11:00,9937,3764,233,3638,46,514,4,409,100,1229,0,
2026-01-08T12:00,10349,3789,361,3715,46,633,3,409,116,1277,0,ডে পিক
2026-01-08T13:00,10875,3848,628,3843,46,613,0,409,124,1364,0,
2026-01-08T14:00,10549,3776,671,3758,46,526,0,409,126,1237,0,
2026-01-08T15:00,9957,3772,474,3543,46,372,2,409,112,1227,0,
2026-01-08T16:00,9687,3777,442,3593,46,168,0,409,110,1142,0,
2026-01-08T17:00,9904,3807,630,3642,46,24,0,408,110,1237,0,
2026-01-08T18:00,11023,3891,1242,3911,46,0,3,408,114,1408,0,
2026-01-08T19:00,11311,3825,1552,4013,46,0,1,408,108,1358,0,সন্ধ্যা পিক
2026-01-08T19:30,11164,3876,1314,4036,46,0,1,409,106,1376,0,
2026-01-08T20:00,11084,3837,1265,4049,46,0,1,408,102,1376,0,
2026-01-08T21:00,10879,3865,1018,4064,46,0,1,408,108,1369,0,
2026-01-08T22:00,10591,3868,820,4020,46,0,1,409,110,1317,0,
2026-01-08T23:00,9647,3680,64,4056,46,0,1,381,98,1321,0,
2026-01-09T00:00,9281,3665,43,3882,46,0,0,381,90,1174,0,
2026-01-09T01:00,8628,3643,19,3427,46,0,0,382,86,1025,0,
2026-01-09T02:00,8142,3632,0,2994,46,0,4,382,84,1000,0,
2026-01-09T03:00,7762,3626,0,2825,46,0,11,234,84,936,0,
2026-01-09T04:00,7555,3654,0,2743,46,0,5,196,82,829,0,
2026-01-09T05:00,7436,3642,0,2636,46,0,5,196,74,837,0,
2026-01-09T06:00,7808,3933,0,2692,46,0,4,196,78,859,0,
2026-01-09T07:00,7875,3689,0,2974,46,5,2,196,84,879,0,
2026-01-09T08:00,8574,3771,89,3274,46,95,1,97,74,1127,0,
2026-01-09T09:00,9087,3642,375,3528,46,225,0,0,92,1179,0,
2026-01-09T10:00,9036,3661,322,3364,46,376,0,0,94,1173,0,
2026-01-09T11:00,9164,3605,303,3341,46,606,0,0,92,1171,0,
2026-01-09T12:00,9696,3792,465,3312,46,630,0,0,120,1331,0,ডে পিক
2026-01-09T13:00,10860,4001,1236,3378,46,616,1,0,120,1462,0,
2026-01-09T14:00,9266,3453,788,3107,46,526,2,0,100,1244,0,
2026-01-09T15:00,8161,3495,143,2906,46,362,5,0,86,1118,0,
2026-01-09T16:00,7867,3395,104,2893,46,174,2,145,82,1026,0,
2026-01-09T17:00,8051,3339,93,2948,46,26,0,381,86,1132,0,
2026-01-09T18:00,9588,3883,185,3327,46,0,0,774,96,1277,0,
2026-01-09T19:00,9875,3971,98,3506,46,0,0,846,90,1318,0,
2026-01-09T19:30,9897,3979,88,3523,46,0,0,846,92,1323,0,সন্ধ্যা পিক
2026-01-09T20:00,9894,3973,72,3530,46,0,0,846,98,1329,0,
2026-01-09T21:00,9879,3918,44,3593,46,0,0,846,100,1332,0,
2026-01-09T22:00,9617,3879,35,3491,46,0,0,846,92,1228,0,
2026-01-09T23:00,9115,3842,35,3186,46,0,0,847,94,1065,0,
2026-01-10T00:00,8604,3659,19,3112,46,0,0,755,92,921,0,
2026-01-10T01:00,7932,3385,0,2942,46,0,0,612,82,865,0,
2026-01-10T02:00,7469,3227,0,2713,46,0,0,568,82,833,0,
2026-01-10T03:00,7235,3269,0,2660,46,0,0,355,76,829,0,
2026-01-10T04:00,6988,3206,0,2632,46,0,0,196,74,834,0,
2026-01-10T05:00,6846,3157,0,2539,46,0,1,196,74,833,0,
2026-01-10T06:00,7523,3656,0,2714,46,0,0,196,84,827,0,
2026-01-10T07:00,7934,3661,9,2931,46,6,0,381,78,822,0,
2026-01-10T08:00,8970,3787,107,3213,46,76,0,661,92,988,0,
2026-01-10T09:00,9174,3612,161,3180,46,193,0,789,102,1091,0,
2026-01-10T10:00,8966,3521,167,2901,46,352,7,846,100,1026,0,
2026-01-10T11:00,8990,3581,167,2838,46,470,0,846,112,930,0,
2026-01-10T12:00,9469,3904,175,2882,46,565,0,847,118,932,0,ডে পিক
2026-01-10T13:00,10027,3881,407,3147,46,538,0,846,130,1032,0,
2026-01-10T14:00,9780,3574,483,3209,46,473,12,846,116,1021,0,
2026-01-10T15:00,9298,3446,570,3054,46,311,11,847,104,909,0,
2026-01-10T16:00,9029,3575,388,2987,46,153,12,847,104,917,0,
2026-01-10T17:00,9342,3708,446,3068,46,22,7,846,110,1089,0,
2026-01-10T18:00,10695,3694,1117,3451,46,0,3,846,114,1424,0,
2026-01-10T19:00,11028,3618,1341,3801,46,0,0,663,112,1447,0,
2026-01-10T19:30,11118,3746,1176,3905,46,0,0,663,112,1470,0,সন্ধ্যা পিক
2026-01-10T20:00,11094,3777,1166,3896,46,0,0,663,106,1440,0,
2026-01-10T21:00,10851,3891,821,3880,46,0,0,662,108,1443,0,
2026-01-10T22:00,10391,3801,354,3885,46,0,0,862,110,1333,0,
2026-01-10T23:00,9654,3368,50,3891,46,0,0,871,100,1328,0,
2026-01-11T00:00,9190,3244,19,3693,46,0,0,871,94,1223,0,
2026-01-11T01:00,8560,3243,0,3380,46,0,0,781,84,1026,0,
2026-01-11T02:00,8020,3229,0,3118,46,0,0,688,84,855,0,
2026-01-11T03:00,7751,3300,0,3059,46,0,0,428,78,840,0,
2026-01-11T04:00,7582,3374,0,3029,46,0,0,222,76,835,0,
2026-01-11T05:00,7521,3404,0,2930,46,0,0,222,84,835,0,
2026-01-11T06:00,7920,3659,0,3073,46,0,0,222,80,840,0,
2026-01-11T07:00,8725,3888,35,3260,46,7,0,460,88,941,0,
2026-01-11T08:00,9843,3802,75,3780,46,89,0,689,100,1262,0,
2026-01-11T09:00,10392,3573,336,3908,46,228,0,876,106,1319,0,
2026-01-11T10:00,9977,3560,425,3517,46,335,0,877,104,1113,0,
2026-01-11T11:00,9965,3590,441,3412,46,480,0,877,112,1007,0,
2026-01-11T12:00,10482,3672,480,3643,46,574,0,876,116,1075,0,ডে পিক
2026-01-11T13:00,11070,3686,773,3778,46,564,0,875,122,1226,0,
2026-01-11T14:00,10569,3537,881,3587,46,452,5,877,118,1066,0,
2026-01-11T15:00,10075,3513,763,3448,46,335,2,877,114,977,0,
2026-01-11T16:00,9713,3550,666,3389,46,142,0,877,114,929,0,
2026-01-11T17:00,9812,3416,883,3424,46,26,1,877,114,1025,0,
2026-01-11T18:00,11125,3624,1390,3824,46,0,0,877,118,1246,0,
2026-01-11T19:00,11379,3743,1116,4040,46,0,0,876,116,1442,0,সন্ধ্যা পিক
2026-01-11T19:30,11073,3783,812,3981,46,0,0,876,114,1461,0,
2026-01-11T20:00,11031,3758,800,3992,46,0,0,877,108,1450,0,
2026-01-11T21:00,10952,3704,769,3992,46,0,0,877,112,1452,0,
2026-01-11T22:00,10354,3677,258,3945,46,0,0,877,102,1449,0,
2026-01-11T23:00,10047,3689,44,3825,46,0,0,876,108,1459,0,
2026-01-12T00:00,9477,3605,35,3487,46,0,0,877,102,1325,0,
2026-01-12T01:00,8816,3617,35,3141,46,0,0,764,94,1119,0,
2026-01-12T02:00,8323,3585,19,2867,46,0,4,691,90,1021,0,
2026-01-12T03:00,8005,3638,19,2706,46,0,9,471,88,1028,0,
2026-01-12T04:00,7710,3578,0,2739,46,0,10,225,86,1026,0,
2026-01-12T05:00,7643,3543,0,2702,46,0,22,225,78,1027,0,
2026-01-12T06:00,8024,3662,0,2971,46,0,12,224,88,1021,0,
2026-01-12T07:00,8836,3663,35,3317,46,7,11,441,90,1226,0,
2026-01-12T08:00,9864,3679,522,3433,46,113,7,575,104,1385,0,
2026-01-12T09:00,10200,3346,947,3401,46,290,0,691,104,1375,0,
2026-01-12T10:00,9897,3338,485,3374,46,466,0,867,104,1217,0,
2026-01-12T11:00,9946,3490,433,3195,46,572,0,879,112,1219,0,
2026-01-12T12:00,10492,3646,486,3313,46,612,0,878,118,1393,0,ডে পিক
2026-01-12T13:00,10771,3578,758,3393,46,586,0,878,114,1418,0,
2026-01-12T14:00,10522,3325,805,3376,46,498,0,879,120,1473,0,
2026-01-12T15:00,9890,3346,525,3344,46,360,0,878,112,1279,0,
2026-01-12T16:00,9459,3314,435,3243,46,167,1,879,108,1266,0,
2026-01-12T17:00,9995,3451,823,3307,46,27,1,879,106,1355,0,
2026-01-12T18:00,11108,3540,1632,3439,46,0,2,878,108,1463,0,
2026-01-12T19:00,11430,3626,2045,3514,46,0,2,645,110,1442,0,সন্ধ্যা পিক
2026-01-12T19:30,11336,3638,1933,3522,46,0,0,645,110,1442,0,
2026-01-12T20:00,11208,3621,1828,3516,46,0,0,645,110,1442,0,
2026-01-12T21:00,11039,3491,1662,3552,46,0,0,737,108,1443,0,
2026-01-12T22:00,10492,3454,1136,3557,46,0,7,737,106,1449,0,
2026-01-12T23:00,9828,3466,342,3539,46,0,15,878,100,1442,0,
2026-01-13T00:00,9274,3430,19,3389,46,0,22,879,100,1389,0,
2026-01-13T01:00,8694,3443,0,3189,46,0,10,765,92,1149,0,
2026-01-13T02:00,8316,3491,0,2978,46,0,5,691,88,1017,0,
2026-01-13T03:00,7983,3472,0,2881,46,0,10,465,82,1027,0,
2026-01-13T04:00,7660,3342,0,2929,46,0,17,225,78,1023,0,
2026-01-13T05:00,7721,3420,0,2918,46,0,14,225,84,1014,0,
2026-01-13T06:00,8037,3549,0,3096,46,0,2,225,86,1033,0,
2026-01-13T07:00,8938,3635,115,3336,46,7,0,482,90,1227,0,
2026-01-13T08:00,10033,3608,723,3482,46,123,0,527,96,1428,0,
2026-01-13T09:00,10410,3410,1038,3403,46,314,0,659,110,1430,0,
2026-01-13T10:00,10036,3231,837,3272,46,467,0,760,112,1311,0,
2026-01-13T11:00,10017,3110,798,3135,46,581,0,905,108,1334,0,
2026-01-13T12:00,10455,3388,827,3226,46,615,0,905,120,1328,0,ডে পিক
2026-01-13T13:00,11003,3546,925,3482,46,593,0,905,126,1380,0,
2026-01-13T14:00,10515,3414,851,3422,46,502,0,879,120,1281,0,
2026-01-13T15:00,10027,3368,740,3341,46,360,2,878,114,1178,0,
2026-01-13T16:00,9836,3529,745,3185,46,165,0,879,108,1179,0,
2026-01-13T17:00,10127,3532,1028,3193,46,29,0,878,108,1313,0,
2026-01-13T18:00,11115,3603,1723,3308,46,0,0,879,120,1436,0,
2026-01-13T19:00,11519,3470,2201,3377,46,0,0,879,100,1446,0,সন্ধ্যা পিক
2026-01-13T19:30,11325,3609,1931,3425,46,0,0,757,118,1439,0,
2026-01-13T20:00,11256,3638,1935,3427,46,0,0,644,116,1450,0,
2026-01-13T21:00,10915,3640,1350,3445,46,0,0,878,108,1448,0,
2026-01-13T22:00,10588,3603,1092,3418,46,0,0,878,108,1443,0,
2026-01-13T23:00,9826,3568,403,3392,46,0,0,878,98,1441,0,
2026-01-14T00:00,9350,3546,143,3280,46,0,0,878,100,1357,0,
2026-01-14T01:00,8766,3562,27,2986,46,0,0,738,90,1317,0,
2026-01-14T02:00,8241,3530,0,2712,46,0,3,738,90,1122,0,
2026-01-14T03:00,8006,3609,0,2554,46,0,6,691,86,1014,0,
2026-01-14T04:00,7763,3628,0,2510,46,0,22,645,84,828,0,
2026-01-14T05:00,7780,3625,0,2535,46,0,13,645,84,832,0,
2026-01-14T06:00,8175,3654,0,2771,46,0,1,691,90,922,0,
2026-01-14T07:00,9067,3665,41,3123,46,6,0,784,92,1310,0,
2026-01-14T08:00,10222,3687,695,3407,46,110,4,645,90,90,0,
2026-01-14T09:00,10479,3567,804,3497,46,279,0,644,104,1538,0,
2026-01-14T10:00,10257,3509,671,3347,46,437,0,716,112,1419,0,
2026-01-14T11:00,10179,3356,649,3175,46,545,0,878,112,1418,0,
2026-01-14T12:00,10666,3533,793,3298,46,582,0,878,114,1422,0,ডে পিক
2026-01-14T13:00,11160,3616,983,3447,46,551,0,879,122,1516,0,
2026-01-14T14:00,10655,3569,750,3416,46,453,0,879,130,1412,0,
2026-01-14T15:00,10250,3546,685,3328,46,325,0,879,116,1325,0,
2026-01-14T16:00,9949,3586,668,3253,46,150,0,879,110,1257,0,
2026-01-14T17:00,10061,3538,929,3213,46,27,0,879,112,1317,0,
2026-01-14T18:00,11195,3645,1711,3350,46,0,0,878,128,1437,0,
2026-01-14T19:00,11624,3703,2078,3587,46,0,0,645,120,1445,0,সন্ধ্যা পিক
2026-01-14T19:30,11386,3731,1809,3586,46,0,0,645,116,1453,0,
2026-01-14T20:00,11281,3671,1737,3614,46,0,0,645,118,1450,0,
2026-01-14T21:00,11099,3695,1375,3632,46,0,0,785,112,1454,0,
2026-01-14T22:00,10574,3638,812,3634,46,0,0,878,108,1458,0,
2026-01-14T23:00,9960,3592,217,3676,46,0,0,878,108,1443,0,
2026-01-15T00:00,9487,3645,35,3440,46,0,0,879,98,1344,0,
2026-01-15T01:00,8825,3649,0,3168,46,0,3,738,92,1129,0,
2026-01-15T02:00,8455,3646,0,3000,46,0,2,738,92,931,0,
2026-01-15T03:00,8046,3642,0,2742,46,0,0,691,84,841,0,
2026-01-15T04:00,7946,3681,0,2667,46,0,0,645,80,827,0,
2026-01-15T05:00,7738,3516,0,2613,46,0,1,645,84,833,0,
2026-01-15T06:00,8222,3601,0,2780,46,0,1,691,84,1019,0,
2026-01-15T07:00,9020,3633,109,3121,46,6,0,785,84,1236,0,
2026-01-15T08:00,9985,3465,842,3335,46,97,0,645,90,1465,0,
2026-01-15T09:00,10611,3589,1111,3424,46,244,0,645,90,1462,0,
2026-01-15T10:00,10171,3448,811,3237,46,388,0,879,94,1268,0,
2026-01-15T11:00,10196,3406,835,3178,46,487,0,879,96,1269,0,
2026-01-15T12:00,10644,3530,845,3270,46,557,0,879,102,1415,0,ডে পিক
2026-01-15T13:00,11062,3452,1183,3410,46,531,4,879,98,1459,0,
2026-01-15T14:00,10658,3415,962,3401,46,453,4,879,102,1396,0,
2026-01-15T15:00,10375,3544,772,3385,46,323,4,879,110,1312,0,
2026-01-15T16:00,9923,3484,579,3373,46,145,4,879,104,1309,0,
2026-01-15T17:00,10233,3592,804,3452,46,28,0,878,110,1323,0,
2026-01-15T18:00,11196,3523,1738,3494,46,0,0,879,122,1394,0,
2026-01-15T19:00,11608,3607,2173,3508,46,0,0,715,118,1441,0,সন্ধ্যা পিক
2026-01-15T19:30,11206,3628,1888,3517,46,0,0,645,118,1364,0,
2026-01-15T20:00,11155,3614,1893,3516,46,0,0,645,116,1325,0,
2026-01-15T21:00,10972,3650,1642,3527,46,0,0,737,112,1258,0,
2026-01-15T22:00,10444,3665,1086,3527,46,0,0,878,110,1132,0,
2026-01-15T23:00,9893,3659,711,3553,46,0,1,879,100,944,0,
2026-01-16T00:00,9509,3692,503,3540,46,0,6,878,92,752,0,
2026-01-16T01:00,8929,3655,19,3496,46,0,14,878,90,731,0,
2026-01-16T02:00,8448,3655,8,3205,46,0,18,879,82,555,0,
2026-01-16T03:00,8145,3656,0,2934,46,0,12,879,82,536,0,
2026-01-16T04:00,7782,3620,0,2718,46,0,6,878,80,434,0,
2026-01-16T05:00,7697,3624,0,2631,46,0,5,879,78,434,0,
2026-01-16T06:00,7955,3637,0,2869,46,0,10,878,78,437,0,
2026-01-16T07:00,8188,3648,89,3030,46,5,14,789,76,471,0,
2026-01-16T08:00,8982,3773,154,3296,46,108,17,878,82,628,0,
2026-01-16T09:00,9292,3645,303,3327,46,254,5,878,82,752,0,
2026-01-16T10:00,9070,3444,410,3086,46,416,2,878,86,702,0,
2026-01-16T11:00,9079,3512,413,2986,46,515,0,879,92,636,0,
2026-01-16T12:00,9770,3757,811,2979,46,590,0,879,98,610,0,ডে পিক
2026-01-16T13:00,10981,3709,1758,3175,46,560,0,878,108,747,0,
2026-01-16T14:00,9315,3351,849,2941,46,464,8,879,98,679,0,
2026-01-16T15:00,8372,3337,382,2664,46,330,8,879,84,642,0,
2026-01-16T16:00,7996,3388,345,2568,46,153,5,879,82,530,0,
2026-01-16T17:00,8437,3726,379,2735,46,28,0,879,88,556,0,
2026-01-16T18:00,9724,3896,900,3181,46,0,0,878,96,727,0,
2026-01-16T19:00,9952,4089,621,3467,46,0,1,878,100,750,0,
2026-01-16T19:30,10025,4188,577,3489,46,0,2,879,96,748,0,সন্ধ্যা পিক
2026-01-16T20:00,10025,4140,581,3516,46,0,0,879,102,761,0,
2026-01-16T21:00,10012,4130,583,3516,46,0,0,879,106,752,0,
2026-01-16T22:00,9701,3913,506,3508,46,0,0,879,100,749,0,
2026-01-16T23:00,9196,3857,192,3367,46,0,0,879,90,765,0,
2026-01-17T00:00,8836,3839,0,3232,46,0,0,879,82,758,0,
2026-01-17T01:00,8314,3847,0,2820,46,0,0,878,90,633,0,
2026-01-17T02:00,7770,3842,0,2446,46,0,0,879,78,479,0,
2026-01-17T03:00,7564,3769,0,2343,46,0,0,879,82,424,0,
2026-01-17T04:00,7286,3642,0,2211,46,0,0,879,72,425,0,
2026-01-17T05:00,7313,3652,0,2199,46,0,0,879,80,439,0,
2026-01-17T06:00,7657,3847,0,2353,46,0,0,879,84,434,0,
2026-01-17T07:00,8381,3975,0,2845,46,0,0,878,86,530,0,
2026-01-17T08:00,9336,3921,378,3201,46,115,9,878,94,694,0,
2026-01-17T09:00,9449,3720,638,3020,46,297,2,878,90,758,0,
2026-01-17T10:00,8727,3322,584,2594,46,451,0,878,90,762,0,
2026-01-17T11:00,8996,3637,464,2541,46,565,0,879,96,768,0,
2026-01-17T12:00,9659,3832,483,2937,46,605,0,878,108,770,0,ডে পিক
2026-01-17T13:00,10231,3791,772,3321,46,549,0,879,110,763,0,
2026-01-17T14:00,9846,3647,624,3324,46,459,1,878,102,765,0,
2026-01-17T15:00,9517,3737,488,3151,46,338,2,879,106,770,0,
2026-01-17T16:00,9062,3751,439,2897,46,169,0,888,108,764,0,
2026-01-17T17:00,9375,3748,832,2952,46,33,0,893,104,767,0,
2026-01-17T18:00,10735,3866,1755,3284,46,0,0,905,114,765,0,
2026-01-17T19:00,11275,3799,2175,3471,46,0,0,904,114,766,0,
2026-01-17T19:30,11360,3798,2195,3538,46,0,0,905,114,764,0,সন্ধ্যা পিক
2026-01-17T20:00,11177,3755,2066,3541,46,0,0,905,112,752,0,
2026-01-17T21:00,11223,3790,2001,3616,46,0,0,905,108,757,0,
2026-01-17T22:00,10599,3744,1432,3598,46,0,0,905,104,770,0,
2026-01-17T23:00,10055,3760,865,3616,46,0,1,905,100,762,0,
2026-01-18T00:00,9547,3801,349,3581,46,0,7,905,98,760,0,
2026-01-18T01:00,8835,3809,0,3227,46,0,10,905,86,752,0,
2026-01-18T02:00,8380,3816,0,2758,46,0,10,905,84,761,0,
2026-01-18T03:00,8064,3829,0,2549,46,0,12,905,86,637,0,
2026-01-18T04:00,7835,3827,0,2520,46,0,4,905,80,453,0,
2026-01-18T05:00,7907,3793,0,2646,46,0,0,905,74,443,0,
2026-01-18T06:00,8310,3813,0,2937,46,0,0,905,84,525,0,
2026-01-18T07:00,9011,3873,36,3381,46,7,0,905,84,679,0,
2026-01-18T08:00,10304,3854,940,3577,46,117,0,905,104,761,0,
2026-01-18T09:00,10632,3734,1333,3460,46,293,0,905,96,765,0,
2026-01-18T10:00,10237,3647,974,3353,46,451,0,904,101,761,0,
2026-01-18T11:00,10364,3753,943,3310,46,551,0,905,99,757,0,
2026-01-18T12:00,10796,3795,1109,3480,46,595,0,905,102,764,0,ডে পিক
2026-01-18T13:00,11149,3798,1439,3537,46,560,0,905,103,761,0,
2026-01-18T14:00,10751,3771,1101,3591,46,469,2,899,109,763,0,
2026-01-18T15:00,10311,3772,942,3473,46,332,1,874,107,764,0,
2026-01-18T16:00,9989,3765,821,3455,46,159,3,872,110,758,0,
2026-01-18T17:00,10125,3775,1097,3428,46,31,4,873,104,767,0,
2026-01-18T18:00,11019,3852,1885,3488,46,0,3,873,106,766,0,
2026-01-18T19:00,11290,3902,2122,3479,46,0,4,873,110,754,0,
2026-01-18T19:30,11410,3894,2174,3553,46,0,5,872,110,756,0,
2026-01-18T20:00,11433,3908,2189,3542,46,0,6,873,106,763,0,সন্ধ্যা পিক
2026-01-18T21:00,11213,3831,2049,3537,46,0,3,873,112,762,0,
2026-01-18T22:00,10783,3769,1711,3526,46,0,2,872,98,759,0,
2026-01-18T23:00,10148,3731,1543,3521,46,0,3,452,96,756,0,
2026-01-19T00:00,9632,3732,1031,3523,46,0,2,451,88,759,0,
2026-01-19T01:00,8891,3731,282,3536,46,0,2,452,84,758,0,
2026-01-19T02:00,8464,3726,0,3396,46,0,0,452,82,762,0,
2026-01-19T03:00,8254,3770,0,3275,46,0,0,452,78,633,0,
2026-01-19T04:00,8055,3747,0,3101,46,0,2,452,78,629,0,
2026-01-19T05:00,7911,3666,0,3048,46,0,1,452,76,622,0,
2026-01-19T06:00,8243,3788,0,3240,46,0,1,453,84,631,0,
2026-01-19T07:00,9072,3913,287,3519,46,6,6,452,86,757,0,
2026-01-19T08:00,10173,3882,1279,3541,46,113,1,453,94,764,0,
2026-01-19T09:00,10663,3784,1708,3522,46,297,0,452,98,756,0,
2026-01-19T10:00,10359,3630,1458,3473,46,450,0,452,98,752,0,
2026-01-19T11:00,10366,3493,1486,3480,46,550,0,452,100,759,0,
2026-01-19T12:00,10955,3706,1715,3573,46,591,0,452,104,768,0,ডে পিক
2026-01-19T13:00,11102,3779,1795,3560,68,573,0,452,110,765,0,
2026-01-19T14:00,10696,3778,1463,3575,68,481,0,453,112,766,0,
2026-01-19T15:00,10328,3754,1315,3553,40,342,0,452,110,762,0,
2026-01-19T16:00,10186,3730,1391,3542,40,158,3,453,102,767,0,
2026-01-19T17:00,10421,3733,1790,3507,40,33,1,452,104,761,0,
2026-01-19T18:00,11078,3745,2386,3574,40,0,2,452,114,765,0,
2026-01-19T19:00,11418,3828,2658,3567,40,0,0,452,108,765,0,সন্ধ্যা পিক
2026-01-19T19:30,11399,3830,2640,3556,40,0,0,452,110,771,0,
2026-01-19T20:00,11325,3823,2552,3581,40,0,0,452,110,767,0,
2026-01-19T21:00,11345,3841,2540,3589,40,0,0,453,112,770,0,
2026-01-19T22:00,10957,3826,2205,3564,40,0,0,452,104,766,0,
2026-01-19T23:00,10164,3728,1505,3579,40,0,0,452,94,766,0,
2026-01-20T00:00,9601,3747,995,3520,40,0,0,452,88,759,0,
2026-01-20T01:00,8990,3743,398,3516,40,0,0,453,82,758,0,
2026-01-20T02:00,8533,3728,17,3455,40,0,4,452,82,755,0,
2026-01-20T03:00,8229,3745,0,3226,40,0,9,452,84,673,0,
2026-01-20T04:00,7983,3749,0,3088,40,0,7,452,76,571,0,
2026-01-20T05:00,7911,3739,0,3017,40,0,9,452,76,578,0,
2026-01-20T06:00,8214,3766,0,3190,40,0,7,452,84,675,0,
2026-01-20T07:00,9188,3788,575,3472,40,6,8,452,86,761,0,
2026-01-20T08:00,10338,3807,1524,3548,40,105,9,452,98,755,0,
2026-01-20T09:00,10707,3762,1781,3526,40,260,3,458,124,753,0,ডে পিক
2026-01-20T10:00,10234,3695,1254,3498,40,417,0,459,120,751,0,
2026-01-20T11:00,10346,3685,1213,3550,40,517,0,458,130,753,0,
2026-01-20T12:00,10275,3761,1647,2950,40,534,0,458,130,755,0,
2026-01-20T13:00,10762,3796,2116,2929,40,520,7,459,138,757,0,
2026-01-20T14:00,10640,3658,2213,2927,40,439,2,458,144,759,0,
2026-01-20T15:00,10267,3608,2020,2926,40,316,9,459,134,755,0,
2026-01-20T16:00,10174,3746,1887,2987,40,158,10,458,128,760,0,
2026-01-20T17:00,10138,3696,1973,3001,80,32,14,458,126,758,0,
2026-01-20T18:00,10667,3739,2454,3042,46,0,27,458,132,769,0,
2026-01-20T19:00,10809,3719,2612,3064,46,0,23,458,128,759,0,
2026-01-20T19:30,10932,3808,2669,3061,46,0,18,450,126,754,0,সন্ধ্যা পিক
2026-01-20T20:00,10913,3774,2684,3057,46,0,16,458,120,758,0,
2026-01-20T21:00,10837,3791,2586,3082,30,0,3,458,130,757,0,
2026-01-20T22:00,10716,3796,2454,3081,30,0,17,459,116,763,0,
2026-01-20T23:00,10268,3718,2091,3067,35,0,13,462,116,766,0,
2026-01-21T00:00,9755,3725,1614,3036,35,0,15,462,112,756,0,
2026-01-21T01:00,8999,3706,941,2973,35,0,22,465,98,759,0,
2026-01-21T02:00,8563,3725,475,2974,35,0,26,465,100,763,0,
2026-01-21T03:00,8176,3721,101,2970,35,0,38,465,86,760,0,
2026-01-21T04:00,7997,3737,0,2900,35,0,39,472,86,728,0,
2026-01-21T05:00,7915,3742,0,2830,35,0,22,471,90,725,0,
2026-01-21T06:00,8218,3807,146,2882,35,0,12,472,102,762,0,
2026-01-21T07:00,9158,3776,975,3014,35,6,11,475,96,770,0,
2026-01-21T08:00,9892,3731,1650,3009,40,117,8,471,104,762,0,
2026-01-21T09:00,10088,3682,1826,2995,46,258,7,471,48,755,0,
2026-01-21T10:00,9998,3527,1710,2981,46,402,4,471,102,755,0,
2026-01-21T11:00,10272,3631,1753,2996,46,510,5,472,102,757,0,
2026-01-21T12:00,10705,3781,1933,3035,46,560,4,471,112,763,0,ডে পিক
2026-01-21T13:00,10790,3754,2046,3066,46,530,5,471,116,756,0,
2026-01-21T14:00,10563,3686,1970,3045,46,458,7,471,120,760,0,
2026-01-21T15:00,10328,3604,1984,3015,46,327,7,472,108,765,0,
2026-01-21T16:00,9994,3541,1881,3005,46,159,15,472,110,765,0,
2026-01-21T17:00,10252,3599,2217,3010,46,36,12,472,100,760,0,
2026-01-21T18:00,10494,3656,2409,3022,46,0,20,472,110,759,0,
2026-01-21T19:00,10531,3706,2401,3006,46,0,22,472,118,760,0,
2026-01-21T19:30,10569,3722,2404,3012,46,0,23,471,128,763,0,সন্ধ্যা পিক
2026-01-21T20:00,10566,3724,2242,3173,46,0,22,471,126,762,0,
2026-01-21T21:00,10548,3687,2113,3316,46,0,26,471,128,761,0,
2026-01-21T22:00,10505,3675,2078,3336,46,0,14,472,120,764,0,
2026-01-21T23:00,9967,3603,1447,3491,46,0,16,471,108,761,0,
2026-01-22T00:00,9454,3736,720,3589,46,0,15,472,110,766,0,
2026-01-22T01:00,8947,3757,87,3692,46,0,22,471,108,471,0,
2026-01-22T02:00,8586,3686,0,3587,46,0,34,472,94,667,0,
2026-01-22T03:00,8421,3738,0,3341,46,0,46,471,100,679,0,
2026-01-22T04:00,8178,3745,0,3103,46,0,48,472,94,670,0,
2026-01-22T05:00,8032,3612,0,3096,46,0,34,471,96,675,0,
2026-01-22T06:00,8398,3787,0,3289,46,0,34,471,96,675,0,
2026-01-22T07:00,8940,3888,0,3629,46,6,40,472,98,761,0,
2026-01-22T08:00,9112,3864,41,3676,46,107,32,471,112,763,0,
2026-01-22T09:00,9604,3816,446,3644,46,288,17,472,118,757,0,
2026-01-22T10:00,10070,3849,770,3593,46,450,20,471,112,759,0,
2026-01-22T11:00,10668,4060,1055,3578,46,559,17,471,126,756,0,
2026-01-22T12:00,10833,4056,1113,3638,46,600,11,472,136,761,0,ডে পিক
2026-01-22T13:00,10881,4041,1148,3682,46,580,8,471,140,765,0,
2026-01-22T14:00,10495,3768,1179,3631,46,497,2,473,136,763,0,
2026-01-22T15:00,10257,3720,1192,3563,46,357,10,473,132,764,0,
2026-01-22T16:00,10151,3731,1238,3592,46,176,18,474,114,762,0,
2026-01-22T17:00,10397,3900,1485,3556,46,39,17,473,118,763,0,
2026-01-22T18:00,10989,3843,2039,3671,46,0,19,473,136,762,0,
2026-01-22T19:00,11168,3871,2152,3715,46,0,23,473,128,760,0,
2026-01-22T19:30,11351,3937,2223,3726,86,0,17,473,122,767,0,সন্ধ্যা পিক
2026-01-22T20:00,11259,3869,2250,3686,86,0,17,473,120,758,0,
2026-01-22T21:00,11139,3890,2152,3629,86,0,15,473,128,766,0,
2026-01-22T22:00,10715,3823,1901,3523,86,0,23,474,122,763,0,
2026-01-22T23:00,10074,3806,1248,3546,86,0,30,473,120,765,0,
2026-01-23T00:00,9613,3854,730,3572,86,0,25,473,110,763,0,
2026-01-23T01:00,8929,3843,17,3613,86,0,28,474,100,768,0,
2026-01-23T02:00,8662,3829,0,3436,86,0,20,474,92,725,0,
2026-01-23T03:00,8354,3808,0,3201,86,0,20,474,96,669,0,
2026-01-23T04:00,8095,3793,0,2981,86,0,29,473,92,641,0,
2026-01-23T05:00,7942,3825,0,2913,86,0,26,473,92,527,0,
2026-01-23T06:00,8218,3841,0,3172,86,0,18,474,100,527,0,
2026-01-23T07:00,8553,3824,0,3370,86,0,14,473,94,685,0,
2026-01-23T08:00,9218,3862,379,3452,86,96,10,473,96,764,0,
2026-01-23T09:00,9298,3783,344,3495,86,253,0,474,96,767,0,
2026-01-23T10:00,9244,3777,214,3452,86,393,0,473,96,753,0,
2026-01-23T11:00,9407,3729,223,3537,86,480,86,473,110,769,0,
2026-01-23T12:00,10164,3747,959,3414,86,601,0,473,124,760,0,ডে পিক
2026-01-23T13:00,10728,3833,1434,3427,86,580,0,474,136,758,0,
2026-01-23T14:00,9365,3783,292,3366,86,492,0,474,114,758,0,
2026-01-23T15:00,8611,3727,61,3057,86,347,0,474,102,757,0,
2026-01-23T16:00,8249,3697,112,2848,86,178,1,473,96,758,0,
2026-01-23T17:00,8425,3653,505,2824,86,36,6,473,88,754,0,
2026-01-23T18:00,9497,3647,1423,3001,86,0,7,474,100,759,0,
2026-01-23T19:00,10164,3806,1629,3307,86,0,5,473,100,758,0,সন্ধ্যা পিক
2026-01-23T19:30,10074,3892,1393,3368,86,0,2,473,102,758,0,
2026-01-23T20:00,10099,3899,1390,3389,86,0,3,473,100,759,0,
2026-01-23T21:00,10069,3949,1312,3381,86,0,0,474,104,763,0,
2026-01-23T22:00,9715,3956,951,3378,86,0,0,474,104,766,0,
2026-01-23T23:00,9338,3984,562,3373,86,0,0,473,102,758,0,
2026-01-24T00:00,8892,4044,50,3380,86,0,0,473,100,759,0,
2026-01-24T01:00,8357,3995,0,2954,86,0,0,473,92,757,0,
2026-01-24T02:00,8026,3986,0,2700,86,0,5,473,82,694,0,
2026-01-24T03:00,7613,3967,0,2467,86,0,6,474,82,531,0,
2026-01-24T04:00,7474,4030,0,2378,86,0,6,473,76,425,0,
2026-01-24T05:00,7419,4013,0,2330,86,0,6,474,82,428,0,
2026-01-24T06:00,7858,4043,0,2592,86,0,10,474,92,561,0,
2026-01-24T07:00,8521,4026,0,3096,86,8,5,473,86,741,0,
2026-01-24T08:00,9432,3974,675,3252,86,100,2,473,110,760,0,
2026-01-24T09:00,9517,3863,716,3309,86,200,0,473,108,762,0,
2026-01-24T10:00,9543,3831,609,3360,86,302,0,473,118,764,0,
2026-01-24T11:00,9750,3752,596,3522,86,444,0,474,118,758,0,
2026-01-24T12:00,10268,3973,787,3582,86,476,0,474,126,764,0,ডে পিক
2026-01-24T13:00,10582,4001,1062,3579,86,475,0,474,136,769,0,
2026-01-24T14:00,10246,3951,863,3573,86,406,0,474,130,763,0,
2026-01-24T15:00,9984,3859,811,3569,86,290,0,474,128,767,0,
2026-01-24T16:00,9617,3845,622,3544,86,164,0,473,124,759,0,
2026-01-24T17:00,9916,3841,1050,3544,86,37,0,473,124,761,0,
2026-01-24T18:00,10874,3896,1893,3639,86,0,0,473,130,757,0,
2026-01-24T19:00,11219,4029,2060,3682,86,0,0,473,128,761,0,
2026-01-24T19:30,11271,4055,2098,3720,46,0,0,473,122,757,0,
2026-01-24T20:00,11342,4073,2111,3754,46,0,0,473,126,759,0,সন্ধ্যা পিক
2026-01-24T21:00,11186,4043,2002,3741,46,0,1,474,120,759,0,
2026-01-24T22:00,10757,4004,1610,3739,46,0,0,474,118,766,0,
2026-01-24T23:00,10256,3956,1257,3647,46,0,0,473,116,761,0,
2026-01-25T00:00,9509,3866,618,3638,46,0,0,473,110,758,0,
2026-01-25T01:00,8852,3849,0,3637,46,0,0,474,96,750,0,
2026-01-25T02:00,8579,3841,0,3465,46,0,0,474,88,665,0,
2026-01-25T03:00,8294,3889,0,3261,46,0,3,473,92,530,0,
2026-01-25T04:00,8096,3887,0,3124,46,0,4,474,88,473,0,
2026-01-25T05:00,8008,3868,0,3095,46,0,6,474,90,429,0,
2026-01-25T06:00,8395,3977,0,3305,46,0,6,473,90,498,0,
2026-01-25T07:00,8901,3992,0,3594,46,8,13,473,102,673,0,
2026-01-25T08:00,9577,3851,594,3603,46,114,16,473,118,762,0,
2026-01-25T09:00,10118,3850,997,3591,46,274,10,473,118,759,0,
2026-01-25T10:00,10338,3879,1108,3521,46,425,0,474,120,765,0,
2026-01-25T11:00,10523,3948,1126,3513,46,525,1,474,122,768,0,
2026-01-25T12:00,10675,3989,1149,3569,46,563,4,473,122,760,0,ডে পিক
2026-01-25T13:00,10855,4042,1198,3647,46,546,5,474,132,765,0,
2026-01-25T14:00,10603,3873,1212,3612,46,478,14,473,130,765,0,
2026-01-25T15:00,10339,3921,1085,3578,46,334,12,473,126,764,0,
2026-01-25T16:00,10149,3936,1023,3609,46,169,11,474,126,755,0,
2026-01-25T17:00,10477,3957,1483,3585,46,38,4,474,126,764,0,
2026-01-25T18:00,11000,3951,2022,3609,46,0,1,473,138,760,0,
2026-01-25T19:00,11186,3984,2170,3613,46,0,1,474,138,760,0,সন্ধ্যা পিক
2026-01-25T19:30,11149,3968,2142,3634,46,0,0,473,132,754,0,
2026-01-25T20:00,11142,3953,2151,3625,46,0,0,473,132,762,0,
2026-01-25T21:00,11160,4009,2067,3678,46,0,0,473,124,763,0,
2026-01-25T22:00,10714,3985,1690,3641,46,0,0,474,116,762,0,
2026-01-25T23:00,10117,4000,1054,3672,46,0,0,473,120,752,0,
2026-01-26T00:00,9634,4001,582,3655,46,0,9,473,110,758,0,
2026-01-26T01:00,9028,3977,50,3609,46,0,13,473,102,758,0,
2026-01-26T02:00,8600,4002,0,3296,46,0,25,474,92,665,0,
2026-01-26T03:00,8361,3994,0,3061,46,0,41,473,90,656,0,
2026-01-26T04:00,8035,3993,0,2842,46,0,22,474,94,564,0,
2026-01-26T05:00,7984,3984,0,2793,46,0,32,474,90,565,0,
2026-01-26T06:00,8391,3990,0,3132,46,0,36,473,96,618,0,
2026-01-26T07:00,8914,3994,5,3487,46,9,33,473,102,765,0,
2026-01-26T08:00,9575,3918,633,3498,46,107,30,473,114,756,0,
2026-01-26T09:00,10018,3755,1057,3520,46,281,14,474,114,757,0,
2026-01-26T10:00,9953,3909,1110,3091,46,435,13,474,120,755,0,
2026-01-26T11:00,10138,3957,1147,3112,46,510,15,473,120,758,0,
2026-01-26T12:00,10234,3962,1199,3080,46,570,11,473,132,761,0,ডে পিক
2026-01-26T13:00,10288,3956,1224,3104,46,570,7,474,138,769,0,
2026-01-26T14:00,10040,3789,1224,3118,46,475,15,474,136,763,0,
2026-01-26T15:00,9877,3831,1219,3057,46,344,15,473,126,766,0,
2026-01-26T16:00,9973,3950,1286,3132,46,175,23,474,128,759,0,
2026-01-26T17:00,10051,3704,1827,3050,46,39,28,473,124,760,0,
2026-01-26T18:00,10746,3951,2218,3124,46,0,39,473,132,763,0,
2026-01-26T19:00,10958,3988,2227,3186,46,0,54,570,130,757,0,সন্ধ্যা পিক
2026-01-26T19:30,10945,4013,2222,3196,46,0,54,528,124,762,0,
2026-01-26T20:00,10869,4013,2219,3194,46,0,43,474,116,764,0,
2026-01-26T21:00,10896,4024,2187,3191,46,0,28,535,124,761,0,
2026-01-26T22:00,10669,4061,1863,3213,46,0,14,587,122,763,0,
2026-01-26T23:00,10225,3978,1155,3414,40,0,25,741,114,758,0,
2026-01-27T00:00,9648,3956,398,3472,40,0,21,898,108,755,0,
2026-01-27T01:00,9074,3941,45,3369,40,0,24,897,104,654,0,
2026-01-27T02:00,8739,3933,0,3124,40,0,28,897,100,617,0,
2026-01-27T03:00,8256,3967,0,2753,40,0,39,896,94,467,0,
2026-01-27T04:00,8144,3990,0,2649,40,0,46,897,92,430,0,
2026-01-27T05:00,8020,3917,0,2618,40,0,30,897,86,432,0,
2026-01-27T06:00,8537,3902,0,3026,40,0,19,897,96,557,0,
2026-01-27T07:00,9371,4220,0,3374,40,10,24,896,96,711,0,
2026-01-27T08:00,10261,4195,680,3427,40,130,15,897,112,765,0,
2026-01-27T09:00,10660,4059,987,3476,40,322,5,897,116,758,0,
2026-01-27T10:00,10565,3919,966,3412,40,480,4,897,118,729,0,
2026-01-27T11:00,10861,4056,978,3449,40,596,1,897,122,722,0,
2026-01-27T12:00,11042,3983,1125,3457,40,631,0,897,144,765,0,ডে পিক
2026-01-27T13:00,11106,3979,1167,3504,40,611,0,897,140,768,0,
2026-01-27T14:00,10966,3892,1168,3521,40,531,6,897,146,765,0,
2026-01-27T15:00,10745,3827,1179,3509,40,380,7,897,138,768,0,
2026-01-27T16:00,10443,3833,1078,3485,40,203,12,897,128,767,0,
2026-01-27T17:00,10538,3961,1217,3480,40,45,7,898,128,762,0,
2026-01-27T18:00,10973,4033,2060,3043,40,0,3,897,138,759,0,
2026-01-27T19:00,11059,4039,2197,3002,40,0,0,897,128,756,0,
2026-01-27T19:30,11154,4046,2207,3079,40,0,0,897,128,757,0,সন্ধ্যা পিক
2026-01-27T20:00,11088,3975,2197,3100,40,0,0,897,122,757,0,
2026-01-27T21:00,11153,4096,2118,3110,40,0,0,897,126,766,0,
2026-01-27T22:00,10921,3985,2011,3107,40,0,2,894,114,768,0,
2026-01-27T23:00,10337,4008,1408,3110,40,0,0,893,118,760,0,
2026-01-28T00:00,9689,4120,629,3137,40,0,0,894,104,765,0,
2026-01-28T01:00,8968,4071,0,3099,40,0,5,894,96,763,0,
2026-01-28T02:00,8742,3980,0,2965,40,0,3,894,100,760,0,
2026-01-28T03:00,8365,4097,0,2636,40,0,1,894,98,599,0,
2026-01-28T04:00,8202,4117,0,2482,40,0,1,894,96,572,0,
2026-01-28T05:00,8033,4079,0,2417,40,0,0,894,88,515,0,
2026-01-28T06:00,8427,4156,0,2609,40,0,0,894,102,626,0,
2026-01-28T07:00,8912,4173,0,2929,40,9,0,894,104,763,0,
2026-01-28T08:00,10001,4074,945,3049,40,138,0,894,104,757,0,
2026-01-28T09:00,10385,4048,1144,3076,40,322,0,894,108,753,0,
2026-01-28T10:00,10517,4021,1147,3065,40,480,0,894,114,756,0,
2026-01-28T11:00,10654,4025,1161,3054,40,598,0,894,126,756,0,
2026-01-28T12:00,10746,4032,1188,3082,40,630,0,894,124,756,0,ডে পিক
2026-01-28T13:00,10727,4013,1202,3077,40,615,0,894,128,758,0,
2026-01-28T14:00,10540,3911,1189,3084,40,518,5,894,136,763,0,
2026-01-28T15:00,10401,3933,1176,3076,40,376,5,894,132,769,0,
2026-01-28T16:00,10296,3974,1205,3097,40,197,2,894,124,763,0,
2026-01-28T17:00,10560,3962,1685,3052,40,47,3,893,116,762,0,
2026-01-28T18:00,11007,3999,2130,3049,40,0,0,894,130,765,0,
2026-01-28T19:00,11025,3965,2188,3056,40,0,0,894,130,752,0,
2026-01-28T19:30,11159,4006,2208,3123,40,0,0,893,124,765,0,সন্ধ্যা পিক
2026-01-28T20:00,11126,3985,2212,3113,40,0,0,894,122,760,0,
2026-01-28T21:00,11105,4003,2142,3145,40,0,0,893,126,756,0,
2026-01-28T22:00,11009,3997,2039,3145,40,0,0,894,122,772,0,
2026-01-29T00:00,9776,4084,768,3120,40,0,0,894,108,762,0,
2026-01-29T01:00,9086,4110,39,3142,40,0,0,894,100,761,0,
2026-01-29T02:00,8727,4079,0,2943,40,0,0,893,102,670,0,
2026-01-29T03:00,8544,4035,0,2803,40,0,0,897,102,667,0,
2026-01-29T04:00,8274,4021,0,2550,40,0,3,897,98,665,0,
2026-01-29T05:00,8151,4041,0,2467,40,0,1,897,88,617,0,
2026-01-29T06:00,8559,4137,0,2658,40,0,2,897,96,729,0,
2026-01-29T07:00,8898,4205,0,2888,40,6,0,896,102,761,0,
2026-01-29T08:00,9650,3991,709,3029,40,115,0,896,112,758,0,
2026-01-29T09:00,10116,3983,932,3105,40,269,0,897,130,760,0,
2026-01-29T10:00,9720,3947,1001,2547,40,414,0,897,118,756,0,
2026-01-29T11:00,9965,4038,1063,2547,40,494,0,896,128,759,0,
2026-01-29T12:00,10153,4077,1130,2584,40,538,0,897,128,759,0,ডে পিক
2026-01-29T13:00,10063,3977,1152,2577,40,526,0,897,136,758,0,
2026-01-29T14:00,9890,3939,1121,2561,40,443,1,896,130,759,0,
2026-01-29T15:00,9787,3968,1126,2541,40,321,2,897,130,762,0,
2026-01-29T16:00,9709,4059,1144,2514,40,169,1,897,126,759,0,
2026-01-29T17:00,10032,4123,1536,2515,40,37,2,897,126,756,0,
2026-01-29T18:00,10805,4095,2370,2513,40,0,0,896,130,761,0,
2026-01-29T19:00,11503,4315,2829,2537,40,0,0,896,124,762,0,সন্ধ্যা পিক
2026-01-29T19:30,11439,4351,2723,2541,40,0,0,897,124,763,0,
2026-01-29T20:00,11468,4373,2736,2537,40,0,0,897,122,763,0,
2026-01-29T21:00,11404,4404,2614,2569,40,0,0,896,124,757,0,
2026-01-29T22:00,11129,4370,2368,2568,40,0,0,896,122,765,0,
2026-01-29T23:00,10504,3953,1637,3104,40,0,0,762,114,762,0,
2026-01-30T00:00,9981,4334,1281,2557,40,0,0,897,112,760,0,
2026-01-30T01:00,8729,4372,0,2562,40,0,0,897,104,754,0,
2026-01-30T02:00,8661,4280,0,2584,40,0,0,897,100,760,0,
2026-01-30T03:00,8565,4344,0,2421,40,0,0,897,100,763,0,
2026-01-30T04:00,8269,4360,0,2194,40,0,0,897,96,682,0,
2026-01-30T05:00,8228,4341,0,2174,40,0,5,897,100,671,0,
2026-01-30T06:00,8537,4324,0,2446,40,0,13,897,98,719,0,
2026-01-30T07:00,8882,4306,6,2757,40,10,14,896,92,761,0,
2026-01-30T08:00,9633,4375,398,2915,40,137,14,897,98,759,0,
2026-01-30T09:00,9619,4148,543,2861,40,242,9,897,96,753,0,
2026-01-30T10:00,9755,4019,725,2796,40,412,5,897,104,757,0,
2026-01-30T11:00,9866,4008,631,2872,0,590,2,897,110,756,0,
2026-01-30T12:00,10718,4310,890,3050,40,641,3,897,126,761,0,ডে পিক
2026-01-30T13:00,11041,4320,1141,3094,40,639,21,897,130,759,0,
2026-01-30T14:00,9456,3918,327,2826,40,569,13,897,108,758,0,
2026-01-30T15:00,8858,3802,259,2588,40,400,13,897,98,761,0,
2026-01-30T16:00,8568,3833,259,2546,40,212,18,896,92,672,0,
2026-01-30T17:00,8751,3913,484,2583,40,49,20,896,94,672,0,
2026-01-30T18:00,10031,4054,1531,2609,40,0,52,897,110,738,0,
2026-01-30T19:00,10541,4325,1690,2671,40,0,54,897,110,754,0,সন্ধ্যা পিক
2026-01-30T19:30,10360,4366,1434,2709,40,0,45,897,110,759,0,
2026-01-30T20:00,10350,4387,1393,2730,40,0,27,897,112,764,0,
2026-01-30T21:00,10392,4401,1387,2768,40,0,21,897,114,764,0,
2026-01-30T22:00,10027,4324,851,3012,40,0,23,897,120,760,0,
2026-01-30T23:00,9576,4216,370,3157,40,0,33,897,108,755,0,
2026-01-31T00:00,9116,4142,53,3103,40,0,20,896,100,762,0,
2026-01-31T01:00,8526,3883,0,2709,40,0,27,897,90,682,0,
2026-01-31T02:00,8167,3905,0,2666,40,0,46,897,88,525,0,
2026-01-31T03:00,7867,3867,0,2501,40,0,48,897,86,428,0,
2026-01-31T04:00,7631,3806,0,2350,40,0,21,897,82,435,0,
2026-01-31T05:00,7599,3774,0,2346,40,0,33,896,82,428,0,
2026-01-31T06:00,8016,4016,0,2541,40,0,0,897,92,430,0,
2026-01-31T07:00,8726,4136,0,2981,40,7,0,897,84,581,0,
2026-01-31T08:00,9520,4116,95,3411,40,101,0,897,104,756,0,
2026-01-31T09:00,9634,3857,185,3467,40,326,0,896,104,759,0,
2026-01-31T10:00,9589,3750,93,3475,40,492,0,896,120,723,0,
2026-01-31T11:00,9897,4047,76,3407,40,592,0,897,120,718,0,
2026-01-31T12:00,10198,4107,176,3506,40,621,0,897,132,719,0,ডে পিক
2026-01-31T13:00,10965,4106,821,3621,40,587,0,897,134,759,0,
2026-01-31T14:00,10489,3850,748,3523,40,533,0,897,134,764,0,
2026-01-31T15:00,10177,3700,748,3547,40,400,4,897,132,709,0,
2026-01-31T16:00,9854,3696,611,3564,40,238,5,897,130,673,0,
2026-01-31T17:00,9883,3848,746,3520,40,56,7,881,112,673,0,
2026-01-31T18:00,11372,4126,1898,3554,40,0,8,878,126,742,0,
2026-01-31T19:00,11899,4228,2141,3711,40,0,8,883,126,762,0,সন্ধ্যা পিক
2026-01-31T19:30,11721,4381,1834,3689,40,0,10,883,120,764,0,
2026-01-31T20:00,11527,4260,1763,3681,40,0,12,887,120,764,0,
2026-01-31T21:00,11299,4316,1467,3698,40,0,8,891,122,757,0,
2026-01-31T22:00,10819,4304,1011,3676,40,0,14,897,114,763,0,
2026-01-31T23:00,10313,4263,537,3681,40,0,22,897,110,763,0,
2026-02-01T00:00,9650,4204,101,3552,40,0,30,896,102,725,0,
2026-02-01T01:00,9096,4281,0,3119,40,0,35,897,98,626,0,
2026-02-01T02:00,8532,4285,0,2650,40,0,32,897,96,532,0,
2026-02-01T03:00,8361,4246,0,2557,40,0,21,897,100,500,0,
2026-02-01T04:00,8130,4177,0,2467,40,0,24,897,96,429,0,
2026-02-01T05:00,8063,4127,0,2461,40,0,18,896,90,431,0,
2026-02-01T06:00,8373,4121,0,2680,40,0,9,897,100,526,0,
2026-02-01T07:00,9350,4287,4,3320,40,15,3,897,100,684,0,
2026-02-01T08:00,10307,4177,702,3475,40,138,6,897,106,766,0,
2026-02-01T09:00,10780,4174,925,3598,40,269,0,897,112,765,0,
2026-02-01T10:00,10935,4309,868,3480,40,460,0,897,122,759,0,
2026-02-01T11:00,11017,4260,906,3480,40,539,0,897,128,767,0,
2026-02-01T12:00,11410,4254,1065,3658,40,592,0,897,138,766,0,ডে পিক
2026-02-01T13:00,11703,4253,1165,3870,40,576,0,897,136,766,0,
2026-02-01T14:00,11384,4092,1106,3858,40,488,0,897,138,765,0,
2026-02-01T15:00,10850,4096,805,3776,40,342,3,897,124,767,0,
2026-02-01T16:00,10437,4086,594,3741,40,205,3,897,120,751,0,
2026-02-01T17:00,10457,4196,643,3749,40,55,1,897,124,752,0,
2026-02-01T18:00,11468,4235,1590,3816,40,0,2,897,136,752,0,
2026-02-01T19:00,11875,4215,2032,3810,40,0,5,897,124,752,0,সন্ধ্যা পিক
2026-02-01T19:30,11555,4241,1693,3802,40,0,6,897,124,752,0,
2026-02-01T20:00,11502,4235,1666,3776,40,0,5,897,128,755,0,
2026-02-01T21:00,11381,4241,1526,3784,40,0,8,897,130,755,0,
2026-02-01T22:00,10854,4194,1088,3755,40,0,6,897,120,754,0,
2026-02-01T23:00,10199,4184,431,3757,40,0,15,897,116,759,0,
2026-02-02T00:00,9611,4123,110,3555,40,0,22,896,104,761,0,
2026-02-02T01:00,8976,4034,0,3187,40,0,26,896,98,695,0,
2026-02-02T02:00,8641,4080,0,2886,40,0,31,897,94,613,0,
2026-02-02T03:00,8270,3964,0,2735,40,0,22,897,92,520,0,
2026-02-02T04:00,8213,3973,0,2654,40,0,35,898,92,521,0,
2026-02-02T05:00,8181,3965,0,2642,40,0,19,898,88,529,0,
2026-02-02T06:00,8484,4038,0,2830,40,0,18,897,96,565,0,
2026-02-02T07:00,9304,4219,0,3344,40,10,12,897,96,686,0,
2026-02-02T08:00,10343,4183,652,3587,40,107,6,898,104,766,0,
2026-02-02T09:00,10906,4156,1011,3662,40,263,0,898,112,764,0,
2026-02-02T10:00,10765,3891,999,3611,40,456,0,898,114,756,0,
2026-02-02T11:00,10992,4008,1038,3554,40,568,0,898,122,764,0,
2026-02-02T12:00,11375,4100,1068,3755,40,618,0,898,132,764,0,ডে পিক
2026-02-02T13:00,11491,4093,1194,3796,40,567,0,898,136,767,0,
2026-02-02T14:00,11235,3916,1199,3752,40,529,0,897,136,766,0,
2026-02-02T15:00,10986,3917,1150,3687,40,398,0,898,126,770,0,
2026-02-02T16:00,10503,3854,958,3667,40,199,0,898,124,763,0,
2026-02-02T17:00,10731,4072,1094,3671,40,64,0,898,124,768,0,
2026-02-02T18:00,11664,4196,1898,3749,40,0,0,898,138,745,0,
2026-02-02T19:00,12031,4180,2209,3808,40,0,0,897,130,767,0,সন্ধ্যা পিক
2026-02-02T19:30,11920,4185,2078,3821,40,0,0,898,130,768,0,
2026-02-02T20:00,11848,4166,2032,3820,40,0,0,897,130,763,0,
2026-02-02T21:00,11626,4180,1780,3835,40,0,0,898,126,767,0,
2026-02-02T22:00,11018,4116,1291,3790,40,0,0,898,118,765,0,
2026-02-02T23:00,10365,4097,687,3771,40,0,0,898,116,756,0,
2026-02-03T00:00,9714,4021,125,3760,40,0,0,898,114,756,0,
2026-02-03T01:00,9168,4107,43,3303,40,0,0,897,110,668,0,
2026-02-03T02:00,8812,4076,27,3055,40,0,0,898,102,614,0,
2026-02-03T03:00,8425,4056,0,2806,40,0,5,897,108,513,0,
2026-02-03T04:00,8337,4061,0,2789,40,0,3,898,98,448,0,
2026-02-03T05:00,8329,4080,0,2776,40,0,2,898,106,427,0,
2026-02-03T06:00,8541,3877,31,3082,40,0,1,898,104,508,0,
2026-02-03T07:00,8905,3453,63,3701,40,11,0,898,92,647,0,
2026-02-03T08:00,9967,3392,840,3824,40,113,0,898,100,760,0,
2026-02-03T09:00,10604,3531,1114,3838,40,328,0,898,94,761,0,
2026-02-03T10:00,10687,3513,1044,3862,40,467,0,898,106,757,0,
2026-02-03T11:00,10823,3477,1104,3857,40,591,0,898,104,752,0,
2026-02-03T12:00,11065,3457,1280,3877,40,641,0,898,116,756,0,ডে পিক
2026-02-03T13:00,11008,3559,1182,3841,40,612,1,898,120,755,0,
2026-02-03T14:00,11092,3701,1215,3816,40,543,8,898,114,757,0,
2026-02-03T15:00,11042,3920,1201,3731,40,382,0,896,114,758,0,
2026-02-03T16:00,10729,3963,1110,3681,40,211,0,896,110,718,0,
2026-02-03T17:00,10671,3963,1237,3663,40,52,0,896,102,718,0,
2026-02-03T18:00,11232,3927,1814,3687,40,0,0,896,112,756,0,
2026-02-03T19:00,11370,4183,1631,3772,40,0,0,898,94,752,0,সন্ধ্যা পিক
2026-02-03T19:30,10968,4202,1194,3773,40,0,0,898,106,755,0,
2026-02-03T20:00,10795,4162,1094,3746,40,0,0,898,102,753,0,
2026-02-03T21:00,10221,4172,492,3764,40,0,0,898,102,753,0,
2026-02-03T22:00,9835,4102,173,3768,40,0,0,898,94,760,0,
2026-02-03T23:00,9329,4047,95,3402,40,0,0,898,92,755,0,
2026-02-04T00:00,8878,4116,64,2917,40,0,0,898,88,755,0,
2026-02-04T01:00,8231,4068,45,2491,40,0,0,898,84,605,0,
2026-02-04T02:00,7845,3863,35,2502,40,0,0,898,86,421,0,
2026-02-04T03:00,7543,3619,24,2460,40,0,0,898,82,420,0,
2026-02-04T04:00,7547,3666,0,2445,40,0,0,898,76,422,0,
2026-02-04T05:00,7494,3615,0,2441,40,0,0,898,78,422,0,
2026-02-04T06:00,7380,3571,8,2375,25,0,0,898,82,421,0,
2026-02-04T07:00,7639,3780,11,2406,40,8,0,898,74,422,0,
2026-02-04T08:00,8639,4444,93,2547,40,116,0,898,78,423,0,
2026-02-04T09:00,9048,4575,115,2642,40,273,0,898,82,423,0,
2026-02-04T10:00,9161,4444,135,2735,40,396,0,898,90,423,0,
2026-02-04T11:00,9307,4449,135,2746,40,524,0,898,92,423,0,
2026-02-04T12:00,9756,4648,130,2977,40,540,0,898,100,423,0,ডে পিক
2026-02-04T13:00,10432,4724,130,3407,40,574,0,898,114,545,0,
2026-02-04T14:00,10297,4426,207,3500,40,501,0,898,110,615,0,
2026-02-04T15:00,9506,4243,234,2998,40,367,1,898,108,617,0,
2026-02-04T16:00,9100,4306,203,2817,40,212,0,898,96,528,0,
2026-02-04T17:00,9464,4476,215,3063,40,56,0,897,96,621,0,
2026-02-04T18:00,10164,4324,563,3462,40,0,0,897,108,770,0,
2026-02-04T19:00,10543,4452,600,3691,40,0,2,898,102,758,0,সন্ধ্যা পিক
2026-02-04T19:30,10467,4547,383,3736,40,0,1,898,102,760,0,
2026-02-04T20:00,10425,4561,329,3731,40,0,1,898,104,761,0,
2026-02-04T21:00,10491,4609,314,3763,40,0,0,898,108,759,0,
2026-02-04T22:00,10236,4505,178,3744,40,0,0,898,106,765,0,
2026-02-04T23:00,9811,4353,32,3620,40,0,7,898,100,761,0,
2026-02-05T00:00,9291,4348,24,3275,40,0,7,898,94,605,0,
2026-02-05T01:00,8798,4333,16,2847,40,0,7,898,86,571,0,
2026-02-05T02:00,8350,4262,0,2631,40,0,13,898,90,416,0,
2026-02-05T03:00,8070,4264,0,2338,40,0,18,898,90,422,0,
2026-02-05T04:00,7842,4043,0,2321,40,0,33,898,86,421,0,
2026-02-05T05:00,7796,4001,0,2318,40,0,35,898,82,422,0,
2026-02-05T06:00,8230,4360,0,2391,40,0,34,898,84,423,0,
2026-02-05T07:00,9317,4637,27,3007,40,19,44,897,96,550,0,
2026-02-05T08:00,10429,4591,298,3532,40,202,37,898,106,725,0,
2026-02-05T09:00,10914,4475,564,3648,40,409,15,898,104,761,0,
2026-02-05T10:00,10745,4412,465,3484,40,575,8,898,106,757,0,
2026-02-05T11:00,10801,4410,470,3425,40,671,13,898,122,752,0,
2026-02-05T12:00,11278,4456,592,3680,40,720,16,898,122,754,0,ডে পিক
2026-02-05T13:00,11572,4425,847,3745,40,712,37,898,118,750,0,
2026-02-05T14:00,11200,4432,749,3538,40,628,35,898,126,754,0,
2026-02-05T15:00,10614,4643,397,3238,40,480,41,898,122,755,0,
2026-02-05T16:00,10372,4720,284,3247,40,279,29,898,115,760,0,
2026-02-05T17:00,10455,4795,307,3446,40,72,29,898,108,760,0,
2026-02-05T18:00,11278,4734,951,3742,40,0,34,898,120,759,0,
2026-02-05T19:00,11930,4756,1529,3804,40,0,37,898,110,756,0,সন্ধ্যা পিক
2026-02-05T19:30,11728,4704,1430,3762,40,0,23,898,112,759,0,
2026-02-05T20:00,11522,4710,1226,3767,40,0,23,897,106,753,0,
2026-02-05T21:00,11283,4742,946,3762,40,0,30,898,108,757,0,
2026-02-05T22:00,10969,4669,715,3773,40,0,7,897,110,758,0,
2026-02-05T23:00,10388,4556,251,3762,40,0,15,898,108,758,0,
2026-02-06T00:00,9850,4571,24,3424,40,0,19,898,104,770,0,
2026-02-06T01:00,9207,4455,0,3062,40,0,31,898,100,621,0,
2026-02-06T02:00,8835,4451,0,2802,40,0,31,898,96,517,0,
2026-02-06T03:00,8400,4383,0,2532,40,0,38,898,94,415,0,
2026-02-06T04:00,8157,4217,0,2455,40,0,40,898,88,419,0,
2026-02-06T05:00,8086,4175,0,2422,40,0,51,898,80,420,0,
2026-02-06T06:00,8402,4437,10,2466,40,0,47,897,86,419,0,
2026-02-06T07:00,8866,4557,35,2770,40,18,46,898,84,418,0,
2026-02-06T08:00,9623,4438,110,3259,40,177,36,898,90,575,0,
2026-02-06T09:00,10074,4499,113,3468,40,365,18,898,100,573,0,
2026-02-06T10:00,9963,4316,114,3380,40,522,20,898,102,571,0,
2026-02-06T11:00,10069,4300,228,3249,40,656,27,898,98,573,0,
2026-02-06T12:00,10855,4459,441,3452,40,702,22,898,108,733,0,ডে পিক
2026-02-06T13:00,11448,4386,749,3768,40,698,19,898,130,760,0,
2026-02-06T14:00,9716,3894,144,3328,40,618,18,898,112,664,0,
2026-02-06T15:00,9089,3940,57,2893,40,470,24,898,100,667,0,
2026-02-06T16:00,8946,4100,57,2807,40,258,20,898,102,664,0,
2026-02-06T17:00,9033,4322,82,2819,40,79,23,898,106,664,0,
2026-02-06T18:00,9924,4327,861,2908,40,0,13,898,116,761,0,
2026-02-06T19:00,10669,4510,1062,3273,40,0,14,898,108,764,0,সন্ধ্যা পিক
2026-02-06T19:30,10531,4689,599,3425,40,0,10,898,114,756,0,
2026-02-06T20:00,10552,4710,547,3451,40,0,9,898,112,755,0,
2026-02-06T21:00,10434,4951,209,3435,40,0,7,898,118,757,0,
2026-02-06T22:00,10122,4731,109,3463,40,0,9,898,116,756,0,
2026-02-06T23:00,9561,4418,0,3318,40,0,14,898,114,759,0,
2026-02-07T00:00,9050,4435,0,2788,40,0,21,898,106,762,0,
2026-02-07T01:00,8590,4334,0,2502,40,0,34,898,102,680,0,
2026-02-07T02:00,8103,4255,0,2252,40,0,29,898,98,531,0,
2026-02-07T03:00,7781,4088,0,2207,40,0,27,898,90,431,0,
2026-02-07T04:00,7662,4018,0,2141,40,0,44,898,90,431,0,
2026-02-07T05:00,7571,3943,0,2108,40,0,58,898,94,430,0,
2026-02-07T06:00,8071,4253,0,2300,40,0,44,898,100,436,0,
2026-02-07T07:00,8887,4503,5,2754,40,16,37,898,100,534,0,
2026-02-07T08:00,9949,4472,213,3286,40,160,26,898,112,742,0,
2026-02-07T09:00,10376,4365,435,3396,40,350,21,897,120,752,0,
2026-02-07T10:00,10409,4239,332,3490,40,508,25,898,124,753,0,
2026-02-07T11:00,10360,4104,311,3475,40,626,19,898,130,757,0,
2026-02-07T12:00,10864,4409,332,3602,40,677,17,898,136,753,0,ডে পিক
2026-02-07T13:00,11271,4595,333,3849,40,643,23,898,134,756,0,
2026-02-07T14:00,11001,4461,330,3785,40,571,13,897,140,764,0,
2026-02-07T15:00,10593,4395,302,3621,40,430,16,898,132,759,0,
2026-02-07T16:00,10047,4333,287,3428,40,241,24,897,126,671,0,
2026-02-07T17:00,10229,4490,382,3533,40,67,23,898,126,670,0,
2026-02-07T18:00,11143,4427,1215,3678,40,0,18,898,138,729,0,
2026-02-07T19:00,11969,4549,1739,3829,40,0,21,898,136,757,0,সন্ধ্যা পিক
2026-02-07T19:30,11811,4506,1619,3846,40,0,15,898,130,757,0,
2026-02-07T20:00,11544,4484,1379,3840,40,0,14,899,132,756,0,
2026-02-07T21:00,11389,4556,1166,3849,40,0,7,898,124,749,0,
2026-02-07T22:00,10870,4439,800,3811,40,0,8,898,114,760,0,
2026-02-07T23:00,10168,4478,35,3823,40,0,13,898,112,769,0,
2026-02-08T00:00,9704,4414,9,3456,40,0,22,898,106,759,0,
2026-02-08T01:00,9175,4369,0,3114,40,0,24,898,96,634,0,
2026-02-08T02:00,8578,4280,0,2734,40,0,40,898,94,492,0,
2026-02-08T03:00,8308,4215,0,2569,40,0,49,898,104,433,0,
2026-02-08T04:00,8045,4068,0,2464,40,0,47,898,96,432,0,
2026-02-08T05:00,7997,4092,0,2400,40,0,44,898,94,429,0,
2026-02-08T06:00,8508,4405,0,2601,40,0,40,898,92,432,0,
2026-02-08T07:00,9465,4697,5,3082,40,19,38,898,98,588,0,
2026-02-08T08:00,10585,4250,696,3634,40,156,30,898,122,759,0,
2026-02-08T09:00,11040,4158,939,3756,40,342,24,898,122,761,0,
2026-02-08T10:00,10913,4103,686,3766,40,511,19,898,126,764,0,
2026-02-08T11:00,10982,4077,680,3763,40,617,18,898,130,759,0,
2026-02-08T12:00,11421,4354,820,3748,40,662,10,898,138,751,0,ডে পিক
2026-02-08T13:00,11809,4571,980,3767,40,654,9,898,138,752,0,
2026-02-08T14:00,11286,4444,725,3767,0,549,7,898,140,756,0,
2026-02-08T15:00,10814,4348,493,3754,0,423,14,898,128,756,0,
2026-02-08T16:00,10492,4254,485,3714,0,250,14,897,128,750,0,
2026-02-08T17:00,10398,4334,493,3693,40,68,9,898,120,743,0,
2026-02-08T18:00,11235,4282,1444,3686,40,0,8,898,130,747,0,
2026-02-08T19:00,12017,4520,1919,3759,40,0,11,898,124,746,0,সন্ধ্যা পিক
2026-02-08T19:30,11696,4476,1677,3726,40,0,11,898,124,744,0,
2026-02-08T20:00,11505,4485,1450,3752,40,0,8,898,128,744,0,
2026-02-08T21:00,11379,4530,1280,3759,40,0,8,898,132,732,0,
2026-02-08T22:00,10882,4505,818,3753,40,0,8,898,126,731,0,
2026-02-08T23:00,10305,4458,284,3747,40,0,26,898,118,734,0,
2026-02-09T00:00,9707,4446,45,3369,40,0,24,898,114,761,0,
2026-02-09T01:00,9070,4449,0,2904,40,0,32,898,100,647,0,
2026-02-09T02:00,8743,2474,0,2768,40,0,58,898,102,603,0,
2026-02-09T03:00,8312,3960,0,2625,40,0,37,898,94,658,0,
2026-02-09T04:00,8047,3639,0,2545,40,0,27,901,90,805,0,
2026-02-09T05:00,7948,3591,0,2436,40,0,28,901,96,856,0,
2026-02-09T06:00,8312,3827,0,2562,40,0,29,901,102,851,0,
2026-02-09T07:00,9492,4203,18,3164,40,17,24,901,106,1019,0,
2026-02-09T08:00,10560,4247,240,3614,40,149,21,901,104,1244,0,
2026-02-09T09:00,10808,4182,270,3708,40,331,10,901,110,1256,0,
2026-02-09T10:00,10690,4232,228,3490,40,496,8,901,122,1173,0,
2026-02-09T11:00,10827,4378,229,3379,40,602,6,901,118,1174,0,
2026-02-09T12:00,11334,4672,241,3462,40,629,4,900,130,1256,0,ডে পিক
2026-02-09T13:00,11780,4755,302,3715,40,607,0,902,134,1325,0,
2026-02-09T14:00,11337,4728,192,3524,40,521,4,901,128,1299,0,
2026-02-09T15:00,10891,4697,197,3391,40,372,4,900,126,1164,0,
2026-02-09T16:00,10331,4634,193,3166,40,198,9,901,108,1082,0,
2026-02-09T17:00,10456,4806,208,3178,40,59,4,901,106,1154,0,
2026-02-09T18:00,11115,4649,632,3433,40,0,0,901,130,1330,0,
2026-02-09T19:00,11745,4742,775,3720,40,0,0,901,128,1439,0,সন্ধ্যা পিক
2026-02-09T19:30,11465,4767,413,3763,40,0,1,901,130,1450,0,
2026-02-09T20:00,11329,4802,267,3754,40,0,1,901,120,1444,0,
2026-02-09T21:00,11252,4793,179,3768,40,0,0,901,122,1449,0,
2026-02-09T22:00,10945,4631,143,3655,40,0,0,900,118,1458,0,
2026-02-09T23:00,10265,4545,111,3223,40,0,0,901,114,1331,0,
2026-02-10T00:00,9682,4513,49,2899,40,0,0,901,116,1164,0,
2026-02-10T01:00,9075,4412,17,2626,40,0,0,901,104,975,0,
2026-02-10T02:00,8499,4203,0,2402,40,0,6,901,104,843,0,
2026-02-10T03:00,8106,4179,0,2039,40,0,7,901,100,840,0,
2026-02-10T04:00,8062,4139,0,2030,40,0,13,901,92,847,0,
2026-02-10T05:00,7868,3953,0,2028,40,0,6,901,96,844,0,
2026-02-10T06:00,8196,4188,0,2117,40,0,16,901,94,840,0,
2026-02-10T07:00,9118,4455,28,2520,40,15,20,901,94,1045,0,
2026-02-10T08:00,9984,4460,111,2942,40,135,25,901,100,1270,0,
2026-02-10T09:00,10073,4394,114,2930,40,305,9,901,108,1272,0,
2026-02-10T10:00,10072,4399,119,2930,40,425,3,901,110,1118,0,
2026-02-10T11:00,10103,4468,125,2862,40,553,9,901,112,1033,0,
2026-02-10T12:00,10582,4699,148,2991,40,601,1,901,114,1087,0,ডে পিক
2026-02-10T13:00,11047,4714,161,3248,40,580,0,901,128,1275,0,
2026-02-10T14:00,10867,4572,278,3103,40,509,8,901,124,1332,0,
2026-02-10T15:00,9990,4473,98,2834,40,382,4,901,116,1142,0,
2026-02-10T16:00,9502,4424,82,2702,40,212,4,900,114,1024,0,
2026-02-10T17:00,9548,4469,82,2760,40,61,1,901,124,1126,0,
2026-02-10T18:00,10184,4546,319,2987,40,0,3,901,124,1264,0,
2026-02-10T19:00,10766,4748,121,3462,40,0,0,901,124,1370,0,সন্ধ্যা পিক
2026-02-10T19:30,10635,4883,68,3366,40,0,0,901,114,1263,0,
2026-02-10T20:00,10599,4985,48,3281,40,0,0,901,118,1226,0,
2026-02-10T21:00,10347,4950,24,3189,40,0,0,901,114,1129,0,
2026-02-10T22:00,9983,4871,0,3074,40,0,0,901,118,979,0,
2026-02-10T23:00,9419,4669,0,2800,40,0,0,901,110,899,0,
2026-02-11T00:00,8941,4561,0,2506,40,0,1,901,104,828,0,
2026-02-11T01:00,8402,4297,0,2230,40,0,6,901,106,822,0,
2026-02-11T02:00,7994,3901,0,2220,35,0,9,901,100,828,0,
2026-02-11T03:00,7669,3574,0,2216,40,0,18,900,94,827,0,
2026-02-11T04:00,7339,3293,0,2216,0,0,16,899,86,829,0,
2026-02-11T05:00,7195,3234,0,2220,0,0,16,805,90,830,0,
2026-02-11T06:00,7404,3365,0,2219,0,0,9,891,90,830,0,
2026-02-11T07:00,7834,3736,2,2241,0,15,15,899,94,832,0,
2026-02-11T08:00,8916,4492,110,2285,40,156,14,899,92,828,0,
2026-02-11T09:00,9109,4516,115,2280,40,337,10,899,88,824,0,
2026-02-11T10:00,8903,4165,115,2272,40,494,1,898,98,820,0,
2026-02-11T11:00,8962,4095,112,2308,40,592,0,899,92,824,0,
2026-02-11T12:00,9557,4518,110,2424,40,640,0,899,100,826,0,ডে পিক
2026-02-11T13:00,10163,4755,112,2763,40,614,0,899,116,864,0,
2026-02-11T14:00,9961,4705,112,2690,40,569,0,899,112,834,0,
2026-02-11T15:00,8852,4079,84,2443,40,436,6,899,28,837,0,
2026-02-11T16:00,8068,3632,24,2352,40,251,6,898,28,837,0,
2026-02-11T17:00,8108,3853,24,2360,40,67,6,899,20,839,0,
2026-02-11T18:00,8878,4393,110,2574,40,0,3,898,24,836,0,
2026-02-11T19:00,9533,4966,104,2665,40,0,6,898,20,834,0,সন্ধ্যা পিক
2026-02-11T19:30,9275,4908,45,2527,40,0,5,898,20,832,0,
2026-02-11T20:00,9180,4950,45,2405,40,0,1,899,18,822,0,
2026-02-11T21:00,9034,4868,8,2374,40,0,0,898,20,826,0,
2026-02-11T22:00,8628,4683,0,2162,40,0,0,899,18,826,0,
2026-02-11T23:00,7950,4019,0,2147,40,0,0,899,18,827,0,
2026-02-12T00:00,7432,3671,0,2015,0,0,0,899,20,827,0,
2026-02-12T01:00,6521,3295,0,1718,0,0,0,660,14,834,0,
2026-02-12T02:00,6317,3456,0,1432,0,0,1,589,16,823,0,
2026-02-12T03:00,6273,3571,0,1439,0,0,6,417,14,826,0,
2026-02-12T04:00,6080,3552,0,1440,0,0,6,240,14,828,0,
2026-02-12T05:00,6014,3489,0,1439,0,0,10,240,12,824,0,
2026-02-12T06:00,6194,3659,0,1441,0,0,16,240,14,824,0,
2026-02-12T07:00,6721,4162,0,1442,0,15,26,238,14,824,0,
2026-02-12T08:00,7654,4557,64,1742,40,156,18,240,14,823,0,
2026-02-12T09:00,7261,4105,106,1589,40,330,15,239,14,823,0,ডে পিক
2026-02-12T10:00,6845,3721,64,1434,40,499,10,241,14,822,0,
2026-02-12T11:00,6793,3623,64,1441,0,577,8,242,14,824,0,
2026-02-12T12:00,7180,3936,64,1460,0,618,16,242,16,828,0,
2026-02-12T13:00,7777,4541,64,1460,0,601,21,242,18,830,0,
2026-02-12T14:00,7562,4404,64,1449,0,548,13,242,18,824,0,
2026-02-12T15:00,6512,3607,35,1433,0,350,16,242,14,815,0,
2026-02-12T16:00,5870,3240,16,1437,0,161,17,171,14,814,0,
2026-02-12T17:00,6110,3505,38,1438,0,45,11,241,14,818,0,
2026-02-12T18:00,7593,4465,101,1434,40,0,8,710,16,819,0,
2026-02-12T19:00,8261,4924,64,1622,40,0,12,711,16,872,0,সন্ধ্যা পিক
2026-02-12T19:30,8141,4972,43,1533,40,0,10,711,16,816,0,
2026-02-12T20:00,8135,5001,43,1498,40,0,9,711,16,817,0,
2026-02-12T21:00,8142,5001,43,1505,40,0,9,711,16,817,0,
2026-02-12T22:00,7861,4768,8,1492,40,0,7,711,16,819,0,
2026-02-12T23:00,7303,4287,0,1432,40,0,8,700,16,820,0,
2026-02-13T00:00,6736,3719,0,1429,40,0,12,700,14,822,0,
2026-02-13T01:00,6179,3556,0,1253,0,0,24,513,14,819,0,
2026-02-13T02:00,5999,3551,0,1260,0,0,31,324,14,819,0,
2026-02-13T03:00,5846,3401,0,1260,0,0,45,306,14,820,0,
2026-02-13T04:00,5615,3262,0,1262,0,0,29,231,12,819,0,
2026-02-13T05:00,5563,3216,0,1263,0,0,21,231,12,820,0,
2026-02-13T06:00,5923,3539,0,1295,0,0,24,230,14,821,0,
2026-02-13T07:00,6588,4061,12,1401,0,16,33,230,14,821,0,
2026-02-13T08:00,8037,5011,85,1647,40,170,20,231,14,819,0,
2026-02-13T09:00,8662,5259,93,1842,40,354,10,230,16,818,0,
2026-02-13T10:00,8563,5005,93,1827,40,515,15,231,18,819,0,
2026-02-13T11:00,8703,5028,93,1862,40,597,5,231,30,817,0,
2026-02-13T12:00,9614,5071,112,2000,40,662,3,699,32,995,0,ডে পিক
2026-02-13T13:00,10384,5292,147,2266,40,641,7,700,28,1263,0,
2026-02-13T14:00,8902,4792,112,1936,40,543,12,235,60,1202,0,
2026-02-13T15:00,7964,4422,64,1671,40,393,15,230,28,1101,0,
2026-02-13T16:00,7568,4497,43,1549,40,251,7,230,28,923,0,
2026-02-13T17:00,7761,4748,43,1603,40,67,6,231,28,995,0,
2026-02-13T18:00,9082,5276,110,1769,40,0,3,794,30,1060,0,
2026-02-13T19:00,9773,5340,110,2164,40,0,3,795,30,1291,0,সন্ধ্যা পিক
2026-02-13T19:30,9698,5177,70,2267,40,0,0,794,28,1322,0,
2026-02-13T20:00,9565,5101,49,2277,40,0,0,795,28,1275,0,
2026-02-13T21:00,9429,5240,0,2295,40,0,0,794,28,1032,0,
2026-02-13T22:00,9240,5214,0,2243,40,0,0,795,28,920,0,
2026-02-13T23:00,8676,5073,0,1902,40,0,0,795,20,846,0,
2026-02-14T00:00,8138,4738,0,1715,40,0,1,794,26,824,0,
2026-02-14T01:00,7462,4486,0,1468,40,0,7,607,30,824,0,
2026-02-14T02:00,7202,4430,0,1456,40,0,14,418,20,824,0,
2026-02-14T03:00,6915,4324,0,1454,40,0,21,237,16,823,0,
2026-02-14T04:00,6719,4122,0,1442,40,0,33,237,20,825,0,
2026-02-14T05:00,6733,4126,0,1457,40,0,25,236,22,827,0,
2026-02-14T06:00,7162,4344,0,1474,40,0,24,429,24,827,0,
2026-02-14T07:00,8221,5001,21,1660,40,21,14,618,22,824,0,
2026-02-14T08:00,9533,5114,119,2089,40,187,17,768,18,1181,0,
2026-02-14T09:00,10184,5127,223,2229,40,383,7,826,22,1327,0,
2026-02-14T10:00,10370,5135,259,2224,40,552,5,901,32,1222,0,
2026-02-14T11:00,10565,5254,244,2259,40,649,9,900,28,1182,0,
2026-02-14T12:00,11010,5314,272,2524,40,693,6,901,28,1232,0,ডে পিক
2026-02-14T13:00,11527,5183,453,2727,40,682,12,901,134,1395,0,
2026-02-14T14:00,11113,4882,411,2736,40,607,26,900,140,1371,0,
2026-02-14T15:00,10503,4772,301,2611,40,466,20,901,128,1264,0,
2026-02-14T16:00,10135,4817,302,2542,40,266,19,901,116,1132,0,
2026-02-14T17:00,10091,4858,326,2534,40,78,12,901,118,1224,0,
2026-02-14T18:00,10868,4708,1050,2658,40,0,0,900,130,1372,0,
2026-02-14T19:00,11725,4730,1658,2991,40,0,8,712,126,1460,0,সন্ধ্যা পিক
2026-02-14T19:30,11105,4989,680,3090,40,0,8,712,126,1460,0,
2026-02-14T20:00,11092,4919,622,3225,40,0,6,712,118,1450,0,
2026-02-14T21:00,10855,4908,301,3320,40,0,5,712,114,1455,0,
2026-02-14T22:00,10670,4829,204,3159,40,0,4,900,110,1424,0,
2026-02-14T23:00,9952,4750,96,2835,40,0,5,900,112,1214,0,
2026-02-15T00:00,9294,4809,0,2503,40,0,9,901,106,926,0,
2026-02-15T01:00,8666,4678,0,2115,40,0,13,901,94,825,0,
2026-02-15T02:00,8339,4483,0,1979,40,0,18,901,100,818,0,
2026-02-15T03:00,8052,4202,0,1972,40,0,24,900,98,816,0,
2026-02-15T04:00,7759,3927,0,1964,40,0,18,901,90,819,0,
2026-02-15T05:00,7691,3896,0,1924,40,0,18,901,92,820,0,
2026-02-15T06:00,8112,4051,0,2087,40,0,13,901,98,922,0,
2026-02-15T07:00,9154,4427,42,2503,40,21,8,901,92,1120,0,
2026-02-15T08:00,10335,4660,230,2966,40,183,11,759,104,1382,0,
2026-02-15T09:00,10352,4278,222,3079,40,358,2,898,116,1359,0,
2026-02-15T10:00,10835,4378,313,3185,40,536,1,899,120,1363,0,
2026-02-15T11:00,11085,4343,366,3294,40,648,3,899,124,1368,0,
2026-02-15T12:00,11642,4411,563,3449,40,696,3,899,130,1451,0,ডে পিক
2026-02-15T13:00,11978,4380,855,3531,40,679,11,898,132,1452,0,
2026-02-15T14:00,11622,4272,734,3490,60,605,10,899,140,1412,0,
2026-02-15T15:00,11067,4178,557,3428,75,460,16,899,128,1326,0,
2026-02-15T16:00,10794,4225,554,3347,75,286,15,899,128,1265,0,
2026-02-15T17:00,10642,4411,557,3282,75,79,6,899,114,1219,0,
2026-02-15T18:00,11417,4394,1195,3419,75,0,1,899,132,1302,0,
2026-02-15T19:00,12211,4438,1722,3488,75,0,1,899,122,1466,0,সন্ধ্যা পিক
2026-02-15T19:30,11877,4448,1371,3500,75,0,1,899,118,1465,0,
2026-02-15T20:00,11788,4434,1291,3506,75,0,0,899,120,1463,0,
2026-02-15T21:00,11488,4424,990,3524,75,0,0,899,116,1460,0,
2026-02-15T22:00,11065,4239,753,3512,75,0,0,899,118,1469,0,
2026-02-15T23:00,10408,4176,244,3432,75,0,0,899,116,1466,0,
2026-02-16T00:00,9820,4100,188,3233,75,0,4,899,104,1217,0,
2026-02-16T01:00,9238,4118,148,2867,75,0,7,899,102,1022,0,
2026-02-16T02:00,8853,4110,95,2683,75,0,14,898,98,880,0,
2026-02-16T03:00,8459,4029,52,2471,75,0,15,898,94,825,0,
2026-02-16T04:00,8214,3963,32,2304,75,0,23,899,92,826,0,
2026-02-16T05:00,8152,3968,0,2272,75,0,20,899,92,826,0,
2026-02-16T06:00,8644,4158,54,2428,75,0,11,899,96,923,0,
2026-02-16T07:00,9519,4167,127,2989,75,22,13,899,102,1125,0,
2026-02-16T08:00,10648,4226,522,3471,75,164,7,758,106,1319,0,
2026-02-16T09:00,11004,4036,744,3524,75,340,4,875,96,1310,0,
2026-02-16T10:00,10964,3901,679,3469,75,521,2,899,98,1320,0,
2026-02-16T11:00,11152,3857,680,3598,75,621,4,899,100,1318,0,
2026-02-16T12:00,11775,4058,730,3783,75,654,7,900,110,1458,0,ডে পিক
2026-02-16T13:00,11860,4164,629,3897,75,645,9,900,94,1447,0,
2026-02-16T14:00,11429,4108,428,3919,75,556,10,900,102,1331,0,
2026-02-16T15:00,10998,3965,300,3966,75,410,17,899,96,1270,0,
2026-02-16T16:00,10873,4065,303,3968,75,233,9,900,94,1226,0,
2026-02-16T17:00,10979,4060,369,4083,80,71,7,900,96,1313,0,
2026-02-16T18:00,11540,4088,867,4167,80,0,9,900,118,1311,0,
2026-02-16T19:00,12419,4167,1310,4392,84,0,6,900,118,1442,0,সন্ধ্যা পিক
2026-02-16T19:30,12189,4194,1037,4417,84,0,4,900,112,1441,0,
2026-02-16T20:00,11902,4135,819,4410,84,0,1,900,110,1443,0,
2026-02-16T21:00,11693,4206,518,4419,86,0,4,900,110,1450,0,
2026-02-16T22:00,11268,4253,323,4289,75,0,8,900,100,1320,0,
2026-02-16T23:00,10653,4110,215,4035,75,0,7,899,98,1214,0,
2026-02-17T00:00,10096,4198,164,3543,75,0,8,900,88,1120,0,
2026-02-17T01:00,9407,4269,78,3065,75,0,9,900,88,923,0,
2026-02-17T02:00,8986,4001,78,3000,75,0,18,899,82,833,0,
2026-02-17T03:00,8585,3829,53,2805,75,0,14,900,82,827,0,
2026-02-17T04:00,8429,3673,53,2790,75,0,24,900,84,830,0,
2026-02-17T05:00,8341,3597,53,2788,75,0,12,900,86,830,0,
2026-02-17T06:00,8715,3717,77,3016,75,0,14,899,86,831,0,
2026-02-17T07:00,9665,4069,77,3580,75,23,16,900,92,833,0,
2026-02-17T08:00,10779,4260,308,3975,75,168,8,899,98,988,0,
2026-02-17T09:00,11180,4236,352,4125,75,359,6,899,104,1024,0,
2026-02-17T10:00,11127,4129,317,4062,75,528,5,900,88,1023,0,
2026-02-17T11:00,11265,4121,338,4119,35,639,1,900,88,1024,0,
2026-02-17T12:00,11761,4258,437,4121,35,684,0,900,94,1232,0,ডে পিক
2026-02-17T13:00,12126,4350,470,4305,35,658,0,900,96,1312,0,
2026-02-17T14:00,11884,4366,475,4117,70,588,0,900,102,1266,0,
2026-02-17T15:00,11511,4228,489,4038,70,450,3,901,104,1228,0,
2026-02-17T16:00,11146,4204,488,3941,70,274,3,900,102,1164,0,
2026-02-17T17:00,11122,4286,569,3961,70,82,3,900,94,1157,0,
2026-02-17T18:00,11693,4278,917,4131,70,0,2,900,70,1271,0,
2026-02-17T19:00,12494,4458,1159,4361,70,0,2,900,116,1428,0,সন্ধ্যা পিক
2026-02-17T19:30,12237,4526,824,4410,70,0,1,901,114,1391,0,
2026-02-17T20:00,12027,4583,552,4431,70,0,1,900,116,1374,0,
2026-02-17T21:00,11910,4639,434,4443,70,0,1,899,114,1310,0,
2026-02-17T22:00,11419,4546,365,4172,70,0,0,900,104,1262,0,
2026-02-17T23:00,10766,4517,195,3882,70,0,0,900,106,1096,0,
2026-02-18T00:00,10193,4450,161,3558,70,0,0,900,102,952,0,
2026-02-18T01:00,9580,4368,161,3147,70,0,3,900,98,833,0,
2026-02-18T02:00,9194,4018,161,3111,70,0,3,900,96,835,0,
2026-02-18T03:00,8728,3590,117,3116,70,0,6,900,94,835,0,
2026-02-18T04:00,8615,3550,67,3095,70,0,9,900,90,834,0,
2026-02-18T05:00,8392,3370,66,3053,70,0,12,899,88,834,0,
2026-02-18T06:00,8918,3661,77,3212,70,0,3,900,86,909,0,
2026-02-18T07:00,9765,3859,78,3677,70,22,0,900,94,1065,0,
2026-02-18T08:00,10929,3964,291,4283,70,192,0,758,108,1263,0,
2026-02-18T09:00,11333,3968,391,4362,70,388,0,784,108,1262,0,
2026-02-18T10:00,11301,3954,337,4112,70,551,0,900,112,1265,0,
2026-02-18T11:00,11468,4002,337,4100,75,662,0,900,114,1278,0,
2026-02-18T12:00,11866,4034,371,4324,40,696,0,900,124,1377,0,ডে পিক
2026-02-18T13:00,12209,4078,577,4471,40,657,0,900,114,1372,0,
2026-02-18T14:00,12130,4102,477,4472,75,599,1,900,126,1378,0,
2026-02-18T15:00,11895,4247,410,4365,75,460,0,900,118,1320,0,
2026-02-18T16:00,11248,4016,418,4223,75,273,0,899,114,1230,0,
2026-02-18T17:00,11153,3852,555,4264,75,81,0,899,112,1315,0,
2026-02-18T18:00,12097,3955,1242,4346,75,0,0,891,126,1462,0,
2026-02-18T19:00,12934,4408,1621,4379,75,0,0,890,110,1451,0,সন্ধ্যা পিক
2026-02-18T19:30,12766,4167,1716,4347,75,0,0,890,118,1453,0,
2026-02-18T20:00,12607,4054,1684,4338,75,0,0,891,118,1447,0,
2026-02-18T21:00,12171,4019,1248,4363,75,0,0,890,116,1460,0,
2026-02-18T22:00,11945,4181,854,4381,75,0,0,890,116,1448,0,
2026-02-18T23:00,11348,4097,399,4327,75,0,0,891,106,1453,0,
2026-02-19T00:00,10584,4133,167,4045,75,0,0,890,98,1176,0,
2026-02-19T01:00,9797,4137,145,3492,75,0,0,900,90,958,0,
2026-02-19T02:00,9521,4193,127,3270,75,0,0,900,92,864,0,
2026-02-19T03:00,10190,4381,177,3610,75,0,0,900,88,959,0,
2026-02-19T04:00,10703,4692,233,3690,75,0,2,900,104,1007,0,
2026-02-19T05:00,9369,4202,177,3096,75,0,0,900,96,823,0,
2026-02-19T06:00,8501,3852,127,2791,75,0,1,758,76,821,0,
2026-02-19T07:00,8717,3921,102,2794,75,23,0,899,82,821,0,
2026-02-19T08:00,9383,4484,171,2803,75,182,0,759,88,821,0,
2026-02-19T09:00,10497,5175,216,2839,75,373,0,899,102,818,0,
2026-02-19T10:00,11029,5388,266,2937,75,539,0,899,106,819,0,
2026-02-19T11:00,11454,5359,314,3147,75,652,0,900,116,891,0,
2026-02-19T12:00,11894,5216,341,3567,75,630,0,900,122,1043,0,ডে পিক
2026-02-19T13:00,12370,5080,347,4029,75,662,0,900,126,1151,0,
2026-02-19T14:00,12432,4965,371,4198,75,570,0,900,128,1225,0,
2026-02-19T15:00,11965,4784,371,4041,75,454,0,899,118,1223,0,
2026-02-19T16:00,11883,4954,358,4034,75,221,0,899,120,1222,0,
2026-02-19T17:00,12148,5034,445,4185,75,58,0,900,120,1331,0,
2026-02-19T18:00,11144,4401,564,3826,75,0,0,900,94,1284,0,
2026-02-19T19:00,11653,4503,662,4048,75,0,0,900,114,1351,0,
2026-02-19T19:30,11786,4651,504,4147,75,0,0,900,112,1370,0,সন্ধ্যা পিক
2026-02-19T20:00,11685,4662,408,4172,75,0,0,899,106,1363,0,
2026-02-19T21:00,11607,5017,288,4066,75,0,0,899,110,1152,0,
2026-02-19T22:00,11518,5031,267,4004,75,0,0,900,106,1135,0,
2026-02-19T23:00,10942,4732,194,3893,75,0,0,900,104,1044,0,
2026-02-20T00:00,10240,4595,138,3534,75,0,0,900,90,908,0,
2026-02-20T01:00,9742,4364,125,3370,75,0,0,900,90,818,0,
2026-02-20T02:00,9418,4186,123,3220,75,0,0,900,94,820,0,
2026-02-20T03:00,9723,4475,146,3220,75,0,2,899,82,824,0,
2026-02-20T04:00,10667,4961,265,3453,75,0,0,899,92,922,0,
2026-02-20T05:00,9616,4516,144,3064,75,0,1,899,88,829,0,
2026-02-20T06:00,8588,3793,68,2847,75,0,0,899,82,824,0,
2026-02-20T07:00,8411,3658,68,2783,75,24,0,900,78,825,0,
2026-02-20T08:00,8811,4041,68,2811,75,146,2,758,84,826,0,
2026-02-20T09:00,9418,4374,68,2855,75,369,5,757,90,825,0,
2026-02-20T10:00,9801,4524,96,2793,75,485,0,899,100,829,0,
2026-02-20T11:00,10193,4920,119,2685,75,557,0,899,112,826,0,
2026-02-20T12:00,10876,4879,203,3023,75,611,3,899,124,1059,0,ডে পিক
2026-02-20T13:00,11496,4720,329,3540,75,630,3,898,132,1169,0,
2026-02-20T14:00,10204,4145,209,3256,75,530,2,899,114,974,0,
2026-02-20T15:00,10447,4499,219,3212,75,431,1,898,116,996,0,
2026-02-20T16:00,10811,4986,272,3304,75,240,0,898,116,920,0,
2026-02-20T17:00,11105,5000,341,3577,75,76,0,898,120,1018,0,
2026-02-20T18:00,10473,3966,541,3771,75,0,3,898,100,1119,0,
2026-02-20T19:00,11037,4738,382,3756,75,0,0,899,110,1077,0,
2026-02-20T19:30,11217,4983,262,3802,75,0,2,899,110,1084,0,
2026-02-20T20:00,11182,5071,271,3737,75,0,1,899,110,1018,0,
2026-02-20T21:00,11264,5244,209,3793,75,0,0,899,114,930,0,সন্ধ্যা পিক
2026-02-20T22:00,11140,5175,203,3774,75,0,1,899,118,895,0,
2026-02-20T23:00,10467,4952,134,3475,75,0,3,898,104,826,0,
2026-02-21T00:00,9972,4676,117,3279,75,0,1,898,102,824,0,
2026-02-21T01:00,9418,103,103,3028,75,0,3,898,98,825,0,
2026-02-21T02:00,9126,4083,100,3032,75,0,16,898,96,826,0,
2026-02-21T03:00,9346,4265,101,3076,75,0,9,899,94,827,0,
2026-02-21T04:00,10487,5195,217,3160,75,0,5,898,108,829,0,
2026-02-21T05:00,9505,4630,151,2810,75,0,8,898,106,827,0,
2026-02-21T06:00,8277,3685,77,2611,75,0,16,899,90,824,0,
2026-02-21T07:00,8168,3614,64,2586,75,23,11,892,76,827,0,
2026-02-21T08:00,8655,4115,68,2597,75,138,8,749,80,825,0,
2026-02-21T09:00,9326,4500,78,2604,75,291,1,866,86,825,0,
2026-02-21T10:00,9944,4756,95,2795,75,439,0,857,100,827,0,
2026-02-21T11:00,10176,4758,95,2920,75,538,1,858,104,827,0,
2026-02-21T12:00,10626,4939,97,3065,75,656,3,857,108,826,0,ডে পিক
2026-02-21T13:00,11293,5245,114,3317,75,636,10,857,112,927,0,
2026-02-21T14:00,11323,5015,134,3551,75,529,11,858,114,1036,0,
2026-02-21T15:00,10880,4859,139,3464,75,407,14,857,104,961,0,
2026-02-21T16:00,10835,4953,145,3478,75,235,10,857,104,978,0,
2026-02-21T17:00,11248,5288,279,3481,75,86,7,857,108,1067,0,
2026-02-21T18:00,10793,4679,454,3459,75,0,4,857,102,1163,0,
2026-02-21T19:00,11373,5139,471,3551,75,0,5,857,110,1165,0,সন্ধ্যা পিক
2026-02-21T19:30,11371,5207,323,3620,75,0,4,857,118,1167,0,
2026-02-21T20:00,11337,5224,267,3619,75,0,1,857,118,1176,0,
2026-02-21T21:00,11309,5307,201,3581,75,0,0,857,118,1170,0,
2026-02-21T22:00,11209,5270,166,3557,75,0,0,856,114,1171,0,
2026-02-21T23:00,10627,5210,78,3344,75,0,0,857,108,955,0,
2026-02-22T00:00,9936,5042,53,2978,75,0,1,857,108,822,0,
2026-02-22T01:00,9543,4668,53,2957,75,0,7,857,102,824,0,
2026-02-22T02:00,9159,4262,76,2965,75,0,7,857,92,825,0,
2026-02-22T03:00,9463,4484,155,2960,75,0,14,857,92,826,0,
2026-02-22T04:00,10520,5276,244,3083,75,0,11,857,100,874,0,
2026-02-22T05:00,9272,4749,43,2612,75,0,14,857,96,826,0,
2026-02-22T06:00,8468,4179,33,2408,75,0,6,857,84,826,0,
2026-02-22T07:00,8748,4403,33,2433,75,24,5,857,88,830,0,
2026-02-22T08:00,9727,5021,83,2756,75,147,10,715,92,828,0,
2026-02-22T09:00,10528,5124,118,3049,75,330,6,806,98,922,0,
2026-02-22T10:00,11032,5166,211,3220,75,464,4,857,110,925,0,
2026-02-22T11:00,11303,4980,267,3398,75,572,9,857,120,1025,0,
2026-02-22T12:00,11712,5034,307,3644,75,636,9,858,124,1025,0,ডে পিক
2026-02-22T13:00,12212,5157,340,3879,75,632,8,858,140,1123,0,
2026-02-22T14:00,12278,5175,378,3982,75,541,9,857,146,1115,0,
2026-02-22T15:00,11933,5124,340,3958,75,413,10,857,136,1020,0,
2026-02-22T16:00,11951,5136,350,3980,75,242,10,857,132,1169,0,
2026-02-22T17:00,12091,4886,619,3987,75,77,10,857,132,1448,0,
2026-02-22T18:00,11747,4441,902,3906,75,0,10,857,114,1442,0,
2026-02-22T19:00,11980,4831,724,3910,75,0,8,859,130,1443,0,
2026-02-22T19:30,12068,4945,579,4026,75,0,2,859,132,1450,0,সন্ধ্যা পিক
2026-02-22T20:00,11919,4998,372,4040,75,0,0,859,130,1445,0,
2026-02-22T21:00,12037,5277,337,4044,75,0,3,859,130,1312,0,
2026-02-22T22:00,11876,5265,253,3962,75,0,5,860,124,1332,0,
2026-02-22T23:00,11402,5045,113,3955,75,0,8,860,122,1224,0,
2026-02-23T00:00,10819,4959,77,3708,75,0,10,861,116,1013,0,
2026-02-23T01:00,10236,4891,77,3290,75,0,13,860,108,922,0,
2026-02-23T02:00,9896,4610,78,3237,75,0,11,860,104,921,0,
2026-02-23T03:00,10164,4642,185,3363,75,0,17,860,102,920,0,
2026-02-23T04:00,10992,5194,197,3525,75,0,16,860,112,1013,0,
2026-02-23T05:00,9800,4866,66,2863,75,0,20,860,114,936,0,
2026-02-23T06:00,8932,4484,16,2562,75,0,19,860,100,816,0,
2026-02-23T07:00,9132,4842,16,2361,75,22,32,861,98,825,0,
2026-02-23T08:00,9907,5053,57,2712,75,151,17,719,102,1021,0,
2026-02-23T09:00,10655,5139,114,3044,75,300,8,839,116,1020,0,
2026-02-23T10:00,10993,5054,145,3154,75,455,3,861,118,1128,0,
2026-02-23T11:00,11375,5041,198,3298,75,557,6,861,124,1215,0,
2026-02-23T12:00,11546,4981,264,3307,75,591,6,861,140,1321,0,ডে পিক
2026-02-23T13:00,12231,4995,662,3563,75,606,6,861,142,1321,0,
2026-02-23T14:00,12498,4975,772,3831,75,527,6,861,128,1323,0,
2026-02-23T15:00,12040,4764,648,3869,75,420,1,861,140,1262,0,
2026-02-23T16:00,12026,5010,685,3759,75,233,2,861,134,1267,0,
2026-02-23T17:00,12237,5140,827,3865,75,73,3,861,128,1265,0,
2026-02-23T18:00,11734,4502,920,3851,75,0,6,861,122,1397,0,
2026-02-23T19:00,12106,5038,761,3865,75,0,3,861,128,1375,0,
2026-02-23T19:30,12156,5060,627,3957,75,0,7,861,126,1443,0,সন্ধ্যা পিক
2026-02-23T20:00,12138,5062,545,3988,75,0,7,861,132,1468,0,
2026-02-23T21:00,12113,5091,511,3994,75,0,2,861,126,1453,0,
2026-02-23T22:00,11911,5056,337,3995,75,0,0,862,130,1456,0,
2026-02-23T23:00,11408,4969,158,3896,75,0,1,861,120,1328,0,
2026-02-24T00:00,10811,4946,135,3562,75,0,3,861,112,1117,0,
2026-02-24T01:00,10372,4740,118,3426,75,0,9,861,116,1027,0,
2026-02-24T02:00,9998,4424,118,3361,75,0,15,861,114,1030,0,
2026-02-24T03:00,10173,4547,189,3354,75,0,16,861,106,1025,0,
2026-02-24T04:00,11120,4920,254,3760,75,0,13,861,118,1119,0,
2026-02-24T05:00,10094,4555,101,3456,75,0,10,861,112,924,0,
2026-02-24T06:00,9127,4251,101,2908,75,0,6,862,102,822,0,
2026-02-24T07:00,9155,4382,84,2809,75,21,2,861,96,825,0,
2026-02-24T08:00,9752,4451,97,3046,75,106,8,839,98,1032,0,
2026-02-24T09:00,10599,4754,130,3309,75,195,8,843,106,1179,0,
2026-02-24T10:00,11119,4732,257,3466,75,297,6,860,108,1318,0,
2026-02-24T11:00,11476,4676,360,3604,75,446,8,860,122,1325,0,
2026-02-24T12:00,11760,4719,400,3752,75,426,16,861,132,1379,0,ডে পিক
2026-02-24T13:00,12164,4592,598,3862,75,549,23,860,144,1461,0,
2026-02-24T14:00,12512,4704,895,3892,75,475,12,860,144,1460,0,
2026-02-24T15:00,12140,4542,968,3775,75,315,10,859,136,1460,0,
2026-02-24T16:00,12069,4595,958,3807,75,189,14,860,126,1445,0,
2026-02-24T17:00,12342,4795,1072,3881,75,65,12,860,126,1456,0,
2026-02-24T18:00,11621,4190,1293,3723,75,0,17,861,116,1346,0,
2026-02-24T19:00,12053,4485,1345,3711,75,0,13,860,130,1434,0,
2026-02-24T19:30,12180,4652,1235,3762,75,0,9,860,134,1453,0,সন্ধ্যা পিক
2026-02-24T20:00,12141,4729,1121,3759,75,0,14,860,134,1449,0,
2026-02-24T21:00,12115,4901,896,3796,75,0,11,860,132,1444,0,
2026-02-24T22:00,11949,4928,694,3804,75,0,14,860,126,1448,0,
2026-02-24T23:00,11446,4808,338,3764,75,0,11,868,132,1450,0,
2026-02-25T00:00,10877,4796,165,3616,75,0,9,868,120,1228,0,
2026-02-25T01:00,10342,4618,148,3383,75,0,16,868,112,1122,0,
2026-02-25T02:00,10057,4475,133,3270,75,0,0,869,110,1125,0,
2026-02-25T03:00,10083,4480,196,3231,75,0,0,868,108,1125,0,
2026-02-25T04:00,11021,4834,236,3627,75,0,0,869,122,1258,0,
2026-02-25T05:00,10122,4404,100,3425,75,0,0,875,114,1129,0,
2026-02-25T06:00,9125,4098,84,2909,75,0,0,876,104,979,0,
2026-02-25T07:00,9211,4257,84,2917,75,29,0,875,106,868,0,
2026-02-25T08:00,9944,4638,130,3133,75,157,0,740,112,959,0,
2026-02-25T09:00,10834,4710,201,3528,75,288,0,884,110,1038,0,
2026-02-25T10:00,11341,4534,294,3747,75,473,0,886,124,1208,0,
2026-02-25T11:00,11569,4449,351,3849,75,528,0,886,126,1305,0,
2026-02-25T12:00,12035,4477,543,3883,75,570,0,887,144,1456,0,ডে পিক
2026-02-25T13:00,12419,4028,1256,3988,75,588,1,886,138,1459,0,
2026-02-25T14:00,12651,3829,1689,4009,75,544,10,886,148,1461,0,
2026-02-25T15:00,12417,3892,1421,4162,75,388,8,886,136,1449,0,
2026-02-25T16:00,12391,4062,1364,4184,75,225,9,886,140,1446,0,
2026-02-25T17:00,12615,4094,1795,4099,75,78,2,886,136,1450,0,
2026-02-25T18:00,12175,4092,1673,3872,75,2,0,886,128,1447,0,
2026-02-25T19:00,12315,4315,1492,3978,75,0,0,886,126,1443,0,
2026-02-25T19:30,12435,4340,1414,4142,75,0,0,887,136,1441,0,সন্ধ্যা পিক
2026-02-25T20:00,12363,4331,1343,4147,75,0,0,886,134,1447,0,
2026-02-25T21:00,12363,4288,1357,4174,75,0,0,886,134,1449,0,
2026-02-25T22:00,12220,4238,1275,4159,75,0,0,886,136,1451,0,
2026-02-25T23:00,11638,4216,738,4148,75,0,0,886,124,1451,0,
2026-02-26T00:00,11062,4199,272,4053,75,0,0,886,124,1453,0,
2026-02-26T01:00,10614,4212,177,3875,75,0,0,887,118,1270,0,
2026-02-26T02:00,10179,3995,143,3738,75,0,0,886,118,1224,0,
2026-02-26T03:00,10351,3877,338,3749,75,0,0,886,114,1312,0,
2026-02-26T04:00,11241,4270,481,3955,75,0,0,887,116,1457,0,
2026-02-26T05:00,10298,4045,225,3575,75,0,0,895,116,1367,0,
2026-02-26T06:00,9281,3975,114,2898,75,0,1,897,102,1219,0,
2026-02-26T07:00,9393,4337,114,2851,75,31,0,759,104,1122,0,
2026-02-26T08:00,10206,4633,186,3168,75,170,0,738,112,1124,0,
2026-02-26T09:00,10941,4741,267,3545,75,339,0,738,112,1124,0,
2026-02-26T10:00,11507,4668,325,3728,75,505,0,884,106,1216,0,
2026-02-26T11:00,11742,4695,363,3766,75,602,0,893,122,1226,0,
2026-02-26T12:00,12118,4688,510,3925,75,649,13,892,142,1224,0,ডে পিক
2026-02-26T13:00,12574,4621,957,4032,75,612,16,892,144,1225,0,
2026-02-26T14:00,12568,4582,906,4117,75,505,16,893,148,1326,0,
2026-02-26T15:00,12261,4557,829,4117,75,388,13,893,140,1249,0,
2026-02-26T16:00,12094,4548,811,4174,75,217,11,893,136,1229,0,
2026-02-26T17:00,12508,4567,1176,4194,75,89,2,904,130,1371,0,
2026-02-26T18:00,11881,3994,1494,3849,75,0,0,904,110,1455,0,
2026-02-26T19:00,12252,4460,1466,3774,75,0,0,903,126,1448,0,সন্ধ্যা পিক
2026-02-26T19:30,12244,4541,1221,3940,75,0,0,904,120,1443,0,
2026-02-26T20:00,12155,4575,1043,3983,75,0,0,903,122,1454,0,
2026-02-26T21:00,12169,4599,862,4147,75,0,0,903,128,1455,0,
2026-02-26T22:00,12162,4677,781,4140,75,0,0,904,124,1461,0,
2026-02-26T23:00,11543,4770,239,4129,75,0,0,904,124,1302,0,
2026-02-27T00:00,11076,4565,185,4070,75,0,0,904,118,1159,0,
2026-02-27T01:00,10549,4254,166,3919,75,0,0,904,116,1115,0,
2026-02-27T02:00,10202,4179,166,3657,75,0,0,904,104,1117,0,
2026-02-27T03:00,10352,4270,269,3642,75,0,0,877,102,1117,0,
2026-02-27T04:00,11304,4767,295,3963,75,0,0,877,118,1209,0,
2026-02-27T05:00,10093,4474,197,3401,75,0,0,878,112,956,0,
2026-02-27T06:00,9024,4176,145,2823,75,0,0,878,96,831,0,
2026-02-27T07:00,8773,4168,143,2739,75,33,0,688,94,833,0,
2026-02-27T08:00,9159,4431,127,2736,75,174,0,688,94,834,0,
2026-02-27T09:00,9738,4719,187,2800,75,341,0,688,104,824,0,
2026-02-27T10:00,10188,4610,225,2890,75,482,0,878,106,922,0,
2026-02-27T11:00,10531,4558,226,2978,75,573,0,877,118,1126,0,
2026-02-27T12:00,11008,4276,532,3180,75,619,0,877,126,1323,0,ডে পিক
2026-02-27T13:00,11426,4424,552,3428,75,602,0,878,140,1327,0,
2026-02-27T14:00,10279,4253,249,3122,75,499,13,878,122,1068,0,
2026-02-27T15:00,10508,4539,233,3122,75,390,24,878,120,1127,0,
2026-02-27T16:00,10634,4709,297,3173,75,236,24,877,118,1125,0,
2026-02-27T17:00,11000,4735,466,3396,75,86,20,877,122,1223,0,
2026-02-27T18:00,10833,4471,619,3437,75,0,12,877,114,1228,0,
2026-02-27T19:00,11216,4733,623,3509,75,0,9,783,118,1366,0,
2026-02-27T19:30,11145,4752,467,3636,75,0,3,783,118,1311,0,
2026-02-27T20:00,11270,4810,380,3696,75,0,0,877,122,1310,0,
2026-02-27T21:00,11340,4879,355,3711,75,0,0,877,130,1313,0,সন্ধ্যা পিক
2026-02-27T22:00,11287,4925,260,3715,75,0,0,877,122,1313,0,
2026-02-27T23:00,10833,4771,117,3669,75,0,0,877,120,1204,0,
2026-02-28T00:00,10366,4828,76,3397,75,0,0,877,110,1003,0,
2026-02-28T01:00,9775,4756,76,2996,75,0,0,877,88,907,0,
2026-02-28T02:00,9506,4532,76,2939,75,0,0,877,100,907,0,
2026-02-28T03:00,9642,4534,214,2932,75,0,0,878,98,911,0,
2026-02-28T04:00,10616,4839,281,3388,75,0,0,877,100,1056,0,
2026-02-28T05:00,9607,4547,136,2983,75,0,0,877,96,893,0,
2026-02-28T06:00,8617,4078,43,2627,75,0,0,877,88,829,0,
2026-02-28T07:00,8859,4367,43,2628,75,33,0,795,88,830,0,
2026-02-28T08:00,9558,4900,187,2607,75,183,0,688,88,830,0,
2026-02-28T09:00,10381,4860,248,2900,75,363,0,861,106,968,0,
2026-02-28T10:00,10594,4875,274,2901,75,514,0,878,112,965,0,
2026-02-28T11:00,11004,4828,342,3086,75,619,0,878,124,1052,0,
2026-02-28T12:00,11369,4802,357,3331,95,662,0,877,124,1121,0,ডে পিক
2026-02-28T13:00,11654,4741,409,3646,80,650,3,877,122,1126,0,
2026-02-28T14:00,11897,4651,435,4014,80,569,0,878,144,1126,0,
2026-02-28T15:00,11760,4660,475,3974,80,425,0,878,140,1128,0,
2026-02-28T16:00,11889,4851,577,3990,80,265,0,878,126,1122,0,
2026-02-28T17:00,12136,5038,715,3987,80,87,2,878,124,1225,0,
2026-02-28T18:00,11951,4600,1071,3935,80,0,0,878,120,1267,0,
2026-02-28T19:00,12254,4943,920,3873,80,0,0,877,126,1435,0,
2026-02-28T19:30,12280,5035,786,3923,80,0,0,877,126,1453,0,সন্ধ্যা পিক
2026-02-28T20:00,12257,5004,769,3946,80,0,0,877,124,1457,0,
2026-02-28T21:00,12155,5002,713,3899,80,0,0,877,128,1456,0,
2026-02-28T22:00,12120,4944,716,3907,80,0,0,883,132,1458,0,
2026-02-28T23:00,11492,4827,217,3897,80,0,0,884,132,1455,0,
2026-03-01T00:00,11102,4896,181,3723,80,0,0,884,120,1218,0,
2026-03-01T01:00,10341,4594,120,3326,80,0,0,890,104,1227,0,
2026-03-01T02:00,10107,4526,136,3199,80,0,0,894,108,1164,0,
2026-03-01T03:00,10213,4305,273,3231,80,0,0,898,108,1318,0,
2026-03-01T04:00,10994,4602,283,3608,80,0,0,903,106,1412,0,
2026-03-01T05:00,10131,4578,165,3074,80,0,0,904,110,1220,0,
2026-03-01T06:00,9023,4212,126,2681,80,0,0,904,110,910,0,
2026-03-01T07:00,8996,4272,142,2645,80,25,0,903,88,841,0,
2026-03-01T08:00,9798,4656,287,2939,80,141,0,666,98,931,0,
2026-03-01T09:00,10789,4877,451,3074,80,327,0,903,112,965,0,
2026-03-01T10:00,11410,4867,538,3338,80,499,0,903,120,1065,0,
2026-03-01T11:00,11665,4970,488,3450,80,578,0,903,126,1070,0,
2026-03-01T12:00,12057,5015,516,3689,80,648,0,904,132,1073,0,ডে পিক
2026-03-01T13:00,12499,4901,741,3918,80,627,0,904,144,1184,0,
2026-03-01T14:00,12825,4874,796,4151,80,551,1,904,150,1318,0,
2026-03-01T15:00,12481,4754,760,4163,80,398,5,904,146,1271,0,
2026-03-01T16:00,12512,4823,867,4173,80,247,9,903,136,1274,0,
2026-03-01T17:00,12639,4834,1131,4170,80,77,4,893,132,1318,0,
2026-03-01T18:00,12341,4432,1417,3951,80,0,1,891,128,1441,0,
2026-03-01T19:00,12633,4845,1299,3925,80,0,1,892,144,1447,0,
2026-03-01T19:30,12729,4815,1302,4043,80,0,0,892,146,1451,0,সন্ধ্যা পিক
2026-03-01T20:00,12652,4812,1154,4121,80,0,0,892,142,1451,0,
2026-03-01T21:00,12702,4905,1050,4181,80,0,0,892,142,1452,0,
2026-03-01T22:00,12757,4979,1041,4170,80,0,0,891,144,1452,0,
2026-03-01T23:00,12129,4937,701,3933,80,0,0,892,136,1450,0,
2026-03-02T00:00,11761,4964,405,3840,80,0,0,892,132,1448,0,
2026-03-02T01:00,11156,4827,187,3727,80,0,0,892,120,1323,0,
2026-03-02T02:00,10710,4515,188,3581,80,0,0,897,126,1323,0,
2026-03-02T03:00,10831,4538,282,3584,80,0,0,902,120,1325,0,
2026-03-02T04:00,11654,5044,289,3807,80,0,0,902,122,1410,0,
2026-03-02T05:00,10753,4715,197,3416,80,0,0,902,126,1317,0,
2026-03-02T06:00,9870,4521,99,3039,80,0,0,902,112,1117,0,
2026-03-02T07:00,10121,4735,100,3108,80,32,0,839,110,1117,0,
2026-03-02T08:00,10621,4742,214,3371,80,128,0,701,122,1263,0,
2026-03-02T09:00,11416,4734,363,3688,80,243,0,869,120,1319,0,
2026-03-02T10:00,11747,4677,429,3819,80,394,0,903,120,1325,0,
2026-03-02T11:00,12108,4709,731,3899,80,521,0,903,128,1137,0,
2026-03-02T12:00,12526,4755,1041,3964,80,526,0,902,142,1116,0,ডে পিক
2026-03-02T13:00,13004,4745,1461,4031,80,508,1,903,158,1117,0,
2026-03-02T14:00,13166,4675,1610,4162,80,454,2,902,160,1121,0,
2026-03-02T15:00,12899,4564,1599,4104,80,373,2,903,150,1124,0,
2026-03-02T16:00,12454,4630,1345,4095,80,216,6,903,150,1029,0,
2026-03-02T17:00,12583,4981,1323,4058,80,75,4,902,142,1018,0,
2026-03-02T18:00,12370,4764,1254,4130,80,0,4,902,132,1104,0,
2026-03-02T19:00,12662,5036,1139,4235,80,0,4,789,148,1231,0,
2026-03-02T19:30,12666,4989,1101,4292,80,0,6,714,148,1336,0,
2026-03-02T20:00,12806,5067,1048,4316,80,0,5,714,148,1428,0,
2026-03-02T21:00,12921,5139,627,4572,80,0,3,902,154,1444,0,সন্ধ্যা পিক
2026-03-02T22:00,12725,5091,471,4547,80,0,0,902,156,1451,0,
2026-03-02T23:00,12411,4927,359,4544,80,0,0,902,148,1451,0,
2026-03-03T00:00,11917,4870,223,4382,80,0,0,902,144,1316,0,
2026-03-03T01:00,11378,4842,151,4141,80,0,0,901,136,1127,0,
2026-03-03T02:00,10815,4461,151,3972,80,0,0,902,134,1115,0,
2026-03-03T03:00,10908,4348,289,4003,80,0,0,902,126,1160,0,
2026-03-03T04:00,11693,4672,375,4228,80,0,0,902,130,1306,0,
2026-03-03T05:00,10511,4510,105,3705,80,0,0,902,128,1081,0,
2026-03-03T06:00,9508,4128,104,3257,80,0,0,902,114,923,0,
2026-03-03T07:00,9615,4233,196,3237,80,22,0,902,114,831,0,
2026-03-03T08:00,10320,4786,208,3526,80,111,0,667,114,828,0,
2026-03-03T09:00,11145,4882,285,3786,80,273,0,902,112,825,0,
2026-03-03T10:00,11713,4719,542,3956,80,471,0,903,116,926,0,
2026-03-03T11:00,11941,4673,705,4008,80,553,0,902,102,918,0,
2026-03-03T12:00,12432,4851,872,4036,80,631,0,903,140,919,0,ডে পিক
2026-03-03T13:00,12734,4951,1057,4058,80,618,0,903,148,919,0,
2026-03-03T14:00,12868,5017,1136,4100,80,553,0,902,162,918,0,
2026-03-03T15:00,12619,4918,1128,4025,80,401,7,902,150,1008,0,
2026-03-03T16:00,12597,4883,1037,4178,80,247,0,903,154,1115,0,
2026-03-03T17:00,12698,4955,1147,4242,80,99,0,902,156,1117,0,
2026-03-03T18:00,12400,4630,1421,4106,80,0,0,902,136,1125,0,
2026-03-03T19:00,12801,4789,1154,4456,80,0,0,902,152,1268,0,
2026-03-03T19:30,12957,4837,1027,4555,80,0,0,902,148,1408,0,সন্ধ্যা পিক
2026-03-03T20:00,12863,4838,878,4563,80,0,0,901,146,1457,0,
2026-03-03T21:00,12832,5095,582,4568,80,0,0,901,150,1456,0,
2026-03-03T22:00,12636,4973,529,4556,80,0,0,902,144,1452,0,
2026-03-03T23:00,12015,4893,370,4236,80,0,0,902,146,1388,0,
2026-03-04T00:00,11737,4956,251,4132,80,0,0,902,132,1284,0,
2026-03-04T01:00,11109,4830,178,3875,80,0,0,902,126,1118,0,
2026-03-04T02:00,10691,4603,178,3780,80,0,0,902,126,1022,0,
2026-03-04T03:00,10875,4648,288,3808,80,0,0,902,126,1023,0,
2026-03-04T04:00,11653,4926,378,4106,80,0,8,902,134,1119,0,
2026-03-04T05:00,10582,4752,222,3533,80,0,4,902,124,965,0,
2026-03-04T06:00,9493,4271,155,3140,80,0,2,902,114,829,0,
2026-03-04T07:00,9730,4372,236,3155,80,38,2,902,112,833,0,
2026-03-04T08:00,10313,4942,286,3215,80,177,0,667,114,832,0,
2026-03-04T09:00,11202,4882,439,3512,80,344,0,902,118,925,0,
2026-03-04T10:00,11681,4894,519,3755,80,482,0,902,126,923,0,
2026-03-04T11:00,11989,4980,572,3814,80,587,8,899,126,923,0,
2026-03-04T12:00,12362,4977,641,3892,80,622,13,899,136,1102,0,ডে পিক
2026-03-04T13:00,12616,4935,768,4048,80,609,16,899,138,1123,0,
2026-03-04T14:00,12729,4892,771,4211,80,528,14,899,148,1186,0,
2026-03-04T15:00,12730,4818,770,4346,80,433,10,899,148,1226,0,
2026-03-04T16:00,12613,4850,771,4414,80,246,5,899,134,1214,0,
2026-03-04T17:00,12879,4838,1030,4485,80,87,3,899,138,1319,0,
2026-03-04T18:00,12737,4441,1388,4360,80,0,3,899,126,1440,0,
2026-03-04T19:00,12628,4717,1008,4341,80,0,0,899,136,1447,0,
2026-03-04T19:30,12725,4801,913,4443,80,0,0,899,134,1455,0,
2026-03-04T20:00,12746,4820,829,4538,80,0,0,899,136,1444,0,
2026-03-04T21:00,12757,4857,741,4582,80,0,0,899,148,1450,0,সন্ধ্যা পিক
2026-03-04T22:00,12622,4769,719,4562,80,0,0,899,150,1443,0,
2026-03-04T23:00,12029,4721,478,4301,80,0,0,899,140,1410,0,
2026-03-05T00:00,11652,4723,284,4214,80,0,0,899,132,1320,0,
2026-03-05T01:00,11097,4827,215,3829,80,0,0,899,128,1119,0,
2026-03-05T02:00,10772,4808,215,3531,80,0,0,899,120,1119,0,
2026-03-05T03:00,10898,4736,298,3644,80,0,0,899,122,1119,0,
2026-03-05T04:00,11614,4693,451,4081,80,0,0,899,130,1280,0,
2026-03-05T05:00,10583,4618,282,3520,80,0,0,899,126,1058,0,
2026-03-05T06:00,9632,4268,181,3257,80,0,0,899,106,841,0,
2026-03-05T07:00,9770,4293,185,3281,80,38,0,899,108,886,0,
2026-03-05T08:00,10401,4577,183,3444,80,173,0,899,108,937,0,
2026-03-05T09:00,11179,4813,232,3742,80,357,0,900,122,933,0,
2026-03-05T10:00,11680,4836,222,3928,80,510,0,899,126,1079,0,
2026-03-05T11:00,12005,4778,236,4090,80,614,0,900,134,1173,0,
2026-03-05T12:00,12223,4747,314,4212,80,648,5,899,142,1176,0,ডে পিক
2026-03-05T13:00,12485,4783,379,4339,80,628,2,899,144,1231,0,
2026-03-05T14:00,12650,4817,469,4383,80,547,5,900,156,1293,0,
2026-03-05T15:00,12607,4834,559,4382,80,413,2,899,150,1288,0,
2026-03-05T16:00,12170,4621,639,4333,80,226,3,839,146,1283,0,
2026-03-05T17:00,12844,4826,988,4386,80,79,2,899,150,1434,0,
2026-03-05T18:00,12812,4614,1408,4232,80,1,0,899,144,1434,0,
2026-03-05T19:00,13056,4790,1357,4313,80,0,0,899,148,1469,0,
2026-03-05T19:30,13081,4871,1250,4383,80,0,0,899,142,1456,0,
2026-03-05T20:00,13104,4911,1205,4410,80,0,0,899,144,1455,0,সন্ধ্যা পিক
2026-03-05T21:00,13057,5033,982,4476,80,0,0,899,144,1443,0,
2026-03-05T22:00,13008,4937,980,4506,80,0,0,899,150,1456,0,
2026-03-05T23:00,12514,4813,629,4494,80,0,0,899,148,1451,0,
2026-03-06T00:00,12112,4754,353,4490,80,0,0,900,142,1393,0,
2026-03-06T01:00,11449,4677,299,4138,80,0,0,899,132,1224,0,
2026-03-06T02:00,11037,4350,256,4109,80,0,0,899,122,1221,0,
2026-03-06T03:00,11248,4245,403,4180,80,0,0,900,126,1314,0,
2026-03-06T04:00,11819,4567,473,4222,80,0,0,899,124,1454,0,
2026-03-06T05:00,10793,4561,246,3684,80,0,1,900,124,1197,0,
2026-03-06T06:00,9687,4198,117,3315,80,0,2,899,114,962,0,
2026-03-06T07:00,9517,4225,100,3321,80,35,0,781,116,859,0,
2026-03-06T08:00,9877,4418,129,3491,80,157,0,665,98,839,0,
2026-03-06T09:00,10433,4439,149,3575,80,304,0,900,80,868,0,
2026-03-06T10:00,10705,4302,180,3672,80,441,0,900,114,1016,0,
2026-03-06T11:00,11025,4346,184,3718,80,583,0,900,124,1090,0,
2026-03-06T12:00,11473,4556,264,3788,80,624,0,900,126,1135,0,ডে পিক
2026-03-06T13:00,12175,4720,512,3918,80,588,5,901,138,1313,0,
2026-03-06T14:00,11287,4640,191,3684,80,516,15,900,130,1131,0,
2026-03-06T15:00,11570,4824,180,3815,80,392,14,900,132,1233,0,
2026-03-06T16:00,11612,4724,187,4033,80,223,12,900,130,1323,0,
2026-03-06T17:00,11933,4695,429,4159,80,77,0,900,136,1457,0,
2026-03-06T18:00,12154,4727,673,4187,80,0,0,901,132,1454,0,
2026-03-06T19:00,12380,4814,697,4292,80,0,0,901,142,1454,0,
2026-03-06T19:30,12413,4787,787,4330,80,0,0,831,144,1454,0,
2026-03-06T20:00,12458,4827,825,4332,80,0,0,805,144,1445,0,
2026-03-06T21:00,12749,4964,882,4333,80,0,0,899,140,1451,0,সন্ধ্যা পিক
2026-03-06T22:00,12475,4772,791,4340,80,0,0,899,144,1449,0,
2026-03-06T23:00,12130,4712,555,4287,80,0,0,900,144,1452,0,
2026-03-07T00:00,11666,4744,285,4160,80,0,0,900,136,1361,0,
2026-03-07T01:00,11084,4495,272,3951,80,0,0,900,122,1264,0,
2026-03-07T02:00,10741,4246,272,3856,80,0,0,900,120,1267,0,
2026-03-07T03:00,10772,4185,386,3831,80,0,0,900,124,1266,0,
2026-03-07T04:00,11559,4707,406,4076,80,0,0,899,128,1263,0,
2026-03-07T05:00,10502,4535,206,3600,80,0,0,900,124,1057,0,
2026-03-07T06:00,9594,4233,154,3248,80,0,1,900,116,862,0,
2026-03-07T07:00,9749,4478,161,3255,80,36,6,758,110,865,0,
2026-03-07T08:00,10430,4663,238,3514,80,141,7,663,116,1008,0,
2026-03-07T09:00,11012,4631,385,3555,80,311,0,900,124,1026,0,
2026-03-07T10:00,11044,4793,361,3393,80,463,0,900,132,922,0,
2026-03-07T11:00,11379,5019,365,3362,80,599,0,900,134,920,0,
2026-03-07T12:00,11731,4853,322,3725,80,663,5,900,142,1041,0,ডে পিক
2026-03-07T13:00,12149,4942,329,4056,80,646,21,901,152,1022,0,
2026-03-07T14:00,12380,4855,363,4302,80,525,20,900,160,1175,0,
2026-03-07T15:00,12353,4717,509,4252,80,428,24,900,160,1283,0,
2026-03-07T16:00,12471,4801,688,4240,80,258,24,901,152,1327,0,
2026-03-07T17:00,13261,4947,1391,4234,80,88,15,900,154,1452,0,
2026-03-07T18:00,13208,4858,1668,4109,80,2,6,900,136,1449,0,
2026-03-07T19:00,13381,5096,1662,4168,80,0,0,761,156,1458,0,
2026-03-07T19:30,13579,4886,2055,4236,80,0,0,713,148,1461,0,
2026-03-07T20:00,13604,4859,2132,4215,80,0,0,713,148,1457,0,
2026-03-07T21:00,13746,4855,2064,4230,80,0,0,902,154,1461,0,সন্ধ্যা পিক
2026-03-07T22:00,13436,4848,1776,4226,80,0,0,902,150,1454,0,
2026-03-07T23:00,13093,4860,1428,4229,80,0,0,902,144,1450,0,
2026-03-08T00:00,12602,4723,1121,4196,80,0,0,902,142,1438,0,
2026-03-08T01:00,11845,4552,721,4089,80,0,0,902,142,1359,0,
2026-03-08T02:00,11511,4585,536,4025,80,0,0,903,132,1250,0,
2026-03-08T03:00,11608,4638,561,4021,80,0,0,902,138,1268,0,
2026-03-08T04:00,12306,4811,697,4236,80,0,0,902,138,1442,0,
2026-03-08T05:00,11256,4650,249,3892,80,0,0,902,124,1359,0,
2026-03-08T06:00,10381,4457,112,3724,80,0,0,667,114,1227,0,
2026-03-08T07:00,10478,4371,116,3751,80,39,0,785,100,1236,0,
2026-03-08T08:00,11042,4601,198,3961,80,144,0,902,116,1242,0,
2026-03-08T09:00,11751,4601,294,4150,80,300,0,902,122,1302,0,
2026-03-08T10:00,12022,4459,434,4213,80,460,0,902,124,1350,0,
2026-03-08T11:00,12230,4388,558,4232,80,570,0,902,134,1366,0,
2026-03-08T12:00,12620,4559,565,4405,80,594,8,902,136,1371,0,ডে পিক
2026-03-08T13:00,13057,4692,708,4493,80,565,17,902,144,1456,0,
2026-03-08T14:00,13184,4763,833,4462,80,517,23,902,156,1448,0,
2026-03-08T15:00,13179,4769,890,4557,80,358,24,902,150,1449,0,
2026-03-08T16:00,13178,4639,1117,4614,80,216,16,902,144,1450,0,
2026-03-08T17:00,13500,4621,1601,4625,80,69,5,902,150,1447,0,
2026-03-08T18:00,13361,4404,1966,4390,80,0,12,902,154,1453,0,
2026-03-08T19:00,13639,4504,2066,4491,80,0,7,902,148,1441,0,
2026-03-08T19:30,13893,4396,2447,4494,80,0,2,902,146,1426,0,
2026-03-08T20:00,13631,4492,2076,4513,80,0,0,902,152,1416,0,
2026-03-08T21:00,13910,4636,2084,4614,80,0,0,901,146,1449,0,সন্ধ্যা পিক
2026-03-08T22:00,13688,4585,1895,4607,80,0,0,902,158,1461,0,
2026-03-08T23:00,13134,4566,1368,4609,80,0,0,902,158,1451,0,
2026-03-09T00:00,12745,4578,1022,4613,40,0,0,902,142,1448,0,
2026-03-09T01:00,12097,4589,603,4420,80,0,0,902,140,1363,0,
2026-03-09T02:00,11780,4426,566,4303,80,0,0,902,136,1367,0,
2026-03-09T03:00,11871,4383,654,4351,80,0,0,902,128,1373,0,
2026-03-09T04:00,12403,4612,679,4538,80,0,0,902,136,1456,0,
2026-03-09T05:00,11393,4564,256,4239,80,0,0,902,128,1224,0,
2026-03-09T06:00,10439,4533,170,3820,80,0,0,618,114,1104,0,
2026-03-09T07:00,10498,4598,160,3860,80,27,0,618,116,1039,0,
2026-03-09T08:00,11018,4558,227,4186,80,94,0,618,126,1129,0,
2026-03-09T09:00,11730,4582,305,4270,80,231,0,901,122,1239,0,
2026-03-09T10:00,12099,4486,385,4445,80,366,0,901,120,1316,0,
2026-03-09T11:00,12386,4439,490,4447,80,491,0,901,124,1414,0,
2026-03-09T12:00,12636,4491,547,4460,80,589,5,901,138,1425,0,ডে পিক
2026-03-09T13:00,12883,4518,654,4592,80,539,5,901,146,1448,0,
2026-03-09T14:00,13023,4527,887,4597,80,423,0,901,156,1452,0,
2026-03-09T15:00,12913,4414,1062,4517,80,346,2,901,152,1439,0,
2026-03-09T16:00,12789,4436,1042,4531,80,197,4,901,146,1452,0,
2026-03-09T17:00,13288,4540,1547,4543,80,65,3,901,154,1455,0,
2026-03-09T18:00,13262,4470,1914,4430,80,0,0,901,154,1313,0,
2026-03-09T19:00,13570,4471,2094,4535,80,0,0,786,168,1436,0,
2026-03-09T19:30,13903,4332,2689,4527,80,0,0,665,164,1446,0,
2026-03-09T20:00,13887,4368,2736,4419,80,0,0,665,166,1453,0,
2026-03-09T21:00,13917,4538,2449,4522,80,0,0,711,168,1449,0,সন্ধ্যা পিক
2026-03-09T22:00,13731,4547,2022,4558,80,0,0,900,170,1454,0,
2026-03-09T23:00,13187,4448,1717,4438,80,0,0,900,158,1446,0,
2026-03-10T00:00,12830,4484,1316,4445,80,0,0,900,154,1451,0,
2026-03-10T01:00,12304,4356,1022,4342,80,0,0,900,154,1450,0,
2026-03-10T02:00,12006,4477,968,4118,80,0,0,899,144,1320,0,
2026-03-10T03:00,11905,4632,1038,3780,80,0,0,900,140,1335,0,
2026-03-10T04:00,12627,4544,1595,3914,80,0,0,899,148,1447,0,
2026-03-10T05:00,11357,4300,773,3712,80,0,2,900,138,1452,0,
2026-03-10T06:00,10446,4369,118,3684,80,0,1,618,124,1452,0,
2026-03-10T07:00,10607,4533,120,3725,80,41,6,620,126,1356,0,
2026-03-10T08:00,11300,4547,268,4113,80,170,0,618,134,1364,0,
2026-03-10T09:00,11829,4537,291,4214,80,301,0,902,140,1364,0,
2026-03-10T10:00,12169,4437,334,4355,80,455,0,902,148,1458,0,
2026-03-10T11:00,12600,4508,430,4529,80,547,0,902,154,1450,0,
2026-03-10T12:00,12842,4648,621,4400,80,570,0,902,172,1449,0,ডে পিক
2026-03-10T13:00,12968,4488,870,4472,80,528,2,902,170,1456,0,
2026-03-10T14:00,13231,4493,1072,4564,80,472,7,902,184,1457,0,
2026-03-10T15:00,13306,4379,1380,4555,80,362,10,902,184,1454,0,
2026-03-10T16:00,13481,4458,1624,4584,80,200,10,901,176,1448,0,
2026-03-10T17:00,14014,4488,2272,4593,80,66,2,901,168,1444,0,
2026-03-10T18:00,13875,4357,2561,4452,80,1,0,807,164,1453,0,
2026-03-10T19:00,14354,4551,2881,4510,80,0,0,724,170,1438,0,
2026-03-10T19:30,14564,4523,3077,4542,80,0,0,713,176,1453,0,সন্ধ্যা পিক
2026-03-10T20:00,14446,4552,2935,4553,80,0,0,713,168,1445,0,
2026-03-10T21:00,14550,4603,2880,4598,80,0,0,759,170,1460,0,
2026-03-10T22:00,14249,4586,2460,4595,80,0,0,902,172,1454,0,
2026-03-10T23:00,13788,4616,1962,4595,80,0,0,901,168,1466,0,
2026-03-11T00:00,13372,4617,1549,4609,80,0,0,902,168,1447,0,
2026-03-11T01:00,12913,4573,1428,4466,80,0,0,901,158,1307,0,
2026-03-11T02:00,12366,4259,1426,4321,80,0,0,901,156,1223,0,
2026-03-11T03:00,12569,4175,1558,4377,80,0,0,901,154,1324,0,
2026-03-11T04:00,12871,4504,1244,4537,80,0,0,901,154,1451,0,
2026-03-11T05:00,11782,4556,492,4277,80,0,0,901,146,1330,0,
2026-03-11T06:00,10953,4403,338,4073,80,0,0,760,136,1163,0,
2026-03-11T07:00,10930,4472,256,4025,80,37,0,750,130,1180,0,
2026-03-11T08:00,11454,4586,345,4218,80,155,0,618,128,1324,0,
2026-03-11T09:00,12246,4552,442,4364,80,307,0,902,146,1453,0,
2026-03-11T10:00,12659,4457,732,4448,80,451,0,903,142,1446,0,
2026-03-11T11:00,13074,4491,942,4499,80,546,0,903,164,1449,0,
2026-03-11T12:00,13329,4598,1084,4467,80,579,0,903,164,1454,0,ডে পিক
2026-03-11T13:00,13615,4701,1293,4471,80,533,0,903,178,1456,0,
2026-03-11T14:00,13818,4703,1426,4577,80,473,3,903,192,1461,0,
2026-03-11T15:00,13577,4428,1763,4435,80,334,2,902,186,1447,0,
2026-03-11T16:00,13661,4355,2030,4457,80,185,9,902,184,1459,0,
2026-03-11T17:00,13974,4585,2259,4454,80,69,9,903,170,1445,0,
2026-03-11T18:00,14154,4640,2551,4370,80,1,4,903,160,1445,0,
2026-03-11T19:00,14566,4674,2871,4411,80,0,1,902,182,1445,0,
2026-03-11T19:30,14784,4687,3108,4527,80,0,0,764,174,1444,0,
2026-03-11T20:00,14779,4692,3137,4583,80,0,0,666,170,1451,0,
2026-03-11T21:00,14855,4669,3105,4583,80,0,0,793,176,1449,0,সন্ধ্যা পিক
2026-03-11T22:00,14739,4617,2967,4560,80,0,0,902,174,1439,0,
2026-03-11T23:00,14256,4607,2509,4550,80,0,0,901,172,1437,0,
2026-03-12T00:00,13870,4645,2032,4583,80,0,0,901,174,1455,0,
2026-03-12T01:00,13228,4487,1931,4531,80,0,0,666,162,1371,0,
2026-03-12T02:00,12825,4285,1939,4266,80,0,0,744,150,1361,0,
2026-03-12T03:00,12780,4202,1999,4259,80,0,0,745,148,1347,0,
2026-03-12T04:00,13032,4590,1619,4474,80,0,0,745,154,1370,0,
2026-03-12T05:00,11913,4624,688,4121,80,0,0,886,152,1362,0,
2026-03-12T06:00,10917,4479,470,3685,80,0,0,886,144,1173,0,
2026-03-12T07:00,10834,4474,557,3661,80,24,0,886,140,1012,0,
2026-03-12T08:00,11050,4471,699,3656,80,83,0,887,144,1030,0,
2026-03-12T09:00,11603,4751,775,3764,80,190,0,886,142,1015,0,
2026-03-12T10:00,11713,4738,819,3756,80,266,0,886,142,1026,0,
2026-03-12T11:00,11815,4649,820,3870,80,333,0,887,154,1022,0,
2026-03-12T12:00,12255,4731,805,4148,80,470,3,887,168,963,0,ডে পিক
2026-03-12T13:00,12576,4692,739,4482,80,554,8,886,168,967,0,
2026-03-12T14:00,12673,4663,703,4578,80,500,9,886,174,1080,0,
2026-03-12T15:00,12786,4620,805,4635,80,341,6,886,184,1229,0,
2026-03-12T16:00,12908,4738,816,4679,80,190,7,886,178,1334,0,
2026-03-12T17:00,13478,4631,1514,4667,80,84,8,886,182,1426,0,
2026-03-12T18:00,13624,4235,2254,4538,80,0,15,886,172,1444,0,
2026-03-12T19:00,13926,4432,2334,4582,80,0,6,886,178,1428,0,
2026-03-12T19:30,13920,4298,2300,4703,80,0,8,886,180,1465,0,
2026-03-12T20:00,14050,4486,2198,4768,80,0,8,886,178,1446,0,
2026-03-12T21:00,14099,4761,1953,4780,80,0,5,886,176,1458,0,সন্ধ্যা পিক
2026-03-12T22:00,14105,4761,1979,4761,80,0,7,886,184,1447,0,
2026-03-12T23:00,13778,4682,1724,4749,80,0,10,886,182,1465,0,
2026-03-13T00:00,13381,4650,1386,4742,80,0,10,886,178,1449,0,
2026-03-13T01:00,12741,4604,990,4642,80,0,7,804,168,1446,0,
2026-03-13T02:00,12264,4397,981,4366,80,0,11,817,158,1454,0,
2026-03-13T03:00,12463,4505,1086,4350,80,0,7,818,162,1455,0,
2026-03-13T04:00,12624,4464,1001,4621,80,0,2,864,162,1430,0,
2026-03-13T05:00,11525,4352,477,4285,80,0,5,865,148,1313,0,
2026-03-13T06:00,10470,4265,250,3778,80,0,5,865,148,1079,0,
2026-03-13T07:00,10190,4307,170,3659,80,15,15,865,142,937,0,
2026-03-13T08:00,10137,4375,155,3665,80,109,11,772,140,830,0,
2026-03-13T09:00,10472,4466,173,3682,80,232,4,865,138,832,0,
2026-03-13T10:00,10763,4494,193,3814,80,324,16,865,144,833,0,
2026-03-13T11:00,10648,4372,231,3716,80,385,20,865,144,835,0,
2026-03-13T12:00,10997,4283,353,3703,80,460,28,865,156,1069,0,ডে পিক
2026-03-13T13:00,11474,4208,684,3907,80,418,30,865,164,1118,0,
2026-03-13T14:00,10855,4418,330,3673,80,315,35,865,162,977,0,
2026-03-13T15:00,10795,3953,431,4006,80,289,32,864,170,970,0,
2026-03-13T16:00,11312,4112,866,4005,80,172,36,864,172,1005,0,
2026-03-13T17:00,12004,4198,1373,4130,80,77,20,865,156,1105,0,
2026-03-13T18:00,12239,4050,1757,4196,80,3,15,864,148,1126,0,
2026-03-13T19:00,12352,4201,1712,4277,80,0,11,662,148,1261,0,সন্ধ্যা পিক
2026-03-13T19:30,11869,4082,1299,4349,80,0,21,629,144,1265,0,
2026-03-13T20:00,11201,4018,848,4254,80,0,28,628,156,1189,0,
2026-03-13T21:00,10839,4350,547,4032,80,0,25,627,158,1020,0,
2026-03-13T22:00,11389,4520,547,4206,80,0,33,769,162,1072,0,
2026-03-13T23:00,11862,4480,691,4482,80,0,22,769,152,1186,0,
2026-03-14T00:00,11898,4508,606,4520,80,0,17,732,156,1279,0,
2026-03-14T01:00,11770,4435,594,4525,80,0,12,628,142,1354,0,
2026-03-14T02:00,11426,4314,522,4352,80,0,14,628,146,1370,0,
2026-03-14T03:00,11375,4218,583,4329,80,0,15,628,142,1380,0,
2026-03-14T04:00,11889,4395,617,4530,80,0,22,629,150,1466,0,
2026-03-14T05:00,11099,4385,354,4254,80,0,11,628,140,1247,0,
2026-03-14T06:00,10326,4463,224,3675,80,0,18,628,128,1110,0,
2026-03-14T07:00,10304,4521,220,3527,80,44,20,628,136,1128,0,
2026-03-14T08:00,10588,4585,328,3530,80,165,13,628,144,1115,0,
2026-03-14T09:00,10881,4548,383,3485,80,257,9,864,144,1111,0,
2026-03-14T10:00,11059,4528,433,3438,80,460,26,864,130,1100,0,
2026-03-14T11:00,11130,4557,443,3332,80,534,24,864,156,1140,0,
2026-03-14T12:00,11801,4581,518,3712,80,603,12,864,164,1267,0,ডে পিক
2026-03-14T13:00,12166,4491,630,3778,80,663,15,864,170,1475,0,
2026-03-14T14:00,12502,4561,720,4096,80,550,12,864,172,1447,0,
2026-03-14T15:00,12662,4715,796,4192,80,382,10,864,176,1447,0,
2026-03-14T16:00,12546,4576,875,4258,80,241,12,864,170,1470,0,
2026-03-14T17:00,13288,4328,2023,4282,80,91,9,864,160,1451,0,
2026-03-14T18:00,13846,4352,3019,4023,80,1,10,868,160,1333,0,
2026-03-14T19:00,14309,4480,3294,4083,80,0,13,728,174,1457,0,
2026-03-14T19:30,14539,4522,3326,4254,80,0,14,728,172,1443,0,সন্ধ্যা পিক
2026-03-14T20:00,14531,4457,3275,4358,80,0,13,728,174,1446,0,
2026-03-14T21:00,14347,4411,3180,4356,80,0,15,681,182,1442,0,
2026-03-14T22:00,13932,4397,2780,4363,80,0,11,681,172,1448,0,
2026-03-14T23:00,13310,4362,2157,4316,80,0,21,734,182,1458,0,
2026-03-15T00:00,12920,4328,1904,4243,80,0,7,734,178,1446,0,
2026-03-15T01:00,12487,4260,1619,4256,80,0,6,646,172,1448,0,
2026-03-15T02:00,12285,4287,1451,4101,80,0,11,883,164,1308,0,
2026-03-15T03:00,12233,4308,1407,4062,80,0,4,879,158,1335,0,
2026-03-15T04:00,12606,4471,1494,4150,80,0,7,879,162,1363,0,
2026-03-15T05:00,11386,4311,482,4087,80,0,18,879,152,1377,0,
2026-03-15T06:00,10626,4148,287,3785,80,0,22,883,146,1275,0,
2026-03-15T07:00,10718,4242,263,3787,80,29,23,864,152,1278,0,
2026-03-15T08:00,11096,4244,274,4071,80,122,9,884,148,1264,0,
2026-03-15T09:00,11490,4363,293,4210,80,220,6,884,150,1284,0,
2026-03-15T10:00,11810,4320,353,4334,80,334,24,884,154,1327,0,
2026-03-15T11:00,11971,4318,403,4368,80,400,14,884,168,1336,0,
2026-03-15T12:00,12031,4329,438,4376,80,388,31,884,166,1339,0,ডে পিক
2026-03-15T13:00,12464,4339,619,4389,80,502,26,884,160,1465,0,
2026-03-15T14:00,12675,4384,732,4431,80,495,30,887,176,1460,0,
2026-03-15T15:00,12777,4323,962,4501,80,359,33,886,178,1455,0,
2026-03-15T16:00,12922,4468,1099,4551,80,199,13,886,172,1454,0,
2026-03-15T17:00,13338,4417,1731,4539,80,65,9,886,170,1441,0,
2026-03-15T18:00,13628,4343,2204,4482,80,0,2,887,174,1456,0,
2026-03-15T19:00,14027,4324,2647,4471,80,0,0,886,170,1449,0,
2026-03-15T19:30,14128,4396,2616,4524,80,0,0,887,168,1457,0,সন্ধ্যা পিক
2026-03-15T20:00,14067,4428,2500,4543,80,0,0,886,170,1460,0,
2026-03-15T21:00,13611,4420,2025,4560,80,0,9,886,172,1459,0,
2026-03-15T22:00,12372,4283,1270,4410,80,0,13,886,172,1258,0,
2026-03-15T23:00,10959,4215,763,3898,80,0,12,885,176,930,0,
2026-03-16T00:00,10148,4272,233,3671,80,0,9,884,174,825,0,
2026-03-16T01:00,9824,4242,196,3422,80,0,0,882,174,828,0,
2026-03-16T02:00,9853,4323,197,3387,80,0,0,882,152,832,0,
2026-03-16T03:00,10080,4261,235,3629,80,0,4,883,160,828,0,
2026-03-16T04:00,10414,4363,213,3800,80,0,16,882,156,904,0,
2026-03-16T05:00,9502,4327,155,3069,80,0,5,883,148,835,0,
2026-03-16T06:00,9041,4026,80,2983,80,0,23,882,138,829,0,
2026-03-16T07:00,9069,3998,72,2987,80,53,28,882,136,833,0,
2026-03-16T08:00,9718,4385,101,3080,80,188,14,881,146,843,0,
2026-03-16T09:00,10458,4547,156,3319,80,390,7,885,150,924,0,
2026-03-16T10:00,10903,4492,199,3566,80,592,12,886,158,918,0,
2026-03-16T11:00,11223,4648,264,3541,80,670,23,886,162,949,0,
2026-03-16T12:00,11574,4713,424,3416,80,671,25,898,158,1189,0,ডে পিক
2026-03-16T13:00,11998,4618,596,3579,80,650,47,897,172,1359,0,
2026-03-16T14:00,12294,4714,689,3793,80,530,30,898,190,1370,0,
2026-03-16T15:00,12576,4595,746,4180,80,429,39,897,186,1424,0,
2026-03-16T16:00,12569,4633,756,4281,80,301,24,897,178,1419,0,
2026-03-16T17:00,12775,4654,996,4423,80,100,13,897,166,1446,0,
2026-03-16T18:00,13088,4671,1492,4315,80,3,11,898,164,1454,0,
2026-03-16T19:00,13417,4574,1924,4372,80,0,7,830,172,1458,0,
2026-03-16T19:30,13804,4491,2286,4424,80,0,7,897,172,1447,0,সন্ধ্যা পিক
2026-03-16T20:00,13735,4571,2113,4584,80,0,10,757,174,1446,0,
2026-03-16T21:00,13559,4586,1733,4631,80,0,8,897,172,1452,0,
2026-03-16T22:00,13474,4642,1591,4629,80,0,11,898,172,1451,0,
2026-03-16T23:00,12836,4579,1147,4510,80,0,0,897,174,1449,0,
2026-03-17T00:00,11866,4575,689,4238,80,0,2,897,166,1219,0,
2026-03-17T01:00,11221,4435,435,4078,80,0,12,897,164,1120,0,
2026-03-17T02:00,10398,4166,382,3737,80,0,1,897,162,973,0,
2026-03-17T03:00,10083,4196,257,3572,80,0,0,897,152,929,0,
2026-03-17T04:00,10266,4551,232,3503,80,0,13,898,156,833,0,
2026-03-17T05:00,9284,4145,111,3064,80,0,1,897,148,838,0,
2026-03-17T06:00,7395,3315,69,2447,80,0,10,898,130,446,0,
2026-03-17T07:00,8409,3688,69,2802,80,80,63,897,122,608,0,
2026-03-17T08:00,9231,3738,188,3149,80,243,44,897,134,758,0,
2026-03-17T09:00,9925,3820,304,3478,80,451,6,898,136,752,0,
2026-03-17T10:00,10341,3974,298,3633,80,546,13,898,138,761,0,
2026-03-17T11:00,10730,4269,266,3557,80,667,3,897,146,845,0,
2026-03-17T12:00,11281,4562,380,3589,80,740,14,864,154,864,0,ডে পিক
2026-03-17T13:00,11752,4721,487,3672,80,693,16,897,164,1022,0,
2026-03-17T14:00,12262,4746,558,3973,80,598,21,897,164,1225,0,
2026-03-17T15:00,12345,4574,773,4021,80,495,21,897,178,1306,0,
2026-03-17T16:00,12333,4626,849,4044,80,298,18,897,162,1359,0,
2026-03-17T17:00,12552,4552,1083,4181,80,122,21,897,164,1452,0,
2026-03-17T18:00,12981,4441,1669,4265,80,4,21,897,166,1438,0,
2026-03-17T19:00,13444,4605,1870,4345,80,0,11,897,172,1464,0,
2026-03-17T19:30,13398,4571,1827,4396,80,0,11,897,166,1450,0,
2026-03-17T20:00,13276,4491,1758,4418,80,0,11,897,170,1451,0,
2026-03-17T21:00,13456,4610,1770,4465,80,0,10,897,168,1456,0,সন্ধ্যা পিক
2026-03-17T22:00,13494,4544,1731,4614,80,0,0,898,170,1457,0,
2026-03-17T23:00,13091,4589,1291,4628,80,0,0,897,168,1438,0,
2026-03-18T00:00,12740,4651,891,4627,80,0,0,897,160,1434,0,
2026-03-18T01:00,12201,4585,900,4218,80,0,2,897,154,1365,0,
2026-03-18T02:00,11801,4462,912,4037,80,0,2,897,152,1259,0,
2026-03-18T03:00,11940,4410,892,4125,80,0,13,897,152,1371,0,
2026-03-18T04:00,12134,4494,892,842,80,0,8,897,156,1363,0,
2026-03-18T05:00,10933,4387,353,3851,80,0,5,897,148,1212,0,
2026-03-18T06:00,9996,4195,151,3444,80,0,2,897,134,1093,0,
2026-03-18T07:00,10002,4230,113,3422,80,56,0,897,128,1076,0,
2026-03-18T08:00,10249,4389,126,3434,80,127,0,897,122,1074,0,
2026-03-18T09:00,10733,4510,212,3522,80,315,0,896,132,1066,0,
2026-03-18T10:00,11120,4644,238,3596,80,465,0,897,134,1066,0,
2026-03-18T11:00,11184,4700,273,3494,80,530,0,897,146,1064,0,
2026-03-18T12:00,11698,4736,282,3867,80,617,1,897,150,1068,0,ডে পিক
2026-03-18T13:00,11902,4845,318,3949,80,566,4,897,155,1088,0,
2026-03-18T14:00,12217,4703,402,4185,80,460,3,897,168,1319,0,
2026-03-18T15:00,12118,4578,543,4144,80,396,7,897,166,1307,0,
2026-03-18T16:00,11923,4668,451,4030,80,234,19,897,154,1390,0,
2026-03-18T17:00,11796,4364,884,3941,80,81,6,898,154,1388,0,
2026-03-18T18:00,11494,4278,962,3792,80,2,6,897,146,1331,0,সন্ধ্যা পিক
2026-03-18T19:00,10598,3924,700,3498,80,0,2,897,162,1335,0,
2026-03-18T19:30,10131,3843,440,3421,80,0,0,897,136,1314,0,
2026-03-18T20:00,9550,3865,327,3158,80,0,0,897,14,1209,0,
2026-03-18T21:00,9487,4211,315,2894,80,0,0,897,66,1024,0,
2026-03-18T22:00,9080,4191,292,2586,80,0,0,897,102,932,0,
2026-03-18T23:00,8668,4104,229,2399,80,0,0,897,124,835,0,
2026-03-19T00:00,7939,3535,150,2355,80,0,0,896,90,833,0,
2026-03-19T01:00,7430,3214,121,2376,40,0,4,796,68,811,0,
2026-03-19T02:00,7292,3287,82,2384,40,0,0,614,74,811,0,
2026-03-19T03:00,7703,3720,25,2396,40,0,12,614,80,816,0,
2026-03-19T04:00,8360,4008,50,2685,40,0,18,614,88,857,0,
2026-03-19T05:00,7538,3662,18,2380,40,0,8,522,84,824,0,
2026-03-19T06:00,6794,3079,0,2361,30,0,2,421,82,819,0,
2026-03-19T07:00,6666,2997,0,2385,30,78,0,271,84,821,0,
2026-03-19T08:00,7081,3083,0,2381,30,268,0,421,76,822,0,
2026-03-19T09:00,7510,3159,0,2393,30,427,0,592,84,825,0,
2026-03-19T10:00,7946,3177,0,2381,30,553,2,893,90,820,0,
2026-03-19T11:00,8351,3473,15,2396,30,608,2,896,96,835,0,
2026-03-19T12:00,9008,3923,92,2426,80,627,10,896,112,842,0,ডে পিক
2026-03-19T13:00,9705,4538,99,2547,80,595,9,896,110,831,0,
2026-03-19T14:00,10335,4821,173,2748,80,568,13,896,124,912,0,
2026-03-19T15:00,10283,4897,178,2775,80,406,12,896,124,915,0,
2026-03-19T16:00,10310,5009,221,2771,80,277,7,896,130,919,0,
2026-03-19T17:00,10559,5083,269,3080,80,103,6,896,122,920,0,
2026-03-19T18:00,11345,5259,336,3528,80,5,1,896,126,1114,0,
2026-03-19T19:00,11588,5134,308,3802,80,0,0,896,132,1236,0,
2026-03-19T19:30,11404,5219,147,3770,80,0,0,896,128,1164,0,
2026-03-19T20:00,11390,5260,181,3720,80,0,0,896,124,1129,0,
2026-03-19T21:00,11630,5416,124,3855,80,0,0,896,130,1129,0,সন্ধ্যা পিক
2026-03-19T22:00,11551,5254,95,3964,80,0,0,896,132,1130,0,
2026-03-19T23:00,11386,5116,93,3948,80,0,0,896,136,1117,0,
2026-03-20T00:00,10907,5041,75,3654,80,0,0,896,134,1027,0,
2026-03-20T01:00,10544,4965,75,3415,80,0,0,896,126,987,0,
2026-03-20T02:00,10253,4979,75,3187,80,0,0,896,122,914,0,
2026-03-20T03:00,10346,5075,75,3182,80,0,0,896,118,920,0,
2026-03-20T04:00,10609,5265,81,3246,80,0,0,896,124,917,0,
2026-03-20T05:00,9324,4744,70,2588,80,0,0,896,114,832,0,
2026-03-20T06:00,8334,4060,0,2357,80,0,0,893,110,834,0,
2026-03-20T07:00,7852,3867,0,2386,30,39,0,591,104,835,0,
2026-03-20T08:00,7932,3835,0,2397,30,152,0,591,96,831,0,
2026-03-20T09:00,7931,3613,0,2406,30,263,0,691,96,832,0,ডে পিক
2026-03-20T10:00,7883,3443,0,2384,30,452,0,640,102,832,0,
2026-03-20T11:00,7497,3387,0,2250,30,407,0,483,110,830,0,
2026-03-20T12:00,7474,3377,0,2183,30,247,0,703,114,820,0,
2026-03-20T13:00,8430,4187,0,1953,40,456,1,893,62,838,0,
2026-03-20T14:00,7764,4037,0,1887,40,394,4,518,70,814,0,
2026-03-20T15:00,7138,3627,0,1874,40,278,18,418,68,815,0,
2026-03-20T16:00,7156,3648,0,1874,40,198,11,475,80,830,0,
2026-03-20T17:00,7612,4443,0,1474,40,76,5,705,42,827,0,
2026-03-20T18:00,8472,5069,40,1494,80,2,23,892,36,836,0,
2026-03-20T19:00,8423,4917,8,1627,80,0,62,893,32,804,0,
2026-03-20T19:30,8378,4982,0,1498,80,0,65,893,42,818,0,
2026-03-20T20:00,8518,5116,0,1477,80,0,64,893,46,842,0,
2026-03-20T21:00,8758,5368,0,1490,80,0,33,893,46,848,0,সন্ধ্যা পিক
2026-03-20T22:00,8785,5437,0,1481,80,0,19,893,50,825,0,
2026-03-20T23:00,8452,5091,0,1497,80,0,19,893,48,824,0,
2026-03-21T00:00,7765,4407,0,1498,80,0,15,893,48,824,0,
2026-03-21T01:00,6936,3908,0,1428,40,0,0,685,46,829,0,
2026-03-21T02:00,6347,3626,0,1429,40,0,0,377,46,829,0,
2026-03-21T03:00,6186,3592,0,1443,40,0,0,237,46,828,0,
2026-03-21T04:00,6114,3517,0,1438,40,0,0,237,48,834,0,
2026-03-21T05:00,6138,3508,0,1457,40,0,0,237,44,852,0,
2026-03-21T06:00,6788,4194,0,1452,40,0,0,236,46,820,0,
2026-03-21T07:00,8416,5018,0,2031,70,35,0,236,60,966,0,
2026-03-21T08:00,8972,5000,26,2369,80,78,0,237,62,1120,0,
2026-03-21T09:00,8041,4398,49,2068,80,130,0,237,48,1031,0,ডে পিক
2026-03-21T10:00,7264,4006,0,1839,80,194,0,237,44,864,0,
2026-03-21T11:00,6758,3789,0,1552,80,231,0,237,40,829,0,
2026-03-21T12:00,6609,3710,0,1486,80,228,0,237,40,828,0,
2026-03-21T13:00,6664,3736,0,1494,80,250,0,237,38,829,0,
2026-03-21T14:00,6186,3630,0,1472,80,214,22,238,40,830,0,
2026-03-21T15:00,6186,3325,0,1465,30,237,19,237,38,835,0,
2026-03-21T16:00,6039,3319,0,1468,30,112,0,238,38,834,0,
2026-03-21T17:00,6163,3488,0,1479,30,30,12,242,38,845,0,
2026-03-21T18:00,7019,4292,2,1552,80,1,4,195,46,847,0,
2026-03-21T19:00,7990,4457,0,1860,80,0,3,569,46,975,0,
2026-03-21T19:30,8048,4569,0,1654,80,0,0,709,48,988,0,
2026-03-21T20:00,7988,4666,0,1558,80,0,0,710,48,926,0,
2026-03-21T21:00,8067,4870,0,1532,80,0,0,710,50,825,0,সন্ধ্যা পিক
2026-03-21T22:00,7901,4707,0,1527,80,0,1,709,52,825,0,
2026-03-21T23:00,7615,4490,0,1448,80,0,6,709,50,832,0,
2026-03-22T00:00,7247,4131,0,1444,80,0,0,710,50,832,0,
2026-03-22T01:00,6844,3735,0,1444,30,0,0,757,46,832,0,
2026-03-22T02:00,6508,3766,0,1456,30,0,0,382,44,830,0,
2026-03-22T03:00,6309,3719,0,1443,30,0,0,242,42,833,0,
2026-03-22T04:00,6070,3471,0,1453,30,0,0,242,40,834,0,
2026-03-22T05:00,6008,3408,0,1450,30,0,0,242,42,836,0,
2026-03-22T06:00,5964,3391,0,1450,30,0,0,242,38,833,0,
2026-03-22T07:00,6455,3783,0,1474,30,46,0,242,38,842,0,
2026-03-22T08:00,6985,4198,0,1467,30,165,0,243,42,840,0,
2026-03-22T09:00,7124,4151,0,1447,80,332,0,243,40,831,0,ডে পিক
2026-03-22T10:00,6819,3596,0,1449,80,584,0,242,40,828,0,
2026-03-22T11:00,6719,3497,0,1474,80,549,0,243,46,830,0,
2026-03-22T12:00,7075,3741,0,1498,80,626,2,242,48,838,0,
2026-03-22T13:00,7575,4133,0,1583,80,654,10,243,40,832,0,
2026-03-22T14:00,7830,4238,0,1795,80,596,6,242,44,829,0,
2026-03-22T15:00,7341,4024,0,1647,80,473,3,243,42,829,0,
2026-03-22T16:00,6806,3858,0,1509,50,277,2,242,40,828,0,
2026-03-22T17:00,6721,3949,0,1500,50,121,6,234,34,827,0,
2026-03-22T18:00,7271,4578,0,1522,80,3,1,196,42,849,0,
2026-03-22T19:00,8736,5347,16,1847,80,0,1,568,46,831,0,
2026-03-22T19:30,8788,5453,8,1667,80,0,0,709,44,827,0,সন্ধ্যা পিক
2026-03-22T20:00,8733,5553,0,1519,80,0,0,709,44,828,0,
2026-03-22T21:00,8728,5500,0,1565,80,0,0,710,44,829,0,
2026-03-22T22:00,8715,5376,0,1587,80,0,0,709,44,919,0,
2026-03-22T23:00,8439,5336,0,1458,80,0,0,696,46,823,0,
2026-03-23T00:00,8153,5045,0,1460,80,0,0,695,44,829,0,
2026-03-23T01:00,7714,4549,0,1465,80,0,0,743,42,835,0,
2026-03-23T02:00,7270,4471,0,1464,80,0,0,383,40,832,0,
2026-03-23T03:00,7041,4387,0,1469,80,0,0,233,38,834,0,
2026-03-23T04:00,6747,4083,0,1470,80,0,0,243,38,833,0,
2026-03-23T05:00,6635,3973,0,1467,80,0,3,243,36,833,0,
2026-03-23T06:00,6619,3952,0,1469,80,0,5,244,36,833,0,
2026-03-23T07:00,7059,4316,0,1478,80,70,0,243,38,834,0,
2026-03-23T08:00,7556,4355,0,1454,80,281,0,522,36,828,0,
2026-03-23T09:00,7497,4114,0,1472,80,443,0,522,36,830,0,
2026-03-23T10:00,7323,3927,0,1484,80,441,0,522,34,835,0,
2026-03-23T11:00,7523,3978,0,1473,80,602,0,523,40,827,0,
2026-03-23T12:00,8044,4421,0,1466,80,682,1,523,42,829,0,ডে পিক
2026-03-23T13:00,8730,5117,0,1471,80,657,3,523,46,833,0,
2026-03-23T14:00,8816,5172,0,1534,80,624,10,522,48,826,0,
2026-03-23T15:00,8355,5031,28,1495,80,454,7,383,44,833,0,
2026-03-23T16:00,7727,4696,40,1473,80,316,10,241,40,831,0,
2026-03-23T17:00,7597,4747,40,1479,80,123,12,241,40,835,0,
2026-03-23T18:00,8295,5153,40,1791,80,4,5,240,44,938,0,
2026-03-23T19:00,9720,5667,104,2054,80,0,7,678,48,1082,0,
2026-03-23T19:30,9782,5845,94,1923,80,0,6,710,48,1076,0,সন্ধ্যা পিক
2026-03-23T20:00,9676,5964,68,1769,80,0,7,709,48,1031,0,
2026-03-23T21:00,9595,5885,33,1798,80,0,11,710,48,1030,0,
2026-03-23T22:00,9459,5853,16,1762,80,0,4,710,48,986,0,
2026-03-23T23:00,9062,5775,0,1628,80,0,1,710,48,820,0,
2026-03-24T00:00,8810,5609,0,1530,80,0,4,709,48,830,0,
2026-03-24T01:00,8408,5550,0,1474,80,0,2,430,44,828,0,
2026-03-24T02:00,8010,5181,0,1447,80,0,0,428,44,830,0,
2026-03-24T03:00,7766,4936,0,1450,80,0,0,428,42,830,0,
2026-03-24T04:00,7521,4681,0,1451,80,0,7,428,42,832,0,
2026-03-24T05:00,7460,4624,0,1446,80,0,13,428,40,829,0,
2026-03-24T06:00,7382,4532,0,1452,80,0,17,428,40,833,0,
2026-03-24T07:00,7845,4881,0,1481,80,76,15,430,38,844,0,
2026-03-24T08:00,8432,4871,14,1471,80,230,4,897,38,827,0,
2026-03-24T09:00,8628,4879,40,1454,80,411,1,897,42,824,0,
2026-03-24T10:00,8714,4789,40,1446,80,592,0,897,44,826,0,
2026-03-24T11:00,8840,4810,40,1453,80,680,6,898,46,827,0,
2026-03-24T12:00,9267,5195,40,1457,80,694,7,897,50,847,0,ডে পিক
2026-03-24T13:00,10045,6191,40,1645,80,625,9,557,54,844,0,
2026-03-24T14:00,10255,6173,61,1887,80,578,16,488,52,920,0,
2026-03-24T15:00,9962,6047,78,1911,80,364,20,488,52,922,0,
2026-03-24T16:00,9305,5727,78,1748,80,334,10,451,50,827,0,
2026-03-24T17:00,9119,5413,78,1612,80,112,3,898,98,825,0,
2026-03-24T18:00,9238,5403,78,1738,80,8,1,898,112,920,0,
2026-03-24T19:00,10590,6106,53,2290,80,0,1,898,118,1044,0,সন্ধ্যা পিক
2026-03-24T19:30,10464,6045,43,2302,80,0,1,899,118,976,0,
2026-03-24T20:00,10350,6136,43,2256,80,0,0,898,104,833,0,
2026-03-24T21:00,10330,6172,43,2183,80,0,0,898,120,834,0,
2026-03-24T22:00,10233,6102,43,2166,80,0,0,898,118,826,0,
2026-03-24T23:00,10135,6146,0,2067,80,0,0,898,116,828,0,
2026-03-25T00:00,9876,6078,0,1875,80,0,0,898,114,831,0,
2026-03-25T01:00,9417,5838,0,1662,80,0,0,898,110,829,0,
2026-03-25T02:00,8902,5487,0,1543,40,0,0,898,106,828,0,
2026-03-25T03:00,8610,5212,0,1528,40,0,0,898,104,828,0,
2026-03-25T04:00,8440,5027,0,1514,40,0,11,898,100,830,0,
2026-03-25T05:00,8197,4822,0,1517,40,0,3,886,98,831,0,
2026-03-25T06:00,8112,4733,0,1521,40,0,4,886,96,832,0,
2026-03-25T07:00,8603,5145,0,1541,40,66,0,886,92,833,0,
2026-03-25T08:00,9028,5480,0,1527,40,199,0,886,66,830,0,
2026-03-25T09:00,9225,5522,24,1523,40,335,0,886,70,825,0,
2026-03-25T10:00,9400,5549,24,1524,40,448,0,886,100,829,0,
2026-03-25T11:00,9714,5666,24,1529,80,643,0,886,88,838,0,
2026-03-25T12:00,10107,5824,24,1713,40,662,0,886,100,858,0,ডে পিক
2026-03-25T13:00,11055,6147,24,2200,40,661,12,886,106,979,0,
2026-03-25T14:00,11278,6078,36,2530,40,630,7,886,112,959,0,
2026-03-25T15:00,10993,5944,40,2510,40,496,4,887,124,948,0,
2026-03-25T16:00,10421,5824,40,2381,40,251,8,886,118,873,0,
2026-03-25T17:00,9995,5550,40,2377,40,115,4,886,116,867,0,
2026-03-25T18:00,9922,5562,57,2380,40,5,1,886,122,869,0,
2026-03-25T19:00,10950,5584,87,3000,40,0,0,886,132,1221,0,সন্ধ্যা পিক
2026-03-25T19:30,10579,5256,48,3006,40,0,0,886,128,1215,0,
2026-03-25T20:00,10408,5164,32,2944,40,0,0,886,128,1214,0,
2026-03-25T21:00,10358,5234,24,2932,40,0,0,886,120,1122,0,
2026-03-25T22:00,10217,5210,24,2949,40,0,0,886,90,1018,0,
2026-03-25T23:00,10232,5361,24,2834,40,0,0,886,110,977,0,
2026-03-26T00:00,10135,5405,0,2727,40,0,0,886,110,967,0,
2026-03-26T01:00,9833,5405,0,2570,40,0,0,886,106,826,0,
2026-03-26T02:00,9552,5400,0,2306,40,0,2,871,106,827,0,
2026-03-26T03:00,9213,5315,0,2047,40,0,7,871,104,829,0,
2026-03-26T04:00,9009,5266,0,1895,40,0,8,871,100,829,0,
2026-03-26T05:00,8799,5063,0,1877,40,0,18,872,98,831,0,
2026-03-26T06:00,8443,4807,0,1789,40,0,13,871,94,829,0,
2026-03-26T07:00,8775,5146,0,1684,40,84,9,882,98,832,0,
2026-03-26T08:00,8990,5103,18,1755,40,259,0,886,102,827,0,
2026-03-26T09:00,9088,5090,24,1665,40,452,1,886,100,830,0,
2026-03-26T10:00,9235,5022,24,1671,40,640,5,889,112,832,0,
2026-03-26T11:00,9640,5311,24,1677,40,733,6,888,122,839,0,
2026-03-26T12:00,10277,5629,24,1908,76,770,8,888,126,848,0,ডে পিক
2026-03-26T13:00,11056,5704,50,2492,80,722,12,889,130,977,0,
2026-03-26T14:00,11246,5487,59,2897,70,650,2,888,138,1055,0,
2026-03-26T15:00,10967,5290,59,2983,80,462,0,888,142,1063,0,
2026-03-26T16:00,10583,5308,90,2796,80,313,3,888,138,967,0,
2026-03-26T17:00,10331,5268,90,2794,80,118,0,888,132,961,0,
2026-03-26T18:00,10607,5464,107,2869,80,5,0,888,122,1072,0,
2026-03-26T19:00,11719,5747,337,3135,80,0,0,888,134,1398,0,
2026-03-26T19:30,12141,5656,701,3241,80,0,0,883,134,1446,0,সন্ধ্যা পিক
2026-03-26T20:00,12120,5577,720,3265,80,0,2,884,138,1454,0,
2026-03-26T21:00,12077,5560,660,3299,80,0,0,884,136,1458,0,
2026-03-26T22:00,11881,5539,486,3294,80,0,0,885,140,1457,0,
2026-03-26T23:00,11480,5602,91,3211,80,0,0,884,140,1472,0,
2026-03-27T00:00,11178,5559,34,3098,80,0,0,884,128,1395,0,
2026-03-27T01:00,10911,5555,34,2967,80,0,0,884,124,1267,0,
2026-03-27T02:00,10393,5519,17,2645,80,0,0,888,124,1120,0,
2026-03-27T03:00,9939,5458,0,2382,80,0,2,889,116,1012,0,
2026-03-27T04:00,9555,5476,0,2172,80,0,0,889,116,822,0,
2026-03-27T05:00,9145,5215,0,2017,80,0,0,889,122,822,0,
2026-03-27T06:00,9064,5126,0,2031,80,0,0,889,112,826,0,
2026-03-27T07:00,9383,5335,0,2059,80,73,0,888,114,834,0,
2026-03-27T08:00,9806,5547,59,2042,80,246,0,889,116,827,0,
2026-03-27T09:00,9871,5357,90,2114,80,401,0,889,116,824,0,
2026-03-27T10:00,9978,5342,63,2155,80,501,0,889,120,828,0,
2026-03-27T11:00,10256,5274,85,2183,80,668,0,890,126,950,0,
2026-03-27T12:00,11052,5302,191,2664,80,604,1,889,140,1181,0,ডে পিক
2026-03-27T13:00,11972,5229,378,3157,80,692,7,889,142,1398,0,
2026-03-27T14:00,11479,5282,226,3067,80,558,8,889,142,1227,0,
2026-03-27T15:00,11284,5212,227,3092,80,405,8,889,142,1229,0,
2026-03-27T16:00,10880,4877,211,3147,80,289,4,888,134,1250,0,
2026-03-27T17:00,10537,4832,211,3139,80,108,7,888,120,1152,0,
2026-03-27T18:00,10766,4870,389,3149,80,2,0,889,132,1255,0,
2026-03-27T19:00,12542,5372,966,3641,80,0,0,888,140,1455,0,
2026-03-27T19:30,12729,5242,1190,3765,80,0,0,888,140,1424,0,সন্ধ্যা পিক
2026-03-27T20:00,12597,5339,894,3784,80,0,0,889,138,1473,0,
2026-03-27T21:00,12671,5331,886,3883,80,0,0,889,150,1452,0,
2026-03-27T22:00,12478,5363,661,3897,80,0,0,888,146,1443,0,
2026-03-27T23:00,12206,5316,422,3893,80,0,0,888,150,1457,0,
2026-03-28T00:00,12032,5316,262,3889,80,0,0,889,148,1448,0,
2026-03-28T01:00,11446,5193,75,3628,80,0,0,889,140,1441,0,
2026-03-28T02:00,10685,5179,17,3159,80,0,0,889,142,1219,0,
2026-03-28T03:00,9363,4856,0,2479,80,0,0,888,136,924,0,
2026-03-28T04:00,8480,4390,0,2155,80,0,0,889,136,830,0,
2026-03-28T05:00,7966,4179,0,2042,80,0,4,703,130,828,0,
2026-03-28T06:00,7732,4044,0,2031,80,0,5,608,134,830,0,
2026-03-28T07:00,7989,4128,0,2174,80,43,0,608,128,828,0,
2026-03-28T08:00,8683,4615,0,2328,80,92,0,608,124,836,0,
2026-03-28T09:00,9371,4881,1,2439,80,122,0,891,126,831,0,
2026-03-28T10:00,9567,4860,17,2429,80,333,0,891,126,831,0,
2026-03-28T11:00,9851,4893,69,2443,80,502,2,891,128,843,0,
2026-03-28T12:00,10399,5161,69,2685,80,523,0,891,146,844,0,ডে পিক
2026-03-28T13:00,10992,5130,118,3194,80,513,0,892,140,925,0,
2026-03-28T14:00,11056,5019,151,3515,80,323,0,891,152,925,0,
2026-03-28T15:00,11000,4930,157,3604,80,261,0,891,152,925,0,
2026-03-28T16:00,10832,4806,185,3605,80,272,16,891,148,829,0,
2026-03-28T17:00,10611,4808,159,3589,80,113,11,891,130,830,0,
2026-03-28T18:00,10675,4619,307,3706,80,8,14,891,144,906,0,
2026-03-28T19:00,12401,4870,976,4253,80,0,11,892,168,1151,0,সন্ধ্যা পিক
2026-03-28T19:30,12136,4826,574,4327,80,0,6,892,162,1269,0,
2026-03-28T20:00,12053,4843,382,4426,80,0,3,891,162,1266,0,
2026-03-28T21:00,12001,5005,282,4470,80,0,0,891,156,1177,0,
2026-03-28T22:00,11666,4931,171,4352,80,0,0,864,150,1118,0,
2026-03-28T23:00,11403,4927,67,4209,80,0,0,864,150,1106,0,
2026-03-29T00:00,11080,4983,58,3937,80,0,0,864,146,1012,0,
2026-03-29T01:00,10584,5012,42,3547,80,0,0,864,142,897,0,
2026-03-29T02:00,10194,5031,17,3230,80,0,0,864,142,830,0,
2026-03-29T03:00,9872,4956,0,3004,80,0,0,864,134,834,0,
2026-03-29T04:00,9634,4783,0,2936,80,0,0,864,138,833,0,
2026-03-29T05:00,9506,4707,0,2890,80,0,0,864,130,835,0,
2026-03-29T06:00,9494,4688,0,2899,80,0,3,863,128,833,0,
2026-03-29T07:00,10070,4902,33,3171,80,55,12,864,120,833,0,
2026-03-29T08:00,10585,4959,124,3391,80,173,2,902,124,830,0,
2026-03-29T09:00,10908,5083,147,3421,80,295,5,902,140,835,0,
2026-03-29T10:00,11174,5171,223,3433,80,385,2,902,144,834,0,
2026-03-29T11:00,11559,5214,247,3723,80,353,13,902,147,880,0,
2026-03-29T12:00,12171,5150,308,4240,80,296,14,901,158,1024,0,ডে পিক
2026-03-29T13:00,12627,4898,460,4453,80,376,14,903,158,1285,0,
2026-03-29T14:00,12509,4844,449,4394,80,398,11,902,156,1275,0,
2026-03-29T15:00,12393,4733,444,4399,80,392,11,903,164,1267,0,
2026-03-29T16:00,12001,4771,446,4318,80,212,5,902,158,1109,0,
2026-03-29T17:00,11609,4525,448,4303,80,96,2,902,148,1105,0,
2026-03-29T18:00,11869,4436,726,4350,80,7,3,902,160,1205,0,
2026-03-29T19:00,13417,4707,1334,4774,80,0,0,902,164,1456,0,সন্ধ্যা পিক
2026-03-29T19:30,12985,4772,805,4814,80,0,0,902,162,1450,0,
2026-03-29T20:00,12791,4815,655,4718,80,0,5,902,160,1456,0,
2026-03-29T21:00,12588,4904,564,4654,80,0,1,902,160,1323,0,
2026-03-29T22:00,12329,4800,373,4705,80,0,0,902,156,1313,0,
2026-03-29T23:00,12119,4808,256,4757,80,0,0,902,152,1164,0,
2026-03-30T00:00,11766,4818,158,4627,80,0,1,902,158,1022,0,
2026-03-30T01:00,11401,4804,127,4325,80,0,0,900,148,1017,0,
2026-03-30T02:00,10996,4724,102,4054,80,0,0,900,144,992,0,
2026-03-30T03:00,10710,4763,51,4018,80,0,0,900,136,762,0,
2026-03-30T04:00,10531,4695,35,3928,80,0,0,900,132,761,0,
2026-03-30T05:00,10303,4729,17,3760,80,0,0,900,132,685,0,
2026-03-30T06:00,10351,4786,4,3756,80,0,4,900,130,691,0,
2026-03-30T07:00,10992,4910,134,4022,80,71,0,900,130,745,0,
2026-03-30T08:00,11407,4724,245,4362,80,189,1,903,138,765,0,
2026-03-30T09:00,11709,4424,266,4749,80,376,0,905,144,765,0,
2026-03-30T10:00,11989,4573,289,4745,80,476,0,909,150,767,0,
2026-03-30T11:00,12047,4642,289,4846,80,628,0,909,176,766,0,
2026-03-30T12:00,12433,4665,432,4917,80,472,5,908,184,770,0,ডে পিক
2026-03-30T13:00,13035,4649,1017,4826,80,608,4,916,180,755,0,
2026-03-30T14:00,12932,4468,1168,4884,80,474,5,916,182,755,0,
2026-03-30T15:00,12893,4473,1192,4891,80,412,7,916,174,748,0,
2026-03-30T16:00,12659,4443,1169,4902,80,212,11,916,178,748,0,
2026-03-30T17:00,12623,4499,1224,4875,80,100,6,915,168,756,0,
2026-03-30T18:00,12560,4375,1495,4801,80,2,5,888,170,744,0,
2026-03-30T19:00,12852,4332,1844,4774,80,0,4,888,180,750,0,
2026-03-30T19:30,13035,4424,1802,4886,80,0,6,888,180,769,0,সন্ধ্যা পিক
2026-03-30T20:00,13023,4560,1710,4921,80,0,5,862,136,749,0,
2026-03-30T21:00,13031,4581,1668,4933,80,0,11,862,146,750,0,
2026-03-30T22:00,12736,4527,1423,4929,80,0,3,862,160,752,0,
2026-03-30T23:00,12760,4588,1402,4907,80,0,0,862,166,755,0,
2026-03-31T00:00,12514,4510,1256,4887,80,0,0,863,162,756,0,
2026-03-31T01:00,11964,4555,695,4868,80,0,0,864,162,740,0,
2026-03-31T02:00,11424,4612,137,4839,80,0,0,859,152,745,0,
2026-03-31T03:00,11144,4598,62,4646,80,0,0,858,152,748,0,
2026-03-31T04:00,10834,4612,46,4341,80,0,0,859,146,750,0,
2026-03-31T05:00,10588,4697,15,4040,80,0,4,859,146,747,0,
2026-03-31T06:00,10570,4713,15,4278,80,0,18,567,144,755,0,
2026-03-31T07:00,10963,4678,108,4544,80,68,29,566,136,754,0,
2026-03-31T08:00,11399,4621,352,4734,80,134,10,556,154,758,0,
2026-03-31T09:00,11823,4378,443,4884,80,252,0,863,158,765,0,
2026-03-31T10:00,11838,4204,492,4886,80,394,2,863,152,765,0,
2026-03-31T11:00,12180,4562,470,4919,80,346,13,868,150,772,0,
2026-03-31T12:00,12564,4498,932,4941,80,318,14,868,150,763,0,ডে পিক
2026-03-31T13:00,12603,4340,1173,4887,80,376,16,868,132,731,0,
2026-03-31T14:00,12284,4198,917,4894,80,407,13,868,140,767,0,
2026-03-31T15:00,12352,4359,896,4897,80,345,20,868,128,759,0,
2026-03-31T16:00,12391,4586,827,4887,80,237,19,868,124,763,0,
2026-03-31T17:00,12050,4640,776,4688,80,96,7,869,132,762,0,
2026-03-31T18:00,12405,4662,1241,4648,80,4,0,868,146,756,0,
2026-03-31T19:00,13622,4648,2176,4944,80,0,0,868,150,756,0,
2026-03-31T19:30,13839,4719,2306,4967,80,0,0,868,144,755,0,সন্ধ্যা পিক
2026-03-31T20:00,13831,4676,2348,4960,80,0,0,868,140,759,0,
2026-03-31T21:00,13719,4729,2190,4962,80,0,0,862,134,762,0,
2026-03-31T22:00,13408,4683,1907,4976,80,0,0,862,144,756,0,
2026-03-31T23:00,12935,4626,1543,4917,80,0,0,861,146,762,0,
2026-04-01T00:00,12589,4716,1114,4915,80,0,0,861,144,759,0,
2026-04-01T01:00,12032,4739,542,4919,80,0,3,868,128,753,0,
2026-04-01T02:00,11628,4700,180,4916,80,0,1,869,126,756,0,
2026-04-01T03:00,11311,4750,160,4566,80,0,0,869,130,756,0,
2026-04-01T04:00,10994,4667,161,4333,80,0,0,869,124,760,0,
2026-04-01T05:00,10823,4778,117,4191,80,0,0,868,124,665,0,
2026-04-01T06:00,10771,4765,117,4158,80,0,0,868,120,663,0,
2026-04-01T07:00,11406,4820,263,4467,80,40,0,868,116,752,0,
2026-04-01T08:00,11775,4838,363,4598,80,132,0,868,134,762,0,
2026-04-01T09:00,11888,4594,621,4581,80,250,0,868,138,756,0,
2026-04-01T10:00,12365,4714,844,4529,80,417,0,869,148,764,0,
2026-04-01T11:00,12738,4848,853,4565,75,618,0,868,156,755,0,
2026-04-01T12:00,13350,4796,1460,4563,75,664,4,868,156,764,0,ডে পিক
2026-04-01T13:00,13885,4629,2111,4607,71,647,9,868,178,765,0,
2026-04-01T14:00,13966,4637,2261,4558,75,626,9,868,170,762,0,
2026-04-01T15:00,14118,4712,2408,4637,75,466,8,868,182,762,0,
2026-04-01T16:00,13909,4718,2397,4645,75,255,8,868,176,767,0,
2026-04-01T17:00,13423,4640,2357,4445,75,109,9,868,166,754,0,
2026-04-01T18:00,13356,4501,2642,4355,80,6,2,842,172,756,0,
2026-04-01T19:00,14218,4589,3201,4568,80,0,0,841,184,755,0,সন্ধ্যা পিক
2026-04-01T19:30,14035,4556,3020,4502,80,0,0,842,178,757,0,
2026-04-01T20:00,13858,4673,2722,4602,80,0,0,842,176,763,0,
2026-04-01T21:00,12995,4879,1659,4601,80,0,0,841,174,761,0,
2026-04-01T22:00,13261,4864,1880,4660,80,0,0,841,174,762,0,
2026-04-01T23:00,13468,4794,2163,4652,80,0,0,842,178,759,0,
2026-04-02T00:00,13335,4791,2180,4648,80,0,0,710,176,750,0,
2026-04-02T01:00,12557,4730,1420,4554,80,0,0,855,164,754,0,
2026-04-02T02:00,12150,4746,982,4553,80,0,0,866,164,759,0,
2026-04-02T03:00,11736,4772,554,4555,80,0,0,866,154,755,0,
2026-04-02T04:00,11495,4811,272,4552,80,0,0,866,158,756,0,
2026-04-02T05:00,11257,4826,177,4403,80,0,0,855,156,760,0,
2026-04-02T06:00,11316,4921,212,4330,80,2,0,866,144,761,0,
2026-04-02T07:00,11756,4859,388,4564,80,87,0,866,148,764,0,
2026-04-02T08:00,12205,4669,828,4576,80,269,0,866,154,763,0,
2026-04-02T09:00,12555,4756,950,4554,80,435,0,866,154,760,0,
2026-04-02T10:00,12913,4839,1050,4579,80,575,0,865,162,763,0,
2026-04-02T11:00,13293,4665,1514,4574,80,660,1,866,176,757,0,
2026-04-02T12:00,13958,4735,2126,4593,80,613,2,866,184,759,0,ডে পিক
2026-04-02T13:00,14501,4659,2677,4574,80,695,8,866,184,758,0,
2026-04-02T14:00,14420,4468,2808,4606,80,631,8,866,192,761,0,
2026-04-02T15:00,14455,4703,2831,4584,80,430,8,866,192,761,0,
2026-04-02T16:00,14114,4694,2700,4556,80,263,4,866,188,763,0,
2026-04-02T17:00,13910,4677,2760,4480,80,115,0,866,176,756,0,
2026-04-02T18:00,14062,4826,2790,4555,80,9,1,865,176,760,0,
2026-04-02T19:00,14743,5048,3262,4547,80,0,0,866,180,760,0,
2026-04-02T19:30,14864,5037,3350,4584,80,0,0,865,184,764,0,সন্ধ্যা পিক
2026-04-02T20:00,14819,5039,3321,4575,80,0,0,866,178,760,0,
2026-04-02T21:00,14797,5057,3264,4587,80,0,0,866,178,765,0,
2026-04-02T22:00,14421,4784,3148,4605,80,0,0,866,172,766,0,
2026-04-02T23:00,14301,4791,3043,4588,80,0,1,866,172,760,0,
2026-04-03T00:00,14027,4832,2931,4390,80,0,0,866,166,762,0,
2026-04-03T01:00,13882,4814,2722,4472,80,0,0,865,172,757,0,
2026-04-03T02:00,13607,4803,2595,4345,80,0,0,866,162,756,0,
2026-04-03T03:00,13184,4836,2146,4329,80,0,0,866,162,765,0,
2026-04-03T04:00,12863,4868,1847,4274,80,0,0,866,162,766,0,
2026-04-03T05:00,12683,4850,1698,4271,80,0,0,866,160,758,0,
2026-04-03T06:00,12181,4882,1157,4284,80,2,0,866,148,762,0,
2026-04-03T07:00,12070,4959,1023,4185,80,66,0,866,130,761,0,
2026-04-03T08:00,12215,4875,1018,4285,80,207,0,866,124,760,0,
2026-04-03T09:00,12185,4890,979,4121,80,365,0,866,126,758,0,
2026-04-03T10:00,12341,4891,996,4098,80,529,0,866,126,755,0,
2026-04-03T11:00,12684,4951,1061,4186,80,642,0,866,144,754,0,
2026-04-03T12:00,13365,4918,1616,4273,80,715,0,866,142,755,0,ডে পিক
2026-04-03T13:00,13935,4905,2134,4341,80,709,7,866,140,753,0,
2026-04-03T14:00,13518,4957,1794,4286,80,634,7,866,140,754,0,
2026-04-03T15:00,13063,4763,1749,4210,80,493,7,866,134,761,0,
2026-04-03T16:00,12866,4729,1737,4257,80,305,7,866,128,757,0,
2026-04-03T17:00,12747,4692,1846,4247,80,111,9,866,134,762,0,
2026-04-03T18:00,12907,4572,2416,4036,80,8,6,866,144,759,0,
2026-04-03T19:00,13596,4781,2859,4142,80,0,2,814,158,760,0,
2026-04-03T19:30,13914,4820,2995,4237,80,0,0,865,158,759,0,
2026-04-03T20:00,14237,5083,3020,4264,80,0,0,866,162,762,0,
2026-04-03T21:00,14370,5216,2978,4307,80,0,0,865,162,762,0,সন্ধ্যা পিক
2026-04-03T22:00,14359,5251,2951,4291,80,0,0,866,160,760,0,
2026-04-03T23:00,14373,5320,2870,4313,80,0,0,866,160,764,0,
2026-04-04T00:00,14010,5182,2724,4231,80,0,0,864,162,767,0,
2026-04-04T01:00,13754,5110,2512,4267,80,0,0,863,164,758,0,
2026-04-04T02:00,13668,5173,2370,4260,80,0,0,867,160,758,0,
2026-04-04T03:00,13221,5219,1882,4256,80,0,0,867,154,763,0,
2026-04-04T04:00,13069,5202,1784,4221,80,0,0,867,152,763,0,
2026-04-04T05:00,12663,5238,1259,4309,80,0,0,867,148,762,0,
2026-04-04T06:00,12611,5142,1349,4261,80,2,0,867,148,762,0,
2026-04-04T07:00,12722,5128,1402,4275,80,75,0,867,138,757,0,
2026-04-04T08:00,12666,5068,1285,4252,80,214,0,869,140,758,0,
2026-04-04T09:00,12729,4985,1289,4237,80,369,0,869,140,760,0,
2026-04-04T10:00,12609,4917,1130,4153,80,568,0,869,138,754,0,
2026-04-04T11:00,12827,4943,1153,4253,80,613,2,878,140,757,0,
2026-04-04T12:00,13331,5236,1204,4339,80,637,0,884,178,756,0,ডে পিক
2026-04-04T13:00,13558,5118,1546,4278,80,709,4,884,182,757,0,
2026-04-04T14:00,13678,5232,1774,4145,80,596,9,896,190,756,0,
2026-04-04T15:00,13649,5203,1854,4150,80,500,17,896,190,759,0,
2026-04-04T16:00,13638,5091,2038,4284,80,287,15,896,186,761,0,
2026-04-04T17:00,13868,5159,2025,4629,80,126,12,896,180,761,0,
2026-04-04T18:00,14027,5146,2264,4690,80,8,6,896,178,759,0,
2026-04-04T19:00,14662,5113,2803,4811,80,0,3,908,186,758,0,
2026-04-04T19:30,14791,5134,2940,4783,80,0,4,909,182,759,0,
2026-04-04T20:00,14939,5209,2969,4832,80,0,3,909,180,757,0,সন্ধ্যা পিক
2026-04-04T21:00,14811,5110,2949,4830,80,0,0,908,180,754,0,
2026-04-04T22:00,14623,5103,2847,4759,80,0,0,897,180,757,0,
2026-04-04T23:00,14374,5122,2773,4566,80,0,0,896,178,759,0,
2026-04-05T00:00,13969,5122,2680,4279,80,0,0,869,174,765,0,
2026-04-05T01:00,13674,5038,2583,4173,80,0,0,868,170,762,0,
2026-04-05T02:00,13742,5135,2534,4189,80,0,0,869,172,763,0,
2026-04-05T03:00,13704,5129,2506,4190,80,0,0,869,168,762,0,
2026-04-05T04:00,13724,5164,2487,4200,80,0,1,869,162,761,0,
2026-04-05T05:00,13562,5089,2428,4170,80,0,0,868,162,765,0,
2026-04-05T06:00,13457,5059,2442,4062,80,2,0,892,158,762,0,
2026-04-05T07:00,13600,5051,2388,4162,80,106,5,892,150,766,0,
2026-04-05T08:00,13646,4975,2340,4164,80,273,0,896,156,762,0,
2026-04-05T09:00,13662,4840,2333,4221,80,368,0,897,164,759,0,ডে পিক
2026-04-05T10:00,13332,4866,2116,4138,80,312,0,896,164,760,0,
2026-04-05T11:00,12970,4739,1854,4058,80,391,12,897,178,761,0,
2026-04-05T12:00,12894,4765,1833,3955,80,400,7,896,196,762,0,
2026-04-05T13:00,12415,4546,1658,3910,80,366,4,896,192,763,0,
2026-04-05T14:00,12329,4681,1325,3959,80,434,16,896,176,762,0,
2026-04-05T15:00,12542,4828,1349,3989,80,446,13,897,184,756,0,
2026-04-05T16:00,12549,4713,1631,3959,80,326,7,896,182,755,0,
2026-04-05T17:00,12766,4701,2034,3980,80,129,0,911,178,753,0,
2026-04-05T18:00,13104,4709,2480,3986,80,7,0,916,172,754,0,
2026-04-05T19:00,13540,4819,2723,4063,80,0,0,921,180,754,0,
2026-04-05T19:30,13722,4896,2853,4055,80,0,0,923,160,755,0,
2026-04-05T20:00,13736,4947,2893,3978,80,0,0,922,160,756,0,
2026-04-05T21:00,13828,5103,2805,3985,80,0,0,922,178,755,0,সন্ধ্যা পিক
2026-04-05T22:00,13539,5022,2607,3979,80,0,1,922,174,754,0,
2026-04-05T23:00,13468,5034,2514,3971,80,0,6,923,178,762,0,
2026-04-06T00:00,13384,5085,2385,3972,80,0,7,922,176,757,0,
2026-04-06T01:00,13176,5053,2266,3925,80,0,0,922,170,760,0,
2026-04-06T02:00,12685,5067,1735,3951,80,0,0,923,168,761,0,
2026-04-06T03:00,12364,5125,1519,3794,80,0,0,923,166,757,0,
2026-04-06T04:00,11990,5111,1158,3803,80,0,0,922,154,762,0,
2026-04-06T05:00,11783,5092,1015,3762,80,0,0,923,154,757,0,
2026-04-06T06:00,11708,5204,933,3659,80,4,0,923,146,759,0,
2026-04-06T07:00,12023,5105,1273,3640,80,102,0,923,144,756,0,
2026-04-06T08:00,12066,4895,1485,3568,80,205,0,923,156,754,0,
2026-04-06T09:00,12470,5008,1507,3611,80,420,0,923,164,757,0,
2026-04-06T10:00,12074,4794,1649,3332,80,384,0,923,160,752,0,
2026-04-06T11:00,12624,4933,1920,3348,80,494,2,922,166,759,0,
2026-04-06T12:00,13147,4899,2147,3588,80,585,6,923,164,755,0,ডে পিক
2026-04-06T13:00,13124,4865,2111,3612,80,589,8,922,178,759,0,
2026-04-06T14:00,13177,4827,2111,3835,80,458,6,923,180,757,0,
2026-04-06T15:00,13291,4918,2098,3949,80,371,9,923,186,757,0,
2026-04-06T16:00,13131,4968,2048,3939,80,238,4,923,176,755,0,
2026-04-06T17:00,13096,4959,2156,3921,80,133,6,922,168,751,0,
2026-04-06T18:00,13295,5026,2392,3943,80,5,0,923,172,754,0,
2026-04-06T19:00,13584,5088,2617,3943,80,0,0,923,180,753,0,
2026-04-06T19:30,13616,4964,2747,3966,80,0,0,923,184,752,0,
2026-04-06T20:00,13676,4956,2771,4011,80,0,0,923,182,753,0,
2026-04-06T21:00,13847,4976,2796,4132,80,0,0,923,186,754,0,সন্ধ্যা পিক
2026-04-06T22:00,13790,4938,2746,4157,80,0,0,924,190,755,0,
2026-04-06T23:00,13394,4750,2589,4102,80,0,0,922,194,757,0,
2026-04-07T00:00,12492,4627,1705,4205,80,0,0,923,190,762,0,
2026-04-07T01:00,10212,4277,499,3669,80,0,0,822,184,681,0,
2026-04-07T02:00,9498,4425,83,3245,80,0,20,923,98,624,0,
2026-04-07T03:00,9322,4510,66,3037,80,0,29,923,128,549,0,
2026-04-07T04:00,9236,4558,66,2935,80,0,17,923,142,515,0,
2026-04-07T05:00,9309,4620,68,2964,80,0,0,922,134,521,0,
2026-04-07T06:00,9466,4836,76,2807,80,2,1,922,130,612,0,
2026-04-07T07:00,9891,4934,124,2981,80,110,0,922,130,610,0,
2026-04-07T08:00,10461,4950,256,3207,80,295,0,923,130,620,0,
2026-04-07T09:00,11205,5117,331,3359,80,488,0,923,142,765,0,
2026-04-07T10:00,11589,5134,379,3574,80,591,0,922,144,765,0,
2026-04-07T11:00,11951,4944,585,3743,80,761,0,923,154,761,0,
2026-04-07T12:00,12758,5033,1037,4007,80,755,0,923,164,759,0,ডে পিক
2026-04-07T13:00,13540,4999,1706,4147,80,751,5,923,168,761,0,
2026-04-07T14:00,13274,5064,2035,3592,80,652,5,923,162,761,0,
2026-04-07T15:00,13060,5028,2086,3561,80,442,0,922,176,765,0,
2026-04-07T16:00,12759,5026,2010,3569,80,224,0,922,168,760,0,
2026-04-07T17:00,12484,4896,2056,3508,80,87,0,923,172,762,0,
2026-04-07T18:00,12570,4874,2329,3440,80,10,0,922,160,755,0,
2026-04-07T19:00,13305,5031,2744,3584,80,0,0,923,186,757,0,সন্ধ্যা পিক
2026-04-07T19:30,13077,4801,2801,3532,80,0,0,923,182,758,0,
2026-04-07T20:00,11981,4597,2218,3255,80,0,0,923,186,722,0,
2026-04-07T21:00,9569,4624,422,2728,80,0,3,922,178,612,0,
2026-04-07T22:00,9811,5155,348,2612,80,0,1,922,172,521,0,
2026-04-07T23:00,9817,5162,248,2759,80,0,34,922,134,478,0,
2026-04-08T00:00,10099,5181,112,3127,80,0,39,922,162,476,0,
2026-04-08T01:00,10294,5173,93,3293,80,0,14,922,156,563,0,
2026-04-08T02:00,10383,5251,77,3151,80,0,26,922,154,722,0,
2026-04-08T03:00,10123,5267,65,2920,80,0,4,922,144,721,0,
2026-04-08T04:00,9955,5269,64,2757,80,0,1,922,146,716,0,
2026-04-08T05:00,9747,5313,67,2495,80,0,0,923,148,721,0,
2026-04-08T06:00,9838,5337,75,2556,80,5,1,922,140,722,0,
2026-04-08T07:00,10617,5299,185,3107,80,129,2,923,128,764,0,
2026-04-08T08:00,10982,5122,223,3446,80,286,0,922,144,759,0,
2026-04-08T09:00,11376,5302,272,3467,80,426,0,922,150,757,0,
2026-04-08T10:00,11545,5241,402,3467,80,511,0,922,160,762,0,
2026-04-08T11:00,11889,5215,637,3481,80,629,0,922,162,763,0,
2026-04-08T12:00,12427,5168,1178,3508,80,629,2,923,174,765,0,ডে পিক
2026-04-08T13:00,12938,5100,1719,3508,80,663,6,923,174,765,0,
2026-04-08T14:00,13041,5095,1907,3491,80,591,13,923,178,763,0,
2026-04-08T15:00,13046,5026,2108,3483,80,483,2,923,180,761,0,
2026-04-08T16:00,13059,5049,2201,3549,80,319,0,922,182,757,0,
2026-04-08T17:00,12969,5072,2321,3502,80,130,0,923,180,761,0,
2026-04-08T18:00,12823,4743,2637,3501,80,6,0,923,174,759,0,
2026-04-08T19:00,13245,4848,2796,3655,80,0,0,923,184,759,0,
2026-04-08T19:30,13177,4721,2859,3660,80,0,0,923,187,756,0,
2026-04-08T20:00,13355,4823,2909,3681,80,0,0,923,180,759,0,সন্ধ্যা পিক
2026-04-08T21:00,13280,4931,2711,3690,80,0,0,923,182,763,0,
2026-04-08T22:00,12654,4749,2397,3570,80,0,0,922,174,762,0,
2026-04-08T23:00,12028,4673,1882,3578,80,0,0,922,182,711,0,
2026-04-09T00:00,10374,4612,501,3572,80,0,0,923,180,506,0,
2026-04-09T01:00,10802,4871,488,3809,80,0,0,923,170,461,0,
2026-04-09T02:00,11005,4754,844,3820,80,0,0,923,80,416,0,
2026-04-09T03:00,10857,4660,842,3771,80,0,0,922,158,424,0,
2026-04-09T04:00,10453,4623,582,3663,80,0,2,922,156,425,0,
2026-04-09T05:00,9989,4774,243,3385,80,0,2,923,150,432,0,
2026-04-09T06:00,9890,4767,216,3315,80,3,12,922,146,429,0,
2026-04-09T07:00,10176,4839,231,3332,80,57,12,923,142,560,0,
2026-04-09T08:00,10415,4824,274,3304,80,189,5,923,90,726,0,
2026-04-09T09:00,10826,4731,313,3565,80,367,0,923,124,723,0,
2026-04-09T10:00,11224,4856,462,3673,80,363,10,922,124,734,0,
2026-04-09T11:00,11624,4766,1095,3579,40,355,5,922,126,736,0,
2026-04-09T12:00,12011,4811,1462,3476,80,351,12,922,136,761,0,ডে পিক
2026-04-09T13:00,12240,4762,1751,3483,80,320,26,922,138,758,0,
2026-04-09T14:00,12115,4864,1457,3476,80,418,2,921,136,761,0,
2026-04-09T15:00,11896,4837,1315,3484,80,356,0,921,136,767,0,
2026-04-09T16:00,11608,4792,1260,3398,80,252,8,921,132,765,0,
2026-04-09T17:00,11552,4771,1381,3393,80,123,0,921,120,763,0,
2026-04-09T18:00,11856,5012,1569,3378,80,13,0,921,124,759,0,
2026-04-09T19:00,13003,5290,2346,3446,80,0,29,921,132,759,0,সন্ধ্যা পিক
2026-04-09T19:30,12912,5248,2348,3422,80,0,9,921,126,758,0,
2026-04-09T20:00,12609,5345,1976,3411,80,0,0,920,124,753,0,
2026-04-09T21:00,12306,5503,1607,3321,80,0,0,920,124,751,0,
2026-04-09T22:00,11955,5411,1578,3087,80,0,0,920,124,755,0,
2026-04-09T23:00,11448,5280,1185,3096,80,0,0,920,126,761,0,
2026-04-10T00:00,11124,5202,993,3038,80,0,0,921,128,762,0,
2026-04-10T01:00,10680,5171,602,3023,80,0,0,921,122,761,0,
2026-04-10T02:00,10043,4999,167,3003,80,0,0,920,120,754,0,
2026-04-10T03:00,9528,4922,0,2770,80,0,0,921,120,715,0,
2026-04-10T04:00,9117,4836,0,2550,80,0,0,921,110,620,0,
2026-04-10T05:00,8864,4869,0,2406,80,0,0,920,108,481,0,
2026-04-10T06:00,8827,5079,0,2418,80,4,0,657,108,481,0,
2026-04-10T07:00,9216,4962,25,2617,80,91,1,657,106,677,0,
2026-04-10T08:00,9571,4970,25,2748,80,222,0,656,108,762,0,
2026-04-10T09:00,9818,4909,33,2808,80,417,0,703,108,760,0,
2026-04-10T10:00,9991,4970,81,2667,80,624,0,759,110,700,0,
2026-04-10T11:00,10328,5077,82,2826,80,518,0,921,116,703,0,
2026-04-10T12:00,11208,4914,785,2958,80,641,0,921,132,760,0,ডে পিক
2026-04-10T13:00,11977,5006,1301,2997,80,756,4,921,148,764,0,
2026-04-10T14:00,11242,5097,670,2940,80,617,10,921,146,761,0,
2026-04-10T15:00,10860,4994,465,2961,80,520,13,921,146,760,0,
2026-04-10T16:00,10537,5002,456,2799,80,381,6,921,126,766,0,
2026-04-10T17:00,10429,5142,512,2735,80,155,3,920,120,762,0,
2026-04-10T18:00,10640,5217,714,2828,80,16,0,892,130,763,0,
2026-04-10T19:00,12127,5276,2011,2979,80,0,0,879,140,762,0,
2026-04-10T19:30,12713,5220,2689,2950,80,0,0,879,134,761,0,সন্ধ্যা পিক
2026-04-10T20:00,12408,5364,2205,2982,80,0,0,878,142,757,0,
2026-04-10T21:00,12463,5386,2155,3062,80,0,0,879,140,761,0,
2026-04-10T22:00,12368,5413,2040,3048,80,0,0,879,146,762,0,
2026-04-10T23:00,12076,5453,1707,3043,80,0,0,879,150,764,0,
2026-04-11T00:00,11604,5562,1125,3049,80,0,0,879,146,763,0,
2026-04-11T01:00,11163,5512,747,3047,80,0,0,879,136,762,0,
2026-04-11T02:00,10693,5491,297,3054,80,0,0,879,130,762,0,
2026-04-11T03:00,10277,5511,23,2891,80,0,0,879,130,763,0,
2026-04-11T04:00,10095,5694,17,2563,80,0,0,879,130,732,0,
2026-04-11T05:00,9732,5613,17,2393,80,0,0,879,122,628,0,
2026-04-11T06:00,9950,5542,44,2550,80,6,0,880,118,730,0,
2026-04-11T07:00,10616,5506,279,2891,80,111,0,879,114,756,0,
2026-04-11T08:00,10989,5379,471,2978,80,322,0,879,126,754,0,
2026-04-11T09:00,11211,5316,563,2965,80,528,0,879,132,748,0,
2026-04-11T10:00,11355,4960,901,2964,80,680,0,879,146,745,0,
2026-04-11T11:00,11798,5229,1008,2963,80,766,0,879,134,739,0,
2026-04-11T12:00,12416,5219,1601,3000,80,764,1,879,142,730,0,ডে পিক
2026-04-11T13:00,12690,5084,1991,3021,80,757,3,879,146,729,0,
2026-04-11T14:00,12627,5043,2126,2982,80,640,1,879,146,730,0,
2026-04-11T15:00,12701,5082,2208,2999,80,526,5,879,170,752,0,
2026-04-11T16:00,12631,5112,2290,2995,80,339,7,880,176,752,0,
2026-04-11T17:00,12735,5040,2584,2997,80,133,7,879,166,849,0,
2026-04-11T18:00,13267,5108,2876,3126,80,14,2,879,162,1020,0,
2026-04-11T19:00,13700,5210,2993,3218,80,0,5,879,174,1141,0,
2026-04-11T19:30,13826,5075,3092,3275,80,0,7,879,174,1244,0,
2026-04-11T20:00,13843,5067,3074,3279,80,0,3,879,172,1289,0,
2026-04-11T21:00,13925,5163,2978,3273,80,0,0,879,170,1382,0,সন্ধ্যা পিক
2026-04-11T22:00,13959,5322,2857,3172,80,0,0,879,172,1477,0,
2026-04-11T23:00,13713,5297,2770,3016,80,0,0,880,174,1496,0,
2026-04-12T00:00,13319,5212,2581,2882,80,0,0,879,172,1513,0,
2026-04-12T01:00,12762,5230,2013,2901,80,0,0,879,166,1493,0,
2026-04-12T02:00,12302,5246,1556,2880,80,0,0,879,162,1499,0,
2026-04-12T03:00,11989,5258,1225,2884,80,0,0,879,158,1505,0,
2026-04-12T04:00,11561,5289,881,2782,80,0,0,879,154,1496,0,
2026-04-12T05:00,11526,5254,881,2773,80,0,0,879,152,1507,0,
2026-04-12T06:00,11630,5350,871,2791,80,8,0,879,144,1507,0,
2026-04-12T07:00,12015,5381,1074,2838,80,103,0,879,148,1512,0,
2026-04-12T08:00,12232,5198,1298,2852,80,264,0,879,156,1505,0,
2026-04-12T09:00,12626,5177,1277,3059,80,490,0,879,158,1506,0,
2026-04-12T10:00,13064,5157,1524,3137,80,609,4,881,172,1500,0,
2026-04-12T11:00,13276,5247,1664,3172,80,714,12,881,170,1336,0,
2026-04-12T12:00,13640,5164,1785,3302,120,746,18,880,176,1449,0,ডে পিক
2026-04-12T13:00,13857,5090,2037,3381,80,732,20,881,180,1456,0,
2026-04-12T14:00,13770,4972,2200,3347,80,643,18,881,174,1455,0,
2026-04-12T15:00,13902,5174,2245,3387,80,497,11,881,178,1449,0,
2026-04-12T16:00,13554,5135,2146,3374,80,312,12,882,174,1439,0,
2026-04-12T17:00,13407,5031,2323,3341,80,122,9,881,164,1456,0,
2026-04-12T18:00,13679,5165,2552,3378,80,13,4,877,160,1450,0,
2026-04-12T19:00,13847,4946,2800,3508,80,0,4,877,184,1448,0,
2026-04-12T19:30,13972,5024,2828,3538,80,0,2,877,178,1445,0,
2026-04-12T20:00,14047,5049,2838,3568,80,0,2,877,184,1449,0,
2026-04-12T21:00,14147,5196,2730,3625,80,0,0,877,182,1457,0,সন্ধ্যা পিক
2026-04-12T22:00,14189,5229,2706,3652,80,0,0,877,184,1461,0,
2026-04-12T23:00,13940,5137,2549,3634,80,0,0,877,190,1473,0,
2026-04-13T00:00,13735,5184,2356,3574,80,0,0,877,190,1474,0,
2026-04-13T01:00,13307,5143,2008,3559,80,0,0,877,172,1468,0,
2026-04-13T02:00,13177,5118,1868,3580,80,0,1,877,172,1479,0,
2026-04-13T03:00,13095,5139,1758,3586,80,0,7,877,172,1476,0,
2026-04-13T04:00,12924,5032,1693,3576,80,0,14,877,172,1480,0,
2026-04-13T05:00,12758,5073,1569,3500,80,0,14,877,164,1481,0,
2026-04-13T06:00,12780,5134,1566,3486,80,6,3,877,156,1472,0,
2026-04-13T07:00,13021,5288,1519,3521,80,105,1,877,156,1474,0,
2026-04-13T08:00,12967,5062,1531,3522,80,266,4,883,158,1461,0,
2026-04-13T09:00,13325,5268,1516,3490,80,463,0,884,162,1462,0,
2026-04-13T10:00,13167,5132,1419,3501,80,503,6,884,178,1464,0,
2026-04-13T11:00,13419,5157,1513,3511,80,635,7,883,176,1457,0,
2026-04-13T12:00,13530,5143,1522,3522,80,723,3,883,182,1472,0,ডে পিক
2026-04-13T13:00,13645,5124,1657,3560,110,650,5,883,180,1476,0,
2026-04-13T14:00,13445,4992,1713,3556,70,595,8,883,182,1446,0,
2026-04-13T15:00,13521,5096,1819,3531,70,450,11,883,190,1471,0,
2026-04-13T16:00,13332,5166,1900,3318,70,308,9,883,196,1482,0,
2026-04-13T17:00,12843,5027,2161,2961,70,123,4,883,190,1469,0,
2026-04-13T18:00,13069,4850,2678,2936,70,12,5,883,180,1455,0,
2026-04-13T19:00,13822,4970,2885,3270,70,0,4,881,202,1540,0,
2026-04-13T19:30,13725,4852,2920,3258,70,0,1,882,188,1564,0,
2026-04-13T20:00,14192,5123,2944,3423,70,0,0,882,188,1562,0,
2026-04-13T21:00,14194,5097,2940,3519,70,0,0,881,186,1501,0,সন্ধ্যা পিক
2026-04-13T22:00,13861,4950,2797,3530,70,0,0,882,192,1440,0,
2026-04-13T23:00,13441,4894,2607,3354,70,0,2,881,194,1439,0,
2026-04-14T00:00,12839,5067,2138,3040,70,0,2,881,190,1451,0,
2026-04-14T01:00,12440,4888,1986,2924,70,0,1,881,192,1498,0,
2026-04-14T02:00,12271,4869,1849,2911,70,0,1,881,184,1506,0,
2026-04-14T03:00,12312,4955,1791,2920,70,0,0,881,182,1513,0,
2026-04-14T04:00,12227,4983,1677,2911,70,0,2,888,184,1512,0,
2026-04-14T05:00,12157,4928,1668,2918,70,0,6,888,180,1499,0,
2026-04-14T06:00,12160,4915,1690,2920,72,7,6,892,162,1496,0,
2026-04-14T07:00,12262,4951,1686,2958,72,83,3,892,154,1463,0,
2026-04-14T08:00,12054,4715,1624,2904,70,215,0,905,156,1465,0,
2026-04-14T09:00,12263,4748,1630,2922,70,373,1,909,156,1454,0,
2026-04-14T10:00,12621,5011,1627,2917,70,447,0,909,162,1477,0,
2026-04-14T11:00,12796,5081,1626,2914,70,544,1,908,162,1490,0,
2026-04-14T12:00,13043,5167,1661,2956,70,590,4,909,176,1510,0,ডে পিক
2026-04-14T13:00,13040,5058,1769,2965,69,573,7,908,186,1505,0,
2026-04-14T14:00,12904,4901,1841,2963,69,519,15,908,180,1508,0,
2026-04-14T15:00,12902,5048,1818,2948,69,394,15,908,182,1520,0,
2026-04-14T16:00,12873,5178,1818,2927,70,268,15,908,176,1513,0,
2026-04-14T17:00,12859,5136,2037,2908,70,128,17,909,166,1488,0,
2026-04-14T18:00,12863,5067,2370,2780,70,14,11,909,162,1480,0,
2026-04-14T19:00,13981,5367,2763,3191,70,0,19,908,182,1481,0,
2026-04-14T19:30,13949,5275,2817,3192,70,0,23,909,180,1483,0,
2026-04-14T20:00,14080,5353,2800,3283,70,0,10,908,178,1478,0,সন্ধ্যা পিক
2026-04-14T21:00,14068,5342,2713,3376,70,0,2,908,192,1467,0,
2026-04-14T22:00,13964,5335,2603,3382,70,0,7,908,192,1467,0,
2026-04-14T23:00,13558,5284,2435,3175,70,0,5,908,190,1491,0,
2026-04-15T00:00,13175,5476,2079,2973,70,0,1,909,186,1481,0,
2026-04-15T01:00,12732,5467,1763,2881,70,0,0,909,186,1456,0,
2026-04-15T02:00,12584,5304,1764,2878,70,0,0,909,180,1479,0,
2026-04-15T03:00,12496,5234,1741,2883,70,0,0,908,176,1484,0,
2026-04-15T04:00,12514,5282,1719,2881,70,0,1,908,172,1481,0,
2026-04-15T05:00,12493,5297,1717,2879,70,0,5,909,172,1444,0,
2026-04-15T06:00,12715,5513,1691,2886,70,6,6,909,170,1464,0,
2026-04-15T07:00,12327,5076,1678,2864,70,94,8,908,160,1469,0,
2026-04-15T08:00,12716,5306,1651,2885,70,256,5,907,176,1460,0,
2026-04-15T09:00,12915,5358,1655,2871,70,404,5,907,186,1459,0,
2026-04-15T10:00,12988,5240,1660,2860,70,559,19,907,178,1495,0,
2026-04-15T11:00,12940,5235,1652,2857,70,544,17,908,172,1485,0,
2026-04-15T12:00,13045,5280,1652,2866,70,578,21,908,176,1494,0,ডে পিক
2026-04-15T13:00,13112,5206,1690,2870,68,669,29,907,186,1487,0,
2026-04-15T14:00,12790,5007,1632,2872,68,601,27,908,188,1487,0,
2026-04-15T15:00,12670,5027,1651,2936,68,373,27,907,188,1493,0,
2026-04-15T16:00,12695,5150,1668,2949,68,264,24,907,180,1485,0,
2026-04-15T17:00,12777,5068,1907,3031,70,115,19,908,174,1485,0,
2026-04-15T18:00,12716,4848,2173,3038,70,10,10,907,170,1490,0,
2026-04-15T19:00,13583,5126,2540,3248,70,0,8,907,196,1488,0,
2026-04-15T19:30,13497,5008,2603,3233,70,0,7,907,190,1479,0,
2026-04-15T20:00,13688,5174,2610,3252,70,0,9,907,186,1480,0,
2026-04-15T21:00,13848,5231,2697,3261,70,0,6,908,194,1481,0,সন্ধ্যা পিক
2026-04-15T22:00,13698,5150,2653,3265,70,0,1,907,192,1460,0,
2026-04-15T23:00,13451,5058,2485,3264,70,0,0,908,192,1474,0,
2026-04-16T00:00,12828,5028,1847,3327,70,0,0,907,184,1465,0,
2026-04-16T01:00,12462,5273,1275,3295,70,0,0,907,182,1460,0,
2026-04-16T02:00,12265,5206,1111,3329,70,0,3,908,176,1462,0,
2026-04-16T03:00,12060,5265,1080,3095,70,0,13,908,172,1457,0,
2026-04-16T04:00,12042,5328,1037,3047,70,0,20,908,166,1466,0,
2026-04-16T05:00,11985,5287,1037,3042,70,0,14,907,162,1466,0,
2026-04-16T06:00,11972,5339,1050,2980,70,5,8,908,150,1462,0,
2026-04-16T07:00,11918,5313,1002,2941,70,67,6,908,150,1461,0,
2026-04-16T08:00,11944,5300,1010,2871,70,188,1,908,134,1462,0,
2026-04-16T09:00,12001,5169,1021,2870,70,350,4,907,140,1470,0,
2026-04-16T10:00,12013,5081,983,2868,70,488,1,908,154,1460,0,
2026-04-16T11:00,12221,5122,1035,2862,70,578,14,908,160,1472,0,
2026-04-16T12:00,12417,5178,1034,3036,70,539,18,908,160,1474,0,ডে পিক
2026-04-16T13:00,12324,5118,1072,3027,70,486,25,908,170,1448,0,
2026-04-16T14:00,12378,5181,1130,3028,66,404,24,908,168,1469,0,
2026-04-16T15:00,12433,5208,1162,3116,66,310,23,907,172,1469,0,
2026-04-16T16:00,12560,5112,1263,3342,68,192,7,907,194,1475,0,
2026-04-16T17:00,13148,5050,1721,3657,68,69,3,908,192,1480,0,
2026-04-16T18:00,13581,5174,2053,3684,70,13,0,908,174,1505,0,
2026-04-16T19:00,14495,5180,2494,4160,70,0,0,907,190,1494,0,
2026-04-16T19:30,14776,5268,2605,4254,70,0,0,908,182,1489,0,
2026-04-16T20:00,14816,5310,2622,4245,70,0,0,907,180,1482,0,
2026-04-16T21:00,14846,5370,2574,4288,70,0,0,908,164,1472,0,সন্ধ্যা পিক
2026-04-16T22:00,14891,5348,2538,4346,70,0,0,908,200,1481,0,
2026-04-16T23:00,14083,5109,2074,4245,70,0,0,906,192,1487,0,
2026-04-17T00:00,13427,5128,1735,3938,70,0,0,908,178,1470,0,
2026-04-17T01:00,12758,5097,1198,3848,68,0,0,908,176,1463,0,
2026-04-17T02:00,12611,5096,1110,3793,67,0,0,908,166,1471,0,
2026-04-17T03:00,12634,5119,1102,3806,67,0,0,907,168,1465,0,
2026-04-17T04:00,12531,5094,1042,3788,68,0,0,907,162,1470,0,
2026-04-17T05:00,12592,5054,1116,3805,69,0,0,907,172,1469,0,
2026-04-17T06:00,12611,5000,1236,3779,70,10,0,907,140,1469,0,
2026-04-17T07:00,12550,4882,1193,3780,70,115,0,907,134,1469,0,
2026-04-17T08:00,12775,5087,1036,3789,70,273,0,910,144,1466,0,
2026-04-17T09:00,12830,5112,933,3764,70,425,0,910,154,1462,0,
2026-04-17T10:00,12902,5137,933,3704,70,527,0,909,148,1474,0,
2026-04-17T11:00,13031,5086,969,3759,70,573,0,909,154,1511,0,
2026-04-17T12:00,13294,5092,1018,3920,70,614,1,910,164,1505,0,ডে পিক
2026-04-17T13:00,13447,5135,1041,4033,70,576,5,909,176,1496,0,
2026-04-17T14:00,13306,5086,1134,3938,68,498,8,910,176,1488,0,
2026-04-17T15:00,13067,4766,1122,4112,66,427,8,910,176,1480,0,
2026-04-17T16:00,13118,4921,1257,4048,67,271,11,909,162,1472,0,
2026-04-17T17:00,13078,4836,1517,3992,69,116,6,910,160,1472,0,
2026-04-17T18:00,13387,4815,1842,4112,70,14,0,910,152,1472,0,
2026-04-17T19:00,13932,4824,2267,4235,70,0,0,909,158,1469,0,
2026-04-17T19:30,14054,4847,2391,4306,70,0,0,815,154,1471,0,
2026-04-17T20:00,14316,5056,2426,4361,70,0,0,767,160,1476,0,সন্ধ্যা পিক
2026-04-17T21:00,14285,5092,2417,4347,70,0,0,767,148,1444,0,
2026-04-17T22:00,14561,5269,2332,4525,70,0,0,767,156,1442,0,
2026-04-17T23:00,14430,5199,2150,4532,70,0,0,862,156,1461,0,
2026-04-18T00:00,13742,5017,1624,4486,70,0,0,909,156,1480,0,
2026-04-18T01:00,13115,4873,1136,4550,70,0,0,850,158,1478,0,
2026-04-18T02:00,13166,4935,1153,4563,66,0,0,815,158,1476,0,
2026-04-18T03:00,13262,4918,1175,4560,66,0,0,909,156,1478,0,
2026-04-18T04:00,13274,4977,1133,4555,66,0,0,910,152,1481,0,
2026-04-18T05:00,13217,5014,1134,4457,68,0,0,909,148,1487,0,
2026-04-18T06:00,13216,5008,1148,4458,69,7,0,910,136,1480,0,
2026-04-18T07:00,13336,5083,1109,4450,70,67,0,910,138,1509,0,
2026-04-18T08:00,13326,4864,1052,4557,70,150,0,884,140,1509,0,
2026-04-18T09:00,13502,4999,1014,4514,70,372,0,883,144,1506,0,
2026-04-18T10:00,13420,5251,794,4412,70,389,0,883,152,1469,0,
2026-04-18T11:00,13728,5349,791,4432,70,560,2,884,172,1468,0,
2026-04-18T12:00,13682,5333,840,4421,70,459,12,883,186,1478,0,ডে পিক
2026-04-18T13:00,13748,5271,940,4456,60,420,14,883,198,1506,0,
2026-04-18T14:00,13710,5162,985,4420,60,480,12,883,198,1510,0,
2026-04-18T15:00,13582,5152,980,4328,60,449,12,883,206,1512,0,
2026-04-18T16:00,13393,5082,1165,4250,30,293,8,860,194,1511,0,
2026-04-18T17:00,13436,5022,1442,4257,60,111,5,860,176,1503,0,
2026-04-18T18:00,13594,4831,1844,4313,60,15,2,861,160,1508,0,
2026-04-18T19:00,14411,4983,2503,4362,60,0,5,843,146,1509,0,
2026-04-18T19:30,14699,5007,2648,4560,60,0,11,774,142,1497,0,
2026-04-18T20:00,14767,5038,2671,4583,60,0,4,768,142,1501,0,সন্ধ্যা পিক
2026-04-18T21:00,14403,4735,2515,4627,60,0,1,824,150,1491,0,
2026-04-18T22:00,13701,4712,1989,4751,60,0,0,723,148,1318,0,
2026-04-18T23:00,13409,4814,1718,4695,60,0,0,823,156,1143,0,
2026-04-19T00:00,12951,5125,1110,4570,60,0,0,788,164,1134,0,
2026-04-19T01:00,12468,5022,760,4543,60,0,0,882,162,1039,0,
2026-04-19T02:00,12275,5099,653,4534,60,0,0,884,164,881,0,
2026-04-19T03:00,11964,5063,460,4507,60,0,0,883,160,831,0,
2026-04-19T04:00,11892,5152,392,4417,60,0,0,883,154,834,0,
2026-04-19T05:00,11718,5138,284,4358,60,0,0,883,152,843,0,
2026-04-19T06:00,11690,5118,275,4359,60,7,1,884,146,840,0,
2026-04-19T07:00,12223,5377,308,4441,60,84,0,883,146,924,0,
2026-04-19T08:00,12335,5355,322,4452,60,199,0,883,148,916,0,
2026-04-19T09:00,12612,5375,360,4463,60,384,6,883,156,925,0,
2026-04-19T10:00,12949,5416,607,4464,30,463,7,884,156,922,0,
2026-04-19T11:00,13266,5365,689,4393,70,489,14,883,164,1199,0,
2026-04-19T12:00,13772,5382,831,4350,70,574,25,883,174,1483,0,ডে পিক
2026-04-19T13:00,13849,5309,1138,4243,70,536,24,883,178,1468,0,
2026-04-19T14:00,13739,5224,1188,4181,70,464,30,882,206,1494,0,
2026-04-19T15:00,13746,5273,1229,4261,66,312,22,883,212,1488,0,
2026-04-19T16:00,13740,5216,1292,4300,66,280,17,883,204,1482,0,
2026-04-19T17:00,13669,5027,1513,4379,66,106,11,883,190,1494,0,
2026-04-19T18:00,14198,5072,2122,4415,66,5,6,883,156,1473,0,
2026-04-19T19:00,14381,4824,2451,4551,66,0,5,855,156,1473,0,
2026-04-19T19:30,14713,4789,2608,4722,68,0,4,883,166,1473,0,
2026-04-19T20:00,14822,4876,2616,4718,68,0,3,882,180,1479,0,
2026-04-19T21:00,15049,5131,2557,4758,70,0,0,883,180,1470,0,সন্ধ্যা পিক
2026-04-19T22:00,14813,5100,2383,4723,70,0,4,883,174,1476,0,
2026-04-19T23:00,14378,5002,2096,4664,70,0,0,883,186,1477,0,
2026-04-20T00:00,13685,5106,1400,4579,70,0,0,883,176,1471,0,
2026-04-20T01:00,13198,5122,945,4603,70,0,0,787,174,1497,0,
2026-04-20T02:00,13226,5145,965,4612,70,0,2,787,164,1481,0,
2026-04-20T03:00,13209,5136,962,4601,68,0,11,787,164,1480,0,
2026-04-20T04:00,13210,5063,945,4592,66,0,23,881,164,1476,0,
2026-04-20T05:00,13200,5071,905,4611,66,0,16,881,156,1494,0,
2026-04-20T06:00,13152,5041,900,4605,67,0,16,881,142,1492,0,
2026-04-20T07:00,13155,5020,906,4574,68,63,12,881,142,1489,0,
2026-04-20T08:00,12986,4628,985,4540,68,238,7,883,152,1485,0,
2026-04-20T09:00,13257,4679,1128,4494,70,349,22,882,148,1485,0,
2026-04-20T10:00,13444,4839,1081,4399,70,505,21,883,156,1490,0,
2026-04-20T11:00,13568,4874,1077,4403,70,580,37,882,160,1485,0,
2026-04-20T12:00,13914,5082,1117,4407,70,649,50,882,176,1481,0,ডে পিক
2026-04-20T13:00,14031,5116,1186,4528,70,533,35,882,190,1491,0,
2026-04-20T14:00,13995,4968,1226,4597,70,530,39,882,192,1491,0,
2026-04-20T15:00,13862,4860,1257,4646,60,435,45,882,190,1487,0,
2026-04-20T16:00,13848,4852,1485,4574,60,267,45,882,200,1483,0,
2026-04-20T17:00,13628,4704,1576,4576,60,120,45,882,186,1479,0,
2026-04-20T18:00,13908,4574,2054,4642,60,11,35,882,160,1490,0,
2026-04-20T19:00,14413,4688,2474,4666,60,0,18,856,174,1477,0,
2026-04-20T19:30,14914,4904,2662,4728,60,0,22,882,174,1482,0,
2026-04-20T20:00,15133,5018,2755,4730,60,0,24,882,174,1490,0,
2026-04-20T21:00,15198,5081,2772,4741,60,0,18,881,164,1481,0,সন্ধ্যা পিক
2026-04-20T22:00,15011,5035,2628,4746,60,0,9,882,170,1481,0,
2026-04-20T23:00,14553,5099,2051,4789,60,0,6,882,176,1490,0,
2026-04-21T00:00,13961,5107,1479,4764,60,0,8,882,176,1485,0,
2026-04-21T01:00,13457,5213,925,4712,60,0,17,882,172,1476,0,
2026-04-21T02:00,13409,5229,918,4679,60,0,12,882,154,1475,0,
2026-04-21T03:00,13445,5291,893,4689,60,0,7,883,132,1490,0,
2026-04-21T04:00,13415,5268,874,4680,60,0,15,883,152,1483,0,
2026-04-21T05:00,13367,5242,876,4649,60,0,14,883,156,1487,0,
2026-04-21T06:00,13404,5247,912,4639,60,8,16,883,146,1493,0,
2026-04-21T07:00,13341,5189,828,4632,60,91,19,882,146,1494,0,
2026-04-21T08:00,13331,5044,822,4615,60,228,27,903,148,1484,0,
2026-04-21T09:00,13556,5043,824,4615,60,438,22,907,152,1495,0,
2026-04-21T10:00,13782,4989,939,4629,60,549,41,908,164,1503,0,
2026-04-21T11:00,13829,4801,1174,4646,60,526,40,907,176,1499,0,
2026-04-21T12:00,14069,4764,1293,4671,60,651,50,907,182,1491,0,ডে পিক
2026-04-21T13:00,14049,4713,1304,4657,60,698,39,907,176,1495,0,
2026-04-21T14:00,13711,4663,1180,5470,60,599,40,908,190,1501,0,
2026-04-21T15:00,13410,4688,1069,4480,60,472,42,908,190,1501,0,
2026-04-21T16:00,13146,4711,1130,4352,30,299,35,907,184,1498,0,
2026-04-21T17:00,13084,4640,1411,4280,30,113,34,907,170,1499,0,
2026-04-21T18:00,13217,4551,1945,4074,30,14,25,907,172,1499,0,
2026-04-21T19:00,13957,4895,2250,4182,30,0,12,907,178,1503,0,
2026-04-21T19:30,14265,4926,2404,4359,30,0,8,907,170,1461,0,
2026-04-21T20:00,14322,4908,2437,4405,30,0,9,907,178,1448,0,
2026-04-21T21:00,14623,4914,2465,4676,30,0,11,908,170,1449,0,সন্ধ্যা পিক
2026-04-21T22:00,14522,4934,2377,4612,30,0,16,907,184,1462,0,
2026-04-21T23:00,14043,4912,2005,4488,30,0,21,918,180,1489,0,
2026-04-22T00:00,13430,4912,1353,4550,30,0,14,918,156,1497,0,
2026-04-22T01:00,12668,4930,931,4580,30,0,12,918,158,1109,0,
2026-04-22T02:00,12366,4961,937,4587,30,0,8,919,160,764,0,
2026-04-22T03:00,12316,4949,897,4599,30,0,13,908,160,760,0,
2026-04-22T04:00,12326,4975,873,4606,30,0,14,908,160,760,0,
2026-04-22T05:00,12346,5012,853,4609,30,0,13,908,160,761,0,
2026-04-22T06:00,12335,5053,800,4607,30,10,6,908,158,763,0,
2026-04-22T07:00,12403,5015,828,4608,30,101,2,908,156,755,0,
2026-04-22T08:00,12372,4911,791,4597,30,212,0,923,160,748,0,
2026-04-22T09:00,12369,4786,844,4549,40,296,6,922,174,752,0,
2026-04-22T10:00,12765,4974,839,4550,40,484,14,923,180,761,0,
2026-04-22T11:00,13112,5096,900,4559,40,638,18,922,188,751,0,ডে পিক
2026-04-22T12:00,13040,5160,870,4556,40,514,20,923,192,765,0,
2026-04-22T13:00,13107,5007,921,4537,40,688,23,922,196,773,0,
2026-04-22T14:00,13123,5012,957,4586,40,596,33,922,210,767,0,
2026-04-22T15:00,13107,5045,988,4654,40,455,34,922,210,759,0,
2026-04-22T16:00,13056,4960,1229,4605,40,311,30,923,212,746,0,
2026-04-22T17:00,13127,5016,1481,4604,40,125,19,923,180,739,0,
2026-04-22T18:00,13380,4854,2015,4582,40,15,8,922,196,748,0,
2026-04-22T19:00,14179,5290,2419,4610,36,0,7,885,186,746,0,
2026-04-22T19:30,14191,5107,2610,4677,36,0,6,834,184,737,0,
2026-04-22T20:00,14466,5325,2635,4675,37,0,5,884,164,741,0,সন্ধ্যা পিক
2026-04-22T21:00,14216,5150,2662,4667,39,0,2,786,172,738,0,
2026-04-22T22:00,14125,5274,2376,4627,40,0,0,884,182,742,0,
2026-04-22T23:00,13962,5397,2097,4584,40,0,3,884,188,769,0,
2026-04-23T00:00,13275,5371,1485,4533,40,0,2,884,192,768,0,
2026-04-23T01:00,12736,5400,909,4546,40,0,2,884,190,765,0,
2026-04-23T02:00,12521,5475,871,4484,40,0,0,696,190,765,0,
2026-04-23T03:00,12597,5512,855,4550,40,0,0,697,180,763,0,
2026-04-23T04:00,12522,5530,845,4427,40,0,4,743,180,753,0,
2026-04-23T05:00,12736,5539,890,4455,40,0,0,884,176,752,0,
2026-04-23T06:00,12592,5503,920,4312,40,11,2,884,166,756,0,
2026-04-23T07:00,12591,5418,952,4267,40,91,2,884,168,769,0,
2026-04-23T08:00,12696,5257,979,4365,38,230,1,884,180,762,0,
2026-04-23T09:00,12932,5292,996,4427,39,346,1,884,184,763,0,
2026-04-23T10:00,13459,5428,1198,4471,39,487,6,885,184,761,0,
2026-04-23T11:00,13945,5496,1353,4539,40,667,11,884,194,761,0,
2026-04-23T12:00,14190,5466,1618,4551,40,646,19,884,204,762,0,ডে পিক
2026-04-23T13:00,14176,5411,1680,4542,40,659,12,884,174,760,0,
2026-04-23T14:00,13639,5476,1229,4520,40,535,16,884,174,765,0,
2026-04-23T15:00,13406,5460,1158,4504,40,406,15,885,168,770,0,
2026-04-23T16:00,13371,5451,1198,4570,40,283,8,885,174,762,0,
2026-04-23T17:00,13223,5414,1240,4604,40,114,4,885,162,760,0,
2026-04-23T18:00,13414,5074,1905,4570,38,120,0,885,182,748,0,
2026-04-23T19:00,14150,5263,2667,4601,37,0,0,676,146,676,0,
2026-04-23T19:30,14337,5244,2882,4614,37,0,0,648,160,752,0,
2026-04-23T20:00,14485,5205,3065,4624,37,0,0,648,150,756,0,
2026-04-23T21:00,14726,5422,3076,4627,37,0,0,656,150,758,0,সন্ধ্যা পিক
2026-04-23T22:00,14660,5407,3026,4624,39,0,0,659,142,763,0,
2026-04-23T23:00,14297,5416,2721,4542,40,0,0,659,162,757,0,
2026-04-24T00:00,13819,5448,2254,4503,40,0,0,659,156,759,0,
2026-04-24T01:00,13146,5374,1624,4506,40,0,0,696,15,756,0,
2026-04-24T02:00,12993,5271,1563,4517,40,0,0,696,152,754,0,
2026-04-24T03:00,13047,5296,1539,4555,40,0,3,696,158,760,0,
2026-04-24T04:00,13070,5480,1384,4553,40,0,0,696,158,759,0,
2026-04-24T05:00,12913,5422,1374,4459,40,0,0,696,166,756,0,
2026-04-24T06:00,12320,4997,1324,4350,40,11,0,696,146,756,0,
2026-04-24T07:00,12323,4771,1270,4362,40,94,0,885,142,759,0,
2026-04-24T08:00,12409,4774,1184,4384,40,227,0,885,156,759,0,
2026-04-24T09:00,12506,4736,1162,4440,40,333,0,885,150,760,0,
2026-04-24T10:00,12930,5060,1145,4446,40,444,0,885,154,756,0,
2026-04-24T11:00,12857,5180,1033,4340,40,449,0,885,168,762,0,
2026-04-24T12:00,12949,5319,846,4338,40,583,2,885,172,764,0,ডে পিক
2026-04-24T13:00,13154,5492,829,4353,40,609,3,885,180,763,0,
2026-04-24T14:00,12942,5313,850,4384,40,518,9,886,178,764,0,
2026-04-24T15:00,13090,5491,902,4419,40,409,7,885,174,763,0,
2026-04-24T16:00,12889,5403,1008,4352,40,256,6,885,176,763,0,
2026-04-24T17:00,12930,5420,1211,4341,40,106,2,885,166,759,0,
2026-04-24T18:00,13185,5256,1767,4288,40,17,2,885,168,762,0,
2026-04-24T19:00,14051,5483,2413,4332,40,0,0,886,136,761,0,
2026-04-24T19:30,14137,5592,2548,4358,38,0,0,697,142,762,0,
2026-04-24T20:00,14196,5570,2624,4365,38,0,0,696,142,761,0,সন্ধ্যা পিক
2026-04-24T21:00,14062,5538,2456,4419,37,0,0,697,150,765,0,
2026-04-24T22:00,14096,5558,2466,4430,37,0,0,697,146,762,0,
2026-04-24T23:00,13929,5587,2297,4403,39,0,0,697,146,760,0,
2026-04-25T00:00,13397,5568,1789,4390,40,0,0,696,156,758,0,
2026-04-25T01:00,12952,5490,1232,4394,40,0,0,884,154,758,0,
2026-04-25T02:00,12616,5432,1149,4381,40,0,0,697,156,761,0,
2026-04-25T03:00,12750,5646,1071,4384,40,0,0,697,156,756,0,
2026-04-25T04:00,12680,5641,1058,4339,40,0,0,696,148,758,0,
2026-04-25T05:00,12912,5700,1037,4339,40,0,0,884,152,760,0,
2026-04-25T06:00,12505,5353,968,4339,40,18,0,884,142,761,0,
2026-04-25T07:00,12308,5100,935,4342,40,106,0,885,142,758,0,
2026-04-25T08:00,12293,5091,818,4322,40,223,0,884,154,761,0,
2026-04-25T09:00,12366,5104,824,4280,40,317,0,884,160,757,0,
2026-04-25T10:00,12540,5169,821,4305,40,397,1,884,160,763,0,
2026-04-25T11:00,12770,5204,824,4309,39,590,2,884,154,764,0,ডে পিক
2026-04-25T12:00,12679,5008,870,4306,39,634,7,884,172,759,0,
2026-04-25T13:00,12755,5018,888,4296,40,675,14,884,180,760,0,
2026-04-25T14:00,12811,5107,881,4328,40,596,17,884,190,760,0,
2026-04-25T15:00,12831,5196,928,4362,40,460,20,884,186,755,0,
2026-04-25T16:00,12908,5235,1058,4437,40,297,22,884,174,761,0,
2026-04-25T17:00,12962,5239,1188,4544,40,119,15,884,168,765,0,
2026-04-25T18:00,13431,5215,1922,4464,40,11,2,894,118,765,0,
2026-04-25T19:00,14075,5238,2344,4694,40,0,0,867,126,766,0,
2026-04-25T19:30,14596,5482,2571,4718,40,0,0,909,118,758,0,
2026-04-25T20:00,14602,5450,2557,4774,40,0,0,912,116,753,0,
2026-04-25T21:00,14712,5411,2678,4791,38,0,0,913,124,757,0,সন্ধ্যা পিক
2026-04-25T22:00,14655,5384,2638,4800,38,0,0,914,116,765,0,
2026-04-25T23:00,14147,5336,2268,4696,37,0,0,917,128,765,0,
2026-04-26T00:00,13447,5309,1672,4612,38,0,0,922,126,768,0,
2026-04-26T01:00,12885,5244,1044,4760,40,0,0,922,116,759,0,
2026-04-26T02:00,12909,5273,933,4853,40,0,4,923,118,765,0,
2026-04-26T03:00,12802,5134,880,4933,40,0,20,923,108,764,0,
2026-04-26T04:00,12476,5129,568,4947,40,0,3,923,110,756,0,
2026-04-26T05:00,12388,5228,451,4884,40,0,0,923,102,760,0,
2026-04-26T06:00,12205,5149,345,4857,40,4,0,923,120,767,0,
2026-04-26T07:00,12338,5121,364,4947,40,68,0,923,110,765,0,
2026-04-26T08:00,12211,5011,392,4775,40,197,0,923,106,767,0,
2026-04-26T09:00,12420,5081,393,4766,40,344,0,923,108,765,0,
2026-04-26T10:00,12944,5047,650,4899,39,507,0,923,114,765,0,
2026-04-26T11:00,13489,5233,861,5118,38,445,3,923,114,754,0,
2026-04-26T12:00,13745,5267,1083,5116,37,406,30,923,122,761,0,ডে পিক
2026-04-26T13:00,13744,5136,1279,5142,35,308,32,923,126,763,0,
2026-04-26T14:00,13297,4862,1087,5171,35,284,39,923,134,762,0,
2026-04-26T15:00,13109,4915,932,5185,35,173,40,923,140,766,0,
2026-04-26T16:00,12458,4917,651,5003,35,53,39,922,140,698,0,
2026-04-26T17:00,10771,4417,531,4103,35,39,43,922,110,571,0,
2026-04-26T18:00,9051,4098,241,3225,35,16,23,873,118,422,0,
2026-04-26T19:00,10597,4883,402,3748,35,0,16,922,24,567,0,
2026-04-26T19:30,11059,5060,492,3884,35,0,3,923,32,630,0,
2026-04-26T20:00,11162,5252,484,3794,35,0,2,923,30,642,0,
2026-04-26T21:00,11478,5460,445,3803,35,0,0,923,48,764,0,সন্ধ্যা পিক
2026-04-26T22:00,11714,5388,259,4272,35,0,0,923,72,765,0,
2026-04-26T23:00,11998,5245,257,4702,35,0,5,923,76,755,0,
2026-04-27T00:00,11962,5132,331,4684,35,0,11,923,92,754,0,
2026-04-27T01:00,11620,5137,186,4473,35,0,17,923,94,755,0,
2026-04-27T02:00,11169,5117,172,4085,35,0,17,927,94,722,0,
2026-04-27T03:00,10510,5029,39,3743,35,0,22,926,84,632,0,
2026-04-27T04:00,9426,4560,0,3365,35,0,23,927,90,426,0,
2026-04-27T05:00,8337,4266,0,2999,35,0,18,503,94,422,0,
2026-04-27T06:00,7332,3493,0,2929,0,3,9,402,90,406,0,
2026-04-27T07:00,7455,3605,0,2734,0,27,27,603,50,409,0,
2026-04-27T08:00,8031,4160,0,2743,0,81,9,540,86,412,0,
2026-04-27T09:00,8946,4701,0,2834,0,188,6,712,92,413,0,
2026-04-27T10:00,9572,4934,0,2928,0,266,8,927,98,411,0,
2026-04-27T11:00,10205,5142,0,3309,0,320,0,928,98,408,0,
2026-04-27T12:00,10956,5327,25,3756,0,268,22,927,106,525,0,ডে পিক
2026-04-27T13:00,11188,5006,46,4213,0,210,55,928,118,612,0,
2026-04-27T14:00,11082,4899,89,4173,35,163,61,927,122,613,0,
2026-04-27T15:00,11286,5134,93,4072,35,218,53,927,118,636,0,
2026-04-27T16:00,11362,5264,89,4133,35,113,37,927,120,644,0,
2026-04-27T17:00,11423,5228,173,4209,35,39,51,927,118,643,0,
2026-04-27T18:00,11813,5151,438,4437,35,5,60,927,116,644,0,
2026-04-27T19:00,13161,5326,1189,4985,35,0,38,737,130,721,0,
2026-04-27T19:30,13137,5039,1312,5099,35,0,58,736,130,728,0,
2026-04-27T20:00,13082,5052,1133,5154,35,0,60,737,128,783,0,
2026-04-27T21:00,13195,5131,1028,5193,35,0,18,737,132,921,0,সন্ধ্যা পিক
2026-04-27T22:00,12865,5306,373,5239,35,0,45,736,128,1003,0,
2026-04-27T23:00,12765,5295,293,5085,35,0,20,737,130,1170,0,
2026-04-28T00:00,12555,5270,222,4722,35,0,8,875,128,1295,0,
2026-04-28T01:00,12043,5170,142,4316,35,0,3,927,124,1326,0,
2026-04-28T02:00,11663,5199,83,4160,35,0,10,926,126,1124,0,
2026-04-28T03:00,11254,5197,17,3899,35,0,35,927,126,1018,0,
2026-04-28T04:00,10682,5186,0,3460,35,0,26,927,114,934,0,
2026-04-28T05:00,10738,5257,0,3435,35,0,33,927,116,935,0,
2026-04-28T06:00,10606,5038,114,3415,35,7,25,927,112,933,0,
2026-04-28T07:00,10990,5075,258,3571,35,53,17,926,120,935,0,
2026-04-28T08:00,10940,4930,319,3635,35,132,4,927,126,832,0,
2026-04-28T09:00,10916,4780,353,3648,35,167,46,925,128,834,0,
2026-04-28T10:00,10877,4778,371,3670,35,138,48,925,84,828,0,
2026-04-28T11:00,10714,4760,309,3634,35,163,47,925,12,829,0,
2026-04-28T12:00,10975,4983,276,3590,35,252,46,924,38,831,0,ডে পিক
2026-04-28T13:00,10524,4627,230,3515,35,261,58,923,50,825,0,
2026-04-28T14:00,10169,4534,126,3407,35,207,39,925,68,828,0,
2026-04-28T15:00,10364,4685,126,3380,35,234,65,924,84,831,0,
2026-04-28T16:00,10172,4674,135,3313,35,117,45,924,96,833,0,
2026-04-28T17:00,10245,4757,136,3388,35,45,26,925,84,849,0,
2026-04-28T18:00,10528,4808,204,3436,35,18,0,924,96,1007,0,
2026-04-28T19:00,11613,5175,350,3835,35,0,51,925,110,1132,0,
2026-04-28T19:30,11838,5321,349,3956,35,0,60,925,106,1086,0,সন্ধ্যা পিক
2026-04-28T20:00,11709,5316,316,3909,35,0,65,925,106,1037,0,
2026-04-28T21:00,11774,5386,251,3942,35,0,65,925,112,1058,0,
2026-04-28T22:00,11463,5268,134,3937,35,0,46,925,108,1010,0,
2026-04-28T23:00,11421,5327,113,3986,35,0,50,925,106,879,0,
2026-04-29T00:00,10977,5255,84,3691,35,0,52,925,108,827,0,
2026-04-29T01:00,10587,5121,65,3588,35,0,15,830,102,831,0,
2026-04-29T02:00,9862,4588,66,3393,35,0,23,829,100,828,0,
2026-04-29T03:00,9375,4177,17,3258,35,0,34,924,104,826,0,
2026-04-29T04:00,8627,3832,0,2940,35,0,38,860,94,828,0,
2026-04-29T05:00,8340,3698,0,2749,0,0,33,924,102,834,0,
2026-04-29T06:00,8033,4080,0,2635,0,5,28,360,92,833,0,
2026-04-29T07:00,7319,3555,0,2597,0,33,15,164,90,865,0,
2026-04-29T08:00,7092,3359,0,2594,0,60,0,128,92,869,0,
2026-04-29T09:00,7714,3928,0,2585,0,46,23,216,58,858,0,
2026-04-29T10:00,8181,4401,0,2585,0,44,14,218,96,823,0,
2026-04-29T11:00,8857,4645,8,2585,40,79,0,588,90,822,0,
2026-04-29T12:00,9652,5087,26,2823,40,187,0,550,114,825,0,ডে পিক
2026-04-29T13:00,9525,4796,59,2988,37,168,0,550,102,825,0,
2026-04-29T14:00,9562,4815,59,2911,36,214,63,550,86,828,0,
2026-04-29T15:00,9553,4707,42,2828,36,174,65,783,92,826,0,
2026-04-29T16:00,9317,4380,36,2823,38,279,65,784,90,822,0,
2026-04-29T17:00,9419,4545,34,2903,38,119,61,783,98,838,0,
2026-04-29T18:00,9901,4918,81,3041,40,15,65,783,98,860,0,
2026-04-29T19:00,11384,5483,210,3597,40,0,56,925,102,974,0,সন্ধ্যা পিক
2026-04-29T19:30,11143,5096,272,3662,40,0,65,925,102,981,0,
2026-04-29T20:00,11055,5151,236,3612,40,0,51,925,98,942,0,
2026-04-29T21:00,10922,5132,181,3618,40,0,43,925,94,889,0,
2026-04-29T22:00,9618,4417,154,3172,40,0,3,924,88,820,0,
2026-04-29T23:00,8935,4136,118,2785,40,0,16,924,90,826,0,
2026-04-30T00:00,8230,3696,0,2667,25,0,7,903,94,838,0,
2026-04-30T01:00,7780,3337,0,2703,0,0,5,833,68,834,0,
2026-04-30T02:00,7690,3447,0,2694,0,0,0,643,76,830,0,
2026-04-30T03:00,7531,3595,0,2699,0,0,57,272,78,830,0,
2026-04-30T04:00,7418,3543,0,2688,0,0,64,217,78,828,0,
2026-04-30T05:00,7462,3584,0,2697,0,0,18,217,82,864,0,
2026-04-30T06:00,7833,3934,0,2716,0,7,0,217,84,875,0,
2026-04-30T07:00,8497,4588,35,2843,0,65,10,217,74,665,0,
2026-04-30T08:00,9245,4597,37,3351,0,161,46,218,84,751,0,
2026-04-30T09:00,9875,4754,51,3395,0,309,0,511,98,757,0,
2026-04-30T10:00,10392,4683,72,3390,0,460,0,925,104,758,0,
2026-04-30T11:00,11041,5032,86,3597,40,496,6,925,106,753,0,
2026-04-30T12:00,11684,5031,123,4090,40,566,35,924,114,761,0,ডে পিক
2026-04-30T13:00,11838,4822,267,4346,38,561,3,925,116,760,0,
2026-04-30T14:00,11610,4674,279,4362,36,420,38,925,116,760,0,
2026-04-30T15:00,11511,4689,228,4324,36,437,18,925,106,748,0,
2026-04-30T16:00,11377,4709,236,4315,36,303,11,925,104,738,0,
2026-04-30T17:00,11205,4714,245,4294,39,148,1,925,104,735,0,
2026-04-30T18:00,11222,4878,259,4270,40,16,0,925,104,730,0,
2026-04-30T19:00,12621,5037,838,4917,40,0,29,924,112,724,0,
2026-04-30T19:30,13055,4992,1281,4960,40,0,32,925,110,715,0,সন্ধ্যা পিক
2026-04-30T20:00,12596,4994,704,5091,40,0,16,924,106,721,0,
2026-04-30T21:00,12516,5017,564,5129,40,0,19,924,102,721,0,
2026-04-30T22:00,12049,5068,321,4872,40,0,1,925,104,718,0,
2026-04-30T23:00,11366,4980,225,4368,40,0,1,925,108,719,0,
2026-05-01T00:00,10983,4999,206,3834,40,0,7,925,108,864,0,
2026-05-01T01:00,10301,4769,141,3385,37,0,23,925,104,917,0,
2026-05-01T02:00,9935,4588,127,3186,37,0,29,924,104,940,0,
2026-05-01T03:00,9204,4576,67,3073,37,0,61,453,92,845,0,
2026-05-01T04:00,8708,4344,35,2907,38,0,26,453,60,845,0,
2026-05-01T05:00,8610,4169,35,2951,40,0,39,453,80,843,0,
2026-05-01T06:00,8077,3754,16,2929,40,13,2,395,86,842,0,
2026-05-01T07:00,8141,3728,10,2912,40,70,7,453,78,843,0,
2026-05-01T08:00,8363,3825,16,2898,40,203,6,453,78,844,0,
2026-05-01T09:00,8349,3688,0,2912,40,327,1,853,84,844,0,
2026-05-01T10:00,8283,3629,0,2832,40,412,9,453,76,832,0,
2026-05-01T11:00,8596,4025,0,2768,40,393,9,453,76,832,0,
2026-05-01T12:00,9222,4429,0,2773,40,316,9,735,88,832,0,ডে পিক
2026-05-01T13:00,10157,5120,0,2934,39,409,0,735,86,834,0,
2026-05-01T14:00,9409,4501,0,2792,37,401,14,735,96,833,0,
2026-05-01T15:00,8798,4040,0,2747,36,314,3,735,86,837,0,
2026-05-01T16:00,8243,3725,0,2722,30,114,5,735,78,834,0,
2026-05-01T17:00,8218,3726,0,2740,30,70,5,735,74,838,0,
2026-05-01T18:00,8660,4194,0,2743,30,21,11,735,76,850,0,
2026-05-01T19:00,10787,5329,56,3375,40,0,21,925,90,951,0,
2026-05-01T19:30,10790,5300,42,3411,40,0,25,924,92,956,0,সন্ধ্যা পিক
2026-05-01T20:00,10663,5416,18,3260,40,0,30,925,94,880,0,
2026-05-01T21:00,10697,5543,0,3214,40,0,51,925,98,826,0,
2026-05-01T22:00,10649,5580,0,3139,40,0,43,925,96,826,0,
2026-05-01T23:00,10451,5493,0,3047,40,0,20,925,102,824,0,
2026-05-02T00:00,10234,5320,0,3022,40,0,12,925,92,823,0,
2026-05-02T01:00,9540,4934,0,2706,40,0,20,925,92,823,0,
2026-05-02T02:00,9239,4680,0,2656,40,0,25,925,90,823,0,
2026-05-02T03:00,8873,4443,0,2632,37,0,20,830,86,825,0,
2026-05-02T04:00,8505,4492,0,2640,37,0,35,397,78,826,0,
2026-05-02T05:00,8208,4265,0,2617,38,0,19,361,84,824,0,
2026-05-02T06:00,8253,4237,53,2609,40,14,21,361,80,838,0,
2026-05-02T07:00,8832,4737,53,2630,40,68,11,361,86,846,0,
2026-05-02T08:00,9217,4997,74,2617,40,190,11,361,100,827,0,
2026-05-02T09:00,9482,4933,101,2613,40,270,18,579,106,822,0,
2026-05-02T10:00,9666,4653,107,2615,40,318,25,927,98,822,0,
2026-05-02T11:00,10107,5048,107,2618,40,418,25,927,98,826,0,
2026-05-02T12:00,10752,5403,139,2862,40,382,44,927,120,835,0,ডে পিক
2026-05-02T13:00,10805,5381,181,3020,40,305,8,927,120,823,0,
2026-05-02T14:00,10178,4901,81,2992,40,285,8,927,124,820,0,
2026-05-02T15:00,9496,4372,42,2792,36,418,22,888,104,822,0,
2026-05-02T16:00,9265,4475,40,2666,36,217,3,927,76,825,0,
2026-05-02T17:00,9454,4747,0,2695,37,125,15,928,82,825,0,
2026-05-02T18:00,9874,5000,11,2954,39,23,7,927,88,825,0,
2026-05-02T19:00,11321,5463,52,3655,40,0,56,927,96,1032,0,
2026-05-02T19:30,11401,5516,53,3750,40,0,0,927,108,1007,0,
2026-05-02T20:00,11435,5493,59,3785,40,0,24,927,104,1003,0,সন্ধ্যা পিক
2026-05-02T21:00,11275,5604,42,3627,40,0,13,927,98,924,0,
2026-05-02T22:00,11166,5582,9,3569,40,0,27,927,104,908,0,
2026-05-02T23:00,10798,5604,9,3248,40,0,56,927,98,816,0,
2026-05-03T00:00,10579,5531,0,3126,40,0,34,927,100,821,0,
2026-05-03T01:00,10108,5348,0,2852,40,0,35,927,88,818,0,
2026-05-03T02:00,9706,5072,0,2820,40,0,19,842,90,823,0,
2026-05-03T03:00,9355,5098,0,2826,40,0,28,453,86,824,0,
2026-05-03T04:00,9038,4906,0,2704,40,0,22,453,88,825,0,
2026-05-03T05:00,8931,4783,0,2725,40,0,17,453,90,823,0,
2026-05-03T06:00,9276,5017,0,2795,40,16,34,453,80,841,0,
2026-05-03T07:00,9934,5421,22,2913,40,119,39,453,82,845,0,
2026-05-03T08:00,9980,5180,51,3076,40,251,17,453,92,820,0,
2026-05-03T09:00,10364,5275,66,3109,40,290,15,645,98,826,0,
2026-05-03T10:00,10843,5225,92,3127,40,461,10,927,116,845,0,
2026-05-03T11:00,11542,5390,92,3480,40,615,11,927,126,861,0,
2026-05-03T12:00,11962,5199,104,4016,40,512,43,927,148,973,0,ডে পিক
2026-05-03T13:00,12072,5134,188,4012,40,589,51,927,132,999,0,
2026-05-03T14:00,11717,5160,192,3874,39,461,60,927,108,896,0,
2026-05-03T15:00,11744,5117,192,3951,37,387,60,927,128,945,0,
2026-05-03T16:00,11469,5081,192,3927,36,233,47,927,118,908,0,
2026-05-03T17:00,11422,5142,173,3944,36,110,33,926,126,932,0,
2026-05-03T18:00,11451,4976,256,4063,38,16,24,927,130,1021,0,
2026-05-03T19:00,12743,5210,450,4716,39,0,0,926,140,1262,0,
2026-05-03T19:30,13192,5130,603,4975,40,0,5,926,134,1379,0,সন্ধ্যা পিক
2026-05-03T20:00,13084,5034,583,4997,40,0,14,927,134,1355,0,
2026-05-03T21:00,12945,5038,481,5029,40,0,13,927,128,1289,0,
2026-05-03T22:00,12755,5237,266,4923,40,0,19,926,130,1217,0,
2026-05-03T23:00,12317,5228,130,4612,40,0,42,926,130,1209,0,
2026-05-04T00:00,11927,5283,117,4288,40,0,37,927,122,1113,0,
2026-05-04T01:00,11563,5257,92,4064,40,0,18,930,124,1038,0,
2026-05-04T02:00,11001,5316,0,3727,40,0,16,929,112,861,0,
2026-05-04T03:00,10597,5315,0,3097,38,0,16,929,114,825,0,
2026-05-04T04:00,10178,5175,0,3097,37,0,10,930,104,825,0,
2026-05-04T05:00,9809,4760,0,3129,37,0,15,930,112,826,0,
2026-05-04T06:00,9814,4730,0,3139,39,23,21,930,106,826,0,
2026-05-04T07:00,10175,4993,0,3155,40,121,14,929,104,819,0,
2026-05-04T08:00,10430,5059,49,3169,40,238,0,930,110,835,0,
2026-05-04T09:00,10942,5278,55,3378,40,329,1,930,106,825,0,
2026-05-04T10:00,11196,5208,68,3463,40,538,0,930,124,825,0,
2026-05-04T11:00,11487,5304,147,3511,40,586,6,932,130,831,0,
2026-05-04T12:00,12182,5446,203,3882,40,584,19,932,144,932,0,ডে পিক
2026-05-04T13:00,12508,5394,263,4215,40,485,19,932,140,1020,0,
2026-05-04T14:00,12430,5303,348,4211,40,434,4,932,142,1016,0,
2026-05-04T15:00,12366,5342,391,4090,38,430,4,930,146,995,0,
2026-05-04T16:00,11983,5242,398,4029,37,271,0,931,150,925,0,
2026-05-04T17:00,11861,5275,388,4059,37,92,0,932,142,936,0,
2026-05-04T18:00,11998,5040,437,4309,38,20,0,932,136,1086,0,
2026-05-04T19:00,13626,5423,799,4856,39,0,0,932,130,1447,0,
2026-05-04T19:30,13887,5394,924,5029,39,0,0,932,146,1423,0,সন্ধ্যা পিক
2026-05-04T20:00,13579,5245,896,4957,40,0,0,932,136,1373,0,
2026-05-04T21:00,13447,5177,753,5053,40,0,0,932,140,1352,0,
2026-05-04T22:00,13169,5034,690,5007,40,0,0,932,138,1328,0,
2026-05-04T23:00,12708,4978,579,4827,40,0,0,931,134,1219,0,
2026-05-05T00:00,11766,4636,340,4489,40,0,0,932,136,1193,0,
2026-05-05T01:00,11177,4770,315,4007,40,0,0,932,134,979,0,
2026-05-05T02:00,10810,4876,214,3699,40,0,0,932,132,917,0,
2026-05-05T03:00,10468,4997,0,3536,40,0,0,932,126,837,0,
2026-05-05T04:00,10241,4871,0,3435,39,0,0,931,126,839,0,
2026-05-05T05:00,9920,4797,0,3196,38,0,0,932,118,839,0,
2026-05-05T06:00,10310,5085,0,3238,39,22,0,932,114,880,0,
2026-05-05T07:00,10798,5132,88,3517,40,136,0,932,114,839,0,
2026-05-05T08:00,11111,5157,206,3491,40,336,0,932,108,841,0,
2026-05-05T09:00,11457,5234,234,3617,40,447,0,932,118,835,0,
2026-05-05T10:00,11972,5139,313,3805,40,635,0,932,134,974,0,
2026-05-05T11:00,12769,5244,374,4295,40,695,0,932,138,1051,0,
2026-05-05T12:00,13286,5150,582,4713,40,645,0,932,144,1080,0,ডে পিক
2026-05-05T13:00,13663,4974,1065,4872,40,525,8,932,144,1103,0,
2026-05-05T14:00,12971,4700,1077,4626,43,399,2,932,158,1034,0,
2026-05-05T15:00,13335,4926,1201,4554,41,506,0,1034,142,1034,0,
2026-05-05T16:00,12861,4832,1262,4507,38,267,0,932,72,951,0,
2026-05-05T17:00,12685,4841,1363,4368,37,141,0,932,116,887,0,
2026-05-05T18:00,12578,4981,1535,4114,38,22,0,932,120,836,0,
2026-05-05T19:00,13991,5386,1796,4592,39,0,0,931,130,1117,0,
2026-05-05T19:30,14490,5263,1796,5003,40,0,0,932,126,1330,0,সন্ধ্যা পিক
2026-05-05T20:00,14186,5188,1451,4992,41,0,0,932,132,1450,0,
2026-05-05T21:00,14130,5334,1059,5181,42,0,0,932,134,1448,0,
2026-05-05T22:00,13938,5339,1032,5082,43,0,0,932,136,1374,0,
2026-05-05T23:00,13686,5337,882,5003,44,0,0,932,124,1364,0,
2026-05-06T00:00,13334,5317,686,4963,44,0,0,932,114,1278,0,
2026-05-06T01:00,12804,5319,401,4740,44,0,0,931,112,1257,0,
2026-05-06T02:00,12346,5339,299,4389,42,0,0,932,108,1237,0,
2026-05-06T03:00,12037,5333,220,4171,41,0,0,932,106,1234,0,
2026-05-06T04:00,11686,5320,193,3984,40,0,0,931,106,1112,0,
2026-05-06T05:00,11469,5255,184,3941,39,0,0,932,106,1012,0,
2026-05-06T06:00,11474,5307,184,3902,39,33,0,932,100,977,0,
2026-05-06T07:00,11808,5313,243,4099,40,138,0,932,96,947,0,
2026-05-06T08:00,11790,5256,324,3954,41,282,0,932,110,891,0,
2026-05-06T09:00,12291,5280,329,4246,43,410,0,932,104,947,0,
2026-05-06T10:00,12624,5261,339,4429,43,536,0,932,114,970,0,
2026-05-06T11:00,13039,5332,373,4623,60,573,0,932,118,1028,0,
2026-05-06T12:00,13256,5267,506,4808,45,501,0,932,110,1087,0,ডে পিক
2026-05-06T13:00,13308,5128,561,4903,46,475,2,932,110,1151,0,
2026-05-06T14:00,12975,4961,629,4746,45,446,3,932,120,1093,0,
2026-05-06T15:00,12771,4968,618,4736,42,243,7,932,114,1111,0,
2026-05-06T16:00,12295,4969,652,4480,40,92,6,932,110,1014,0,
2026-05-06T17:00,11635,4934,498,4130,39,57,0,931,120,926,0,
2026-05-06T18:00,10524,4603,208,3761,38,14,11,932,126,831,0,
2026-05-06T19:00,11170,4875,232,3978,39,0,0,932,148,966,0,
2026-05-06T19:30,11400,4995,298,4046,40,0,1,932,156,932,0,
2026-05-06T20:00,11454,5106,316,4003,41,0,1,933,146,908,0,
2026-05-06T21:00,11938,5300,326,4154,42,0,0,931,116,1069,0,সন্ধ্যা পিক
2026-05-06T22:00,12009,5123,424,4268,43,0,0,932,120,1099,0,
2026-05-06T23:00,12207,5215,472,4321,43,0,0,932,120,1104,0,
2026-05-07T00:00,12119,5132,448,4345,43,0,0,933,128,1090,0,
2026-05-07T01:00,11665,5120,236,4186,43,0,0,932,120,1028,0,
2026-05-07T02:00,11258,5108,61,4028,43,0,0,932,120,966,0,
2026-05-07T03:00,10967,5114,33,3851,42,0,0,922,122,833,0,
2026-05-07T04:00,10651,5069,25,3816,41,0,0,731,118,851,0,
2026-05-07T05:00,10508,4994,25,3768,40,0,0,731,116,834,0,
2026-05-07T06:00,10674,5078,75,3771,40,26,0,731,112,841,0,
2026-05-07T07:00,11047,5112,170,3897,41,118,0,731,102,876,0,
2026-05-07T08:00,11204,5092,285,3840,42,235,0,731,120,859,0,
2026-05-07T09:00,11433,5114,287,3896,43,367,0,731,118,877,0,
2026-05-07T10:00,11936,5061,300,3995,43,604,0,921,130,882,0,
2026-05-07T11:00,12332,5184,299,4113,43,675,0,922,140,956,0,
2026-05-07T12:00,13168,5251,388,4635,43,707,0,921,138,1085,0,ডে পিক
2026-05-07T13:00,13305,5046,740,4706,43,604,0,921,136,1109,0,
2026-05-07T14:00,13149,5049,908,4549,43,493,0,921,140,1046,0,
2026-05-07T15:00,13293,5059,968,4623,43,459,2,921,142,1076,0,
2026-05-07T16:00,13223,5042,1005,4702,42,314,12,921,146,1039,0,
2026-05-07T17:00,12725,5059,951,4481,40,142,3,921,138,990,0,
2026-05-07T18:00,12658,5004,1166,4230,40,27,2,921,144,1124,0,
2026-05-07T19:00,14102,5140,1813,4666,39,0,0,920,136,1388,0,
2026-05-07T19:30,14451,4974,1771,5162,39,0,0,921,134,1450,0,সন্ধ্যা পিক
2026-05-07T20:00,14367,5112,1590,5102,40,0,0,921,158,1444,0,
2026-05-07T21:00,13743,4973,1243,4983,41,0,0,894,152,1457,0,
2026-05-07T22:00,12943,5121,961,4521,43,0,4,879,148,1266,0,
2026-05-07T23:00,11977,5024,520,4142,43,0,7,879,150,1212,0,
2026-05-08T00:00,12317,5219,379,4300,43,0,0,879,140,1353,0,
2026-05-08T01:00,12383,5244,309,4361,43,0,2,880,144,1400,0,
2026-05-08T02:00,11994,5123,274,4197,43,0,0,880,142,1335,0,
2026-05-08T03:00,11643,5033,215,4047,43,0,0,880,134,1291,0,
2026-05-08T04:00,11370,5010,216,3919,43,0,0,880,126,1176,0,
2026-05-08T05:00,11051,5040,198,3641,42,0,0,879,130,1121,0,
2026-05-08T06:00,10608,4952,257,3342,41,37,0,879,114,986,0,
2026-05-08T07:00,10921,5094,347,3297,41,162,1,880,114,985,0,
2026-05-08T08:00,10812,4918,344,3249,41,335,0,880,116,929,0,
2026-05-08T09:00,10799,4789,339,3213,42,496,0,880,116,924,0,
2026-05-08T10:00,10985,4781,403,3214,43,614,0,879,124,927,0,
2026-05-08T11:00,11583,5000,402,3598,43,530,0,879,134,997,0,
2026-05-08T12:00,12160,5065,438,3885,43,682,2,880,144,1021,0,
2026-05-08T13:00,12573,4984,565,4268,43,416,13,879,150,1255,0,
2026-05-08T14:00,11982,4761,505,4007,43,537,7,879,126,1117,0,
2026-05-08T15:00,12297,5015,485,4100,43,522,5,879,130,1118,0,
2026-05-08T16:00,12092,4918,486,4223,43,350,7,879,122,1064,0,
2026-05-08T17:00,11716,4954,502,4068,42,144,3,879,136,988,0,
2026-05-08T18:00,11467,4937,517,3967,40,24,1,880,134,967,0,
2026-05-08T19:00,13444,5244,1040,4729,40,0,5,879,150,1357,0,
2026-05-08T19:30,13854,5219,1274,4964,39,0,11,879,146,1322,0,
2026-05-08T20:00,13793,5269,1251,4939,40,0,8,879,144,1263,0,
2026-05-08T21:00,13986,5280,1129,5171,41,0,0,879,156,1330,0,সন্ধ্যা পিক
2026-05-08T22:00,13872,5261,1105,5094,42,0,0,879,158,1333,0,
2026-05-08T23:00,13824,5323,1056,5040,43,0,0,879,160,1323,0,
2026-05-09T00:00,13441,5308,824,4869,43,0,0,879,158,1360,0,
2026-05-09T01:00,12795,5326,418,4655,43,0,0,879,146,1328,0,
2026-05-09T02:00,12051,5322,362,4193,43,0,1,879,144,1107,0,
2026-05-09T03:00,11588,5344,283,3982,43,0,0,880,144,912,0,
2026-05-09T04:00,11356,5359,147,3870,43,0,4,879,144,910,0,
2026-05-09T05:00,11162,5249,16,3935,43,0,7,879,130,903,0,
2026-05-09T06:00,11065,5248,18,3800,43,19,2,879,134,922,0,
2026-05-09T07:00,11316,5315,102,3780,42,145,3,879,128,922,0,
2026-05-09T08:00,11179,5070,193,3642,41,314,1,879,128,911,0,
2026-05-09T09:00,11019,4918,197,3423,42,515,2,880,134,908,0,
2026-05-09T10:00,11247,4987,206,3438,42,617,7,879,138,933,0,
2026-05-09T11:00,11992,5241,235,3767,43,715,0,880,150,961,0,
2026-05-09T12:00,12599,5241,350,4133,43,753,0,879,152,1048,0,ডে পিক
2026-05-09T13:00,13105,5242,508,4437,43,718,0,880,154,1123,0,
2026-05-09T14:00,13158,5058,811,4457,43,639,4,879,152,1115,0,
2026-05-09T15:00,13396,5196,827,4579,43,493,14,879,140,1225,0,
2026-05-09T16:00,13382,5095,920,4760,43,296,10,879,120,1259,0,
2026-05-09T17:00,13208,5094,997,4712,43,121,8,879,92,1262,0,
2026-05-09T18:00,13160,5158,1091,4596,42,25,0,879,94,1275,0,
2026-05-09T19:00,14763,5364,1830,5063,40,0,0,879,152,1435,0,
2026-05-09T19:30,15288,5345,2348,5079,40,0,0,880,144,1452,0,সন্ধ্যা পিক
2026-05-09T20:00,15141,5332,2318,4977,40,0,0,879,148,1447,0,
2026-05-09T21:00,15254,5300,2315,5114,40,0,0,879,146,1460,0,
2026-05-09T22:00,15158,5285,2264,5094,41,0,0,880,150,1444,0,
2026-05-09T23:00,14984,5347,2100,5002,42,0,0,879,158,1456,0,
2026-05-10T00:00,14640,5192,1969,4953,43,0,0,879,148,1456,0,
2026-05-10T01:00,14110,5247,1616,4816,43,0,0,880,140,1368,0,
2026-05-10T02:00,13742,5174,1361,4809,43,0,0,880,142,1333,0,
2026-05-10T03:00,13183,5155,855,4788,43,0,2,879,134,1327,0,
2026-05-10T04:00,12724,5022,531,4798,43,0,0,879,134,1317,0,
2026-05-10T05:00,12427,4999,346,4729,43,0,10,879,130,1291,0,
2026-05-10T06:00,12244,5221,366,4554,43,28,13,879,118,1022,0,
2026-05-10T07:00,12494,5235,450,4634,43,99,22,887,114,1010,0,
2026-05-10T08:00,12487,5137,453,4595,42,229,19,887,118,1007,0,
2026-05-10T09:00,12772,5259,427,4696,41,291,14,887,122,1035,0,
2026-05-10T10:00,13185,5331,490,4858,42,430,2,887,118,1028,0,
2026-05-10T11:00,13427,5292,763,4899,42,328,21,888,126,1068,0,
2026-05-10T12:00,14163,5288,1252,5049,42,280,24,887,130,1211,0,ডে পিক
2026-05-10T13:00,14188,5234,1345,5034,43,288,9,888,136,1211,0,
2026-05-10T14:00,13141,4661,1289,4531,887,378,5,887,138,1209,0,
2026-05-10T15:00,12574,4800,1055,4201,43,332,0,888,138,1117,0,
2026-05-10T16:00,12101,4850,822,4011,43,233,0,888,138,1116,0,
2026-05-10T17:00,11867,4964,805,3912,43,125,0,887,132,999,0,
2026-05-10T18:00,11884,4998,897,3901,43,30,0,887,116,1012,0,
2026-05-10T19:00,13568,5197,1532,4551,42,0,0,887,110,1249,0,
2026-05-10T19:30,14163,5103,1882,4797,41,0,0,887,130,1323,0,সন্ধ্যা পিক
2026-05-10T20:00,13855,4946,1658,4897,40,0,0,887,126,1301,0,
2026-05-10T21:00,13653,5137,991,5148,40,0,0,887,126,1324,0,
2026-05-10T22:00,13503,5111,878,5142,40,0,0,887,122,1323,0,
2026-05-10T23:00,13379,5106,760,5145,40,0,0,887,130,1311,0,
2026-05-11T00:00,13140,5153,471,5143,42,0,0,888,126,1317,0,
2026-05-11T01:00,12656,4972,335,4982,43,0,0,878,122,1324,0,
2026-05-11T02:00,12294,5013,225,4691,43,0,0,878,120,1324,0,
2026-05-11T03:00,11904,5086,203,4451,43,0,0,890,110,1121,0,
2026-05-11T04:00,11610,5065,186,4328,43,0,0,890,112,986,0,
2026-05-11T05:00,11332,5021,170,4147,43,0,0,891,110,950,0,
2026-05-11T06:00,11429,5133,160,4091,43,32,0,890,106,974,0,
2026-05-11T07:00,11837,5105,222,4247,43,157,0,890,110,1063,0,
2026-05-11T08:00,11845,4983,256,4156,43,328,0,908,112,1059,0,
2026-05-11T09:00,12336,5181,323,4242,43,465,0,908,116,1058,0,
2026-05-11T10:00,12751,5184,423,4408,41,605,0,907,132,1051,0,
2026-05-11T11:00,13317,5245,514,4583,80,685,0,907,150,1153,0,
2026-05-11T12:00,13844,5167,902,4736,80,690,0,912,132,1225,0,ডে পিক
2026-05-11T13:00,13787,4930,1202,4655,81,597,1,913,128,1280,0,
2026-05-11T14:00,12754,4517,1073,4320,82,542,2,812,148,1258,0,
2026-05-11T15:00,12664,4717,882,4278,82,397,10,913,140,1245,0,
2026-05-11T16:00,12610,4888,678,4413,82,240,18,912,118,1261,0,
2026-05-11T17:00,12590,4983,629,4430,82,143,15,913,128,1267,0,
2026-05-11T18:00,12540,5077,651,4386,82,22,11,913,136,1262,0,
2026-05-11T19:00,14101,5458,1395,4815,82,0,19,907,142,1283,0,
2026-05-11T19:30,14611,5287,1863,5026,82,0,7,908,152,1286,0,সন্ধ্যা পিক
2026-05-11T20:00,14554,5380,1708,5040,81,0,19,908,152,1266,0,
2026-05-11T22:00,14096,5291,1369,4907,77,0,9,906,148,1389,0,
2026-05-11T23:00,13926,5328,1345,4788,77,0,4,906,146,1332,0,
2026-05-12T00:00,13638,5246,1262,4692,78,0,4,907,136,1313,0,
2026-05-12T01:00,13118,5313,757,4637,79,0,11,907,138,1276,0,
2026-05-12T02:00,12744,5321,523,4530,80,0,7,892,130,1261,0,
2026-05-12T03:00,12241,5327,307,4253,82,0,7,892,136,1237,0,
2026-05-12T04:00,11917,5265,154,4178,82,0,16,891,134,1197,0,
2026-05-12T05:00,11686,5188,154,4093,82,0,11,894,96,1168,0,
2026-05-12T06:00,11527,5121,156,4042,83,26,11,894,96,1098,0,
2026-05-12T07:00,11965,5113,318,4232,83,130,14,893,100,1082,0,
2026-05-12T08:00,12064,5024,371,4237,83,286,0,894,112,1057,0,
2026-05-12T09:00,12413,5190,376,4344,81,312,0,894,116,1100,0,
2026-05-12T10:00,12948,5217,439,4586,79,448,0,894,122,1163,0,
2026-05-12T11:00,13367,5221,463,4781,78,540,0,894,122,1268,0,
2026-05-12T12:00,13814,5142,791,4898,77,562,3,894,120,1327,0,ডে পিক
2026-05-12T13:00,14176,5106,1128,4827,78,690,5,894,134,1314,0,
2026-05-12T14:00,14218,5157,1247,4740,80,644,9,894,126,1321,0,
2026-05-12T15:00,14355,5425,1264,4775,80,431,11,885,122,1362,0,
2026-05-12T16:00,14080,5322,1265,4767,81,270,7,885,124,1359,0,
2026-05-12T17:00,13791,5341,1172,4692,82,132,7,885,142,1338,0,
2026-05-12T18:00,13540,5145,1467,4543,82,22,1,885,140,1255,0,
2026-05-12T19:00,15341,5446,2397,4859,82,0,0,885,164,1508,0,
2026-05-12T19:30,15766,5393,2587,5105,82,0,0,885,176,1538,0,সন্ধ্যা পিক
2026-05-12T20:00,15606,5237,2544,5122,82,0,0,886,174,1561,0,
2026-05-12T21:00,14360,5402,1473,4950,79,0,16,907,148,1385,0,
2026-05-12T22:00,15230,5310,2332,5019,78,0,4,885,174,1428,0,
2026-05-12T23:00,15159,5431,2263,4968,76,0,3,885,144,1389,0,
2026-05-13T00:00,14739,5303,1986,4975,75,0,4,885,138,1373,0,
2026-05-13T01:00,14357,5356,1511,5041,76,0,3,885,152,1333,0,
2026-05-13T02:00,13822,5395,1015,4976,78,0,1,885,154,1318,0,
2026-05-13T03:00,13463,5417,715,4894,80,0,5,901,156,1295,0,
2026-05-13T04:00,13006,5390,366,4839,81,0,4,902,152,1272,0,
2026-05-13T05:00,12852,5446,307,4698,81,0,0,901,146,1273,0,
2026-05-13T06:00,12382,5396,340,4310,82,15,0,902,134,1203,0,
2026-05-13T07:00,12473,5441,408,4222,82,84,0,901,126,1209,0,
2026-05-13T08:00,12491,5384,397,4219,80,199,0,902,128,1182,0,
2026-05-13T09:00,12723,5388,417,4328,80,248,0,902,152,1208,0,
2026-05-13T10:00,12898,5383,364,4458,79,362,0,901,132,1219,0,
2026-05-13T11:00,13138,5433,394,4631,76,278,0,901,162,1263,0,
2026-05-13T12:00,13502,5283,735,4738,76,354,7,902,164,1243,0,ডে পিক
2026-05-13T13:00,13541,5257,850,4771,74,285,10,901,164,1229,0,
2026-05-13T14:00,13185,5314,732,4503,50,308,14,901,174,1189,0,
2026-05-13T15:00,13065,5236,819,4343,70,364,14,902,172,1145,0,
2026-05-13T16:00,12449,5013,811,4211,70,221,16,901,170,1036,0,
2026-05-13T17:00,11733,4858,632,4028,80,109,14,903,170,939,0,
2026-05-13T18:00,11684,4892,656,4042,80,25,7,902,156,924,0,
2026-05-13T19:00,13301,5296,1294,4420,80,0,2,902,176,1131,0,
2026-05-13T19:30,13749,5399,1510,4536,80,0,0,903,180,1141,0,সন্ধ্যা পিক
2026-05-13T20:00,13316,5492,1038,4682,80,0,0,713,140,1171,0,
2026-05-13T21:00,13324,5487,767,4898,80,0,0,713,152,1227,0,
2026-05-13T22:00,13131,5520,611,4733,80,0,0,814,166,1207,0,
2026-05-13T23:00,13168,5556,610,4710,76,0,4,814,166,1232,0,
2026-05-14T00:00,13087,5500,485,4801,74,0,11,814,160,1242,0,
2026-05-14T01:00,12692,5420,331,4681,74,0,29,815,158,1184,0,
2026-05-14T02:00,12351,5400,299,4410,76,0,0,904,148,1114,0,
2026-05-14T03:00,11901,5335,222,4172,76,0,1,909,144,1042,0,
2026-05-14T04:00,11484,5215,155,4013,78,0,6,908,138,971,0,
2026-05-14T05:00,11078,5104,140,3765,80,0,5,909,142,933,0,
2026-05-14T06:00,11043,5259,142,3571,80,21,2,908,128,932,0,
2026-05-14T07:00,11541,5479,211,3654,80,103,0,909,132,973,0,
2026-05-14T08:00,11828,5430,260,3766,80,266,1,908,138,979,0,
2026-05-14T09:00,12349,5467,245,4086,80,379,0,909,146,1037,0,
2026-05-14T10:00,12660,5404,271,4268,80,518,0,909,152,1058,0,
2026-05-14T11:00,13298,5192,645,4719,77,550,4,909,156,1046,0,
2026-05-14T12:00,13752,5303,765,4841,73,633,4,909,158,1066,0,ডে পিক
2026-05-14T13:00,13874,5136,868,4919,72,711,24,909,164,1071,0,
2026-05-14T14:00,13676,5156,926,4855,72,528,40,913,136,1050,0,
2026-05-14T15:00,13543,4978,963,4913,74,441,46,913,130,1085,0,
2026-05-14T16:00,13721,5163,1114,4882,76,345,20,912,134,1075,0,
2026-05-14T17:00,13603,5186,1229,4822,78,133,24,913,152,1066,0,
2026-05-14T18:00,13266,5014,1221,4722,80,30,16,913,140,1130,0,
2026-05-14T19:00,14961,5417,1936,5061,80,0,14,913,158,1382,0,
2026-05-14T19:30,15534,5466,2292,5298,80,0,25,770,160,1443,0,সন্ধ্যা পিক
2026-05-14T20:00,15405,5202,2397,5339,80,0,12,770,150,1455,0,
2026-05-14T21:00,15225,5077,2234,5456,80,0,10,770,150,1448,0,
2026-05-14T22:00,15050,5069,1971,5556,80,0,7,770,148,1449,0,
2026-05-14T23:00,14877,4887,1893,5489,78,0,11,912,152,1455,0,
2026-05-15T00:00,14797,5168,1936,5084,74,0,21,912,152,1450,0,
2026-05-15T01:00,14331,5251,2031,4457,72,0,14,913,144,1449,0,
2026-05-15T02:00,14038,5085,2133,4262,72,0,4,890,138,1454,0,
2026-05-15T03:00,13670,4782,2191,4133,74,0,9,890,140,1451,0,
2026-05-15T04:00,13318,4667,2096,3989,76,0,13,890,132,1455,0,
2026-05-15T05:00,12691,4778,1369,3977,78,0,15,890,128,1456,0,
2026-05-15T06:00,12172,4771,636,4177,79,32,11,890,122,1454,0,
2026-05-15T07:00,12164,4788,560,4152,80,117,5,890,124,1448,0,
2026-05-15T08:00,12010,4854,442,4064,80,226,2,898,118,1326,0,
2026-05-15T09:00,11856,4749,438,3926,80,354,1,897,116,1295,0,
2026-05-15T10:00,12098,4957,408,3753,80,613,2,898,128,1259,0,
2026-05-15T11:00,12293,5194,389,3797,78,512,6,897,138,1282,0,
2026-05-15T12:00,12919,5026,877,3956,78,624,8,906,146,1298,0,ডে পিক
2026-05-15T13:00,13911,5220,1544,4120,70,545,9,906,156,1341,0,
2026-05-15T14:00,13166,5258,1012,4066,70,425,10,906,152,1267,0,
2026-05-15T15:00,13092,5286,894,4121,70,381,14,905,144,1277,0,
2026-05-15T16:00,12510,5281,489,4176,72,233,6,905,144,1204,0,
2026-05-15T17:00,11907,5079,404,4052,75,98,2,905,142,1150,0,
2026-05-15T18:00,11723,5215,451,3890,75,17,0,906,116,1053,0,
2026-05-15T19:00,13632,5392,1485,4319,79,0,1,906,92,1358,0,
2026-05-15T19:30,14237,5316,1845,4528,80,0,0,906,120,1442,0,
2026-05-15T20:00,14142,5433,1518,4611,80,0,0,906,138,1456,0,
2026-05-15T21:00,14544,5677,1449,4827,80,0,0,906,150,1455,0,সন্ধ্যা পিক
2026-05-15T22:00,14504,5660,1440,4809,80,0,0,905,152,1458,0,
2026-05-15T23:00,14231,5478,1360,4795,80,0,12,905,148,1453,0,
2026-05-16T00:00,14098,5529,1479,4492,76,0,21,905,140,1456,0,
2026-05-16T01:00,13650,5487,1235,4330,74,0,8,923,142,1451,0,
2026-05-16T02:00,13212,5429,938,4242,70,0,12,923,140,1458,0,
2026-05-16T03:00,13023,5432,743,4251,71,0,12,923,136,1455,0,
2026-05-16T04:00,12718,5401,521,4219,73,0,7,923,124,1450,0,
2026-05-16T05:00,12446,5335,394,4141,76,0,1,922,136,1441,0,
2026-05-16T06:00,12209,5406,352,3958,77,16,0,923,126,1351,0,
2026-05-16T07:00,12453,5395,428,4030,78,115,0,923,122,1362,0,
2026-05-16T08:00,12337,5277,438,3941,79,232,0,923,130,1317,0,
2026-05-16T09:00,12313,5242,428,3869,80,357,0,923,144,1270,0,
2026-05-16T10:00,12414,5199,559,3854,40,467,1,923,156,1215,0,
2026-05-16T11:00,12762,5398,659,3930,40,414,5,923,152,1241,0,
2026-05-16T12:00,13330,5433,994,3843,76,559,10,923,168,1324,0,ডে পিক
2026-05-16T13:00,13798,5254,1533,3892,70,552,14,923,158,1402,0,
2026-05-16T14:00,13963,5204,1789,3960,67,460,16,923,168,1376,0,
2026-05-16T15:00,14273,5370,1872,4113,60,354,18,923,158,1405,0,
2026-05-16T16:00,14372,5296,1951,4285,60,276,21,896,150,1437,0,
2026-05-16T17:00,14431,5258,2119,4401,60,112,15,895,160,1411,0,
2026-05-16T18:00,14346,5241,2269,4323,60,26,9,895,166,1357,0,
2026-05-16T19:00,15488,5462,2732,4686,60,0,6,895,186,1461,0,
2026-05-16T19:30,15962,5522,3009,4820,60,0,3,895,182,1471,0,
2026-05-16T20:00,15810,5077,3226,4903,60,0,3,895,184,1462,0,
2026-05-16T21:00,16412,5382,3342,5080,60,0,3,895,180,1470,0,সন্ধ্যা পিক
2026-05-16T22:00,15808,4990,3165,5077,60,0,0,895,174,1447,0,
2026-05-16T23:00,15229,4999,2606,5042,60,0,0,895,170,1457,0,
2026-05-17T00:00,15195,5174,2567,4872,60,0,0,896,168,1456,0,
2026-05-17T01:00,14111,4828,2112,4618,60,0,0,895,162,1436,0,
2026-05-17T02:00,13190,5050,1175,4424,60,0,2,895,158,1426,0,
2026-05-17T03:00,12530,5088,648,4368,60,0,0,765,156,1445,0,
2026-05-17T04:00,11832,4947,267,4231,60,0,0,765,154,1408,0,
2026-05-17T05:00,10628,4668,78,3653,60,0,0,765,150,1254,0,
2026-05-17T06:00,10322,4740,70,3210,60,28,2,907,124,1181,0,
2026-05-17T07:00,10834,5171,86,3181,60,78,0,907,130,1221,0,
2026-05-17T08:00,10998,5041,77,3345,60,200,0,908,136,1231,0,
2026-05-17T09:00,11478,5030,137,3485,60,483,0,908,140,1235,0,
2026-05-17T10:00,12276,5192,188,4023,60,545,0,907,140,1221,0,
2026-05-17T11:00,12895,5182,371,4472,60,541,4,908,142,1215,0,
2026-05-17T12:00,13846,5365,917,4545,60,562,8,908,156,1325,0,ডে পিক
2026-05-17T13:00,14323,5216,1366,4627,60,525,13,907,164,1445,0,
2026-05-17T14:00,14501,5233,1582,4563,60,533,6,907,170,1447,0,
2026-05-17T15:00,14660,5357,1619,4674,60,402,9,908,170,1461,0,
2026-05-17T16:00,14468,5266,1616,4713,60,272,9,907,170,1455,0,
2026-05-17T17:00,14483,5302,1711,4761,55,120,4,908,172,1450,0,
2026-05-17T18:00,14436,5180,2013,4638,55,18,7,908,162,1455,0,
2026-05-17T19:00,15445,5251,2858,4748,55,0,5,908,168,1452,0,
2026-05-17T19:30,15705,5116,3098,4892,55,0,6,907,178,1453,0,
2026-05-17T20:00,16151,5380,3241,4929,55,0,3,907,184,1452,0,
2026-05-17T21:00,16200,5291,3301,5017,55,0,0,907,172,1457,0,সন্ধ্যা পিক
2026-05-17T22:00,15871,5322,3037,4929,55,0,0,908,176,1444,0,
2026-05-17T23:00,15645,5289,2902,4865,55,0,0,907,178,1449,0,
2026-05-18T00:00,15277,5360,2606,4753,55,0,0,907,174,1422,0,
2026-05-18T01:00,14471,5257,2036,4586,55,0,0,923,168,1446,0,
2026-05-18T02:00,13815,5347,1407,4470,55,0,1,924,162,1449,0,
2026-05-18T03:00,13060,5239,848,4393,55,0,1,924,156,1444,0,
2026-05-18T04:00,12480,5245,367,4386,55,0,5,924,154,1344,0,
2026-05-18T05:00,11960,5278,211,4119,55,0,0,924,148,1225,0,
2026-05-18T06:00,11514,5471,107,3817,55,18,0,924,144,978,0,
2026-05-18T07:00,11645,5547,126,3858,55,50,0,923,110,976,0,
2026-05-18T08:00,11891,5483,137,4018,55,167,0,924,128,979,0,
2026-05-18T09:00,12120,5436,192,4156,55,260,0,924,120,977,0,
2026-05-18T10:00,12558,5440,297,4255,55,482,2,924,126,977,0,
2026-05-18T11:00,12853,5499,338,4167,55,630,3,924,118,1119,0,
2026-05-18T12:00,13586,5569,651,4453,55,528,7,924,122,1277,0,ডে পিক
2026-05-18T13:00,13703,5364,894,4374,55,468,7,924,104,1513,0,
2026-05-18T14:00,13978,5444,928,4471,55,501,6,924,136,1513,0,
2026-05-18T15:00,14120,5391,832,4937,55,319,8,924,140,1514,0,
2026-05-18T16:00,14156,5265,844,5137,55,220,5,924,134,1572,0,
2026-05-18T17:00,13822,4835,1123,5081,55,66,10,924,140,1588,0,
2026-05-18T18:00,13583,4911,1334,4605,55,16,19,924,132,1587,0,
2026-05-18T19:00,14670,5165,1990,4799,55,0,2,923,150,1586,0,সন্ধ্যা পিক
2026-05-18T19:30,14476,5291,1713,4742,55,0,1,924,158,1592,0,
2026-05-18T20:00,13784,5114,1329,4614,55,0,0,923,160,1589,0,
2026-05-18T21:00,14051,5502,1129,4678,55,0,0,924,168,1589,0,
2026-05-18T22:00,14081,5410,1121,4941,55,0,0,923,170,1461,0,
2026-05-18T23:00,14410,5390,1090,5339,30,0,0,924,174,1463,0,
2026-05-19T00:00,14225,5371,1001,5279,30,0,0,923,170,1451,0,
2026-05-19T01:00,13891,5228,949,5157,30,0,0,924,158,1445,0,
2026-05-19T02:00,13335,5219,676,4912,30,0,0,897,154,1447,0,
2026-05-19T03:00,12935,5150,408,4835,30,0,14,898,144,1456,0,
2026-05-19T04:00,12614,5118,392,4665,30,0,10,898,150,1351,0,
2026-05-19T05:00,12439,5227,375,4388,30,0,6,897,148,1368,0,
2026-05-19T06:00,12262,5134,406,4256,30,30,10,897,134,1365,0,
2026-05-19T07:00,12553,5354,453,4177,30,141,2,897,134,1365,0,
2026-05-19T08:00,13174,5351,521,4413,30,446,2,898,158,1355,0,
2026-05-19T09:00,13174,5351,521,4413,30,446,2,898,158,1355,0,
2026-05-19T10:00,13506,5284,748,4431,30,602,6,897,152,1356,0,
2026-05-19T11:00,13885,5272,917,4562,30,671,11,897,158,1367,0,
2026-05-19T12:00,14378,5213,1198,4716,65,641,13,898,172,1462,0,ডে পিক
2026-05-19T13:00,14635,5218,1356,4915,53,567,4,897,178,1447,0,
2026-05-19T14:00,14891,5324,1485,4990,65,473,13,898,188,1455,0,
2026-05-19T15:00,15099,5288,1609,5231,30,412,3,897,184,1445,0,
2026-05-19T16:00,15208,5343,1683,5361,30,246,3,903,180,1459,0,
2026-05-19T17:00,14924,5253,1829,5223,30,111,0,903,174,1401,0,
2026-05-19T18:00,14654,5164,2058,4944,30,19,0,904,174,1361,0,
2026-05-19T19:00,16231,5335,2953,5462,30,0,0,904,188,1359,0,
2026-05-19T19:30,16558,5169,3378,5594,30,0,0,903,174,1310,0,
2026-05-19T20:00,16676,5168,3477,5665,30,0,0,904,162,1270,0,সন্ধ্যা পিক
2026-05-19T21:00,16621,5210,3388,5703,30,0,0,904,168,1218,0,
2026-05-19T22:00,15897,5015,2968,5660,30,0,0,814,156,1254,0,
2026-05-19T23:00,16227,5304,2883,5674,30,0,0,903,160,1273,0,
2026-05-20T00:00,16393,5335,3058,5615,30,0,0,762,160,1433,0,
2026-05-20T01:00,15968,5222,2845,5365,30,0,0,904,162,1440,0,
2026-05-20T02:00,15380,4953,2689,5205,30,0,0,904,160,1439,0,
2026-05-20T03:00,15066,5195,2086,5235,30,0,14,904,154,1448,0,
2026-05-20T04:00,14613,5194,1665,5216,30,0,0,904,154,1450,0,
2026-05-20T05:00,14299,5341,1097,5325,30,0,0,904,152,1450,0,
2026-05-20T06:00,13984,5151,945,5352,30,25,5,904,134,1438,0,
2026-05-20T07:00,13913,5128,835,5344,30,103,0,904,136,1433,0,
2026-05-20T08:00,13894,5078,843,5225,30,206,0,904,142,1466,0,
2026-05-20T09:00,14132,5006,979,5185,30,418,0,903,152,1459,0,
2026-05-20T10:00,14577,5127,1369,5104,30,448,3,904,152,1440,0,
2026-05-20T11:00,15022,5114,1593,5241,30,537,7,903,170,1427,0,
2026-05-20T12:00,15415,5117,1886,5213,30,674,12,903,158,1422,0,ডে পিক
2026-05-20T13:00,15349,5031,1944,5232,30,610,19,904,170,1409,0,
2026-05-20T14:00,15491,5057,2015,5282,30,598,23,903,176,1407,0,
2026-05-20T15:00,15610,5125,2115,5384,30,407,21,904,176,1448,0,
2026-05-20T16:00,15143,5031,1885,5426,30,257,18,903,168,1425,0,
2026-05-20T17:00,15182,5269,1957,5329,30,143,10,904,158,1382,0,
2026-05-20T18:00,14932,5047,2092,5366,30,26,4,903,158,1306,0,
2026-05-20T19:00,16216,5241,2792,5625,30,0,0,877,180,1471,0,
2026-05-20T19:30,16920,5210,3284,5897,30,0,0,876,174,1449,0,
2026-05-20T20:00,16859,5174,3274,5978,30,0,0,781,166,1456,0,
2026-05-20T21:00,17200,5186,3426,6081,107,0,3,781,168,1448,0,সন্ধ্যা পিক
2026-05-20T22:00,16974,5341,3453,5773,30,0,2,781,154,1440,0,
2026-05-20T23:00,16698,5321,3363,5613,30,0,0,781,144,1446,0,
2026-05-21T00:00,15911,5062,2883,5551,30,0,6,781,154,1444,0,
2026-05-21T01:00,15643,5180,2518,5523,30,0,2,781,160,1449,0,
2026-05-21T02:00,15548,5256,2409,5456,30,0,11,781,156,1449,0,
2026-05-21T03:00,15430,5159,2231,5512,30,0,15,877,158,1448,0,
2026-05-21T04:00,15385,5075,2194,5593,30,0,8,877,158,1450,0,
2026-05-21T05:00,14807,5000,1658,5617,30,0,16,877,146,1463,0,
2026-05-21T06:00,14330,5304,1118,5448,30,17,10,877,150,1376,0,
2026-05-21T07:00,13972,5207,957,5297,30,71,3,877,136,1394,0,
2026-05-21T08:00,13625,5113,748,5204,30,160,11,877,142,1340,0,
2026-05-21T09:00,13746,5223,774,5236,30,188,14,877,148,1256,0,
2026-05-21T10:00,13593,5339,875,5116,30,216,14,878,154,971,0,
2026-05-21T11:00,13539,5223,1054,5057,30,160,18,877,164,956,0,
2026-05-21T12:00,13888,5351,1194,5057,30,198,19,877,162,1000,0,ডে পিক
2026-05-21T13:00,14100,5198,1262,5217,30,280,22,877,156,1058,0,
2026-05-21T14:00,14237,5111,1403,5033,30,339,28,877,168,1248,0,
2026-05-21T15:00,14431,5284,1473,5075,30,252,26,878,166,1247,0,
2026-05-21T16:00,14554,5207,1493,5196,30,235,19,877,164,1333,0,
2026-05-21T17:00,14356,5098,1549,5202,30,142,0,878,162,1295,0,
2026-05-21T18:00,14480,5211,1904,5007,30,27,6,877,156,1262,0,
2026-05-21T19:00,15903,5367,2813,5278,30,0,2,878,176,1359,0,
2026-05-21T19:30,16502,5323,3462,5339,30,0,0,814,170,1364,0,
2026-05-21T20:00,16278,5148,3562,5327,30,0,0,699,142,1370,0,
2026-05-21T21:00,16530,5215,3556,5541,30,0,11,699,154,1324,0,সন্ধ্যা পিক
2026-05-21T22:00,16497,5180,3627,5531,30,0,3,699,154,1273,0,
2026-05-21T23:00,16471,5371,3293,5523,30,0,5,699,156,1394,0,
2026-05-22T00:00,16095,5344,2824,5531,30,0,7,794,154,1411,0,
2026-05-22T01:00,15176,4813,2447,5524,30,0,8,888,160,1306,0,
2026-05-22T02:00,15074,4949,2292,5450,30,0,11,888,158,1296,0,
2026-05-22T03:00,14887,4891,2277,5366,30,0,15,888,154,1266,0,
2026-05-22T04:00,14783,4984,2178,5305,30,0,11,888,148,1239,0,
2026-05-22T05:00,14494,4818,2136,5258,30,0,19,888,144,1201,0,
2026-05-22T06:00,13885,4882,1920,5264,30,15,7,490,144,1133,0,
2026-05-22T07:00,13394,4849,1508,5267,30,74,6,465,132,1063,0,
2026-05-22T08:00,13023,4828,1003,5225,30,156,8,465,140,1168,0,
2026-05-22T09:00,13077,4918,920,5172,30,252,8,465,138,1174,0,ডে পিক
2026-05-22T10:00,13018,4858,848,4923,30,246,15,888,134,1076,0,
2026-05-22T11:00,12970,4966,842,4765,30,302,16,888,146,1015,0,
2026-05-22T12:00,12801,4748,749,4681,30,491,15,888,158,1041,0,
2026-05-22T13:00,13564,5234,597,4902,30,474,26,888,154,1259,0,
2026-05-22T14:00,13386,5173,540,4835,30,444,15,888,153,1305,0,
2026-05-22T15:00,13607,5333,518,4952,30,409,17,888,150,1310,0,
2026-05-22T16:00,13425,5190,613,5001,30,236,16,888,150,1301,0,
2026-05-22T17:00,13304,5125,692,5020,30,69,13,888,144,1323,0,
2026-05-22T18:00,13277,4959,884,5016,30,29,7,888,142,1322,0,
2026-05-22T19:00,14855,5293,1835,5212,30,0,1,888,152,1444,0,
2026-05-22T19:30,15649,5169,2460,5502,30,0,5,888,158,1437,0,
2026-05-22T20:00,15539,4974,2498,5540,30,0,7,889,156,1445,0,
2026-05-22T21:00,15768,5198,2463,5578,30,0,21,889,144,1445,0,সন্ধ্যা পিক
2026-05-22T22:00,15747,5232,2402,5587,30,0,13,888,156,1439,0,
2026-05-22T23:00,15778,5278,2401,5548,30,0,27,888,166,1440,0,
2026-05-23T00:00,15414,4860,2505,5515,30,0,13,888,156,1447,0,
2026-05-23T01:00,14930,4793,2294,5304,30,0,19,888,158,1444,0,
2026-05-23T02:00,14485,4790,2137,5138,30,0,10,888,154,1338,0,
2026-05-23T03:00,14222,5013,1629,5082,30,0,12,888,148,1420,0,
2026-05-23T04:00,13804,4990,1255,5127,30,0,5,836,142,1419,0,
2026-05-23T05:00,13680,4940,1149,5144,30,0,15,888,140,1374,0,
2026-05-23T06:00,13021,4856,725,5058,30,24,33,888,132,1275,0,
2026-05-23T07:00,12985,5034,518,4958,30,90,9,888,136,1322,0,
2026-05-23T08:00,13219,5138,553,4988,30,188,9,888,128,1297,0,
2026-05-23T09:00,13318,5039,809,4994,30,134,18,888,124,1282,0,
2026-05-23T10:00,13688,5069,1008,4941,30,311,31,888,128,1282,0,
2026-05-23T11:00,13989,5073,1188,4915,30,425,19,888,146,1305,0,
2026-05-23T12:00,14438,4858,1666,5015,30,484,18,889,158,1320,0,ডে পিক
2026-05-23T13:00,14776,4884,1729,5157,30,541,48,889,174,1324,0,
2026-05-23T14:00,15001,4963,1797,5325,30,468,23,888,132,1375,0,
2026-05-23T15:00,15240,5004,1855,5516,30,379,30,888,116,1422,0,
2026-05-23T16:00,14944,4736,1953,5502,30,247,26,888,114,1448,0,
2026-05-23T17:00,14875,4727,2063,5603,30,113,24,889,106,1320,0,
2026-05-23T18:00,14718,4783,2292,5355,30,19,32,888,112,1207,0,
2026-05-23T19:00,16243,5171,3083,5525,30,0,14,888,116,1416,0,
2026-05-23T19:30,16445,5003,3159,5800,30,0,12,888,110,1443,0,সন্ধ্যা পিক
2026-05-23T20:00,16248,5038,2822,5903,30,0,17,888,104,1446,0,
2026-05-23T21:00,16330,5217,2766,5946,30,0,22,794,108,1447,0,
2026-05-23T22:00,15666,5132,2258,5914,30,0,14,794,124,1400,0,
2026-05-23T23:00,15756,5532,2015,5916,30,0,24,795,126,1318,0,
2026-05-24T00:00,15405,5639,1673,5819,30,0,4,794,124,1322,0,
2026-05-24T01:00,15037,5594,1472,5696,30,0,13,795,116,1321,0,
2026-05-24T02:00,14347,5321,1337,5423,30,0,15,794,112,1315,0,
2026-05-24T03:00,13880,5318,1193,5067,30,0,36,795,112,1329,0,
2026-05-24T04:00,13383,5209,969,4956,30,0,9,795,106,1309,0,
2026-05-24T05:00,12898,5271,530,4841,30,0,15,794,100,1317,0,
2026-05-24T06:00,12623,5560,248,4654,30,10,10,795,94,1222,0,
2026-05-24T07:00,12931,5620,294,4695,30,81,6,888,96,1221,0,
2026-05-24T08:00,13115,5522,309,4729,30,268,19,888,136,1214,0,
2026-05-24T09:00,13245,5460,393,4836,30,273,4,888,138,1223,0,
2026-05-24T10:00,13523,5412,665,4808,30,364,20,888,136,1200,0,
2026-05-24T11:00,13877,5316,1209,4692,30,358,23,889,146,1214,0,
2026-05-24T12:00,14321,5426,1503,4525,30,457,27,888,148,1317,0,ডে পিক
2026-05-24T13:00,14758,5374,1707,4705,30,463,20,888,142,1429,0,
2026-05-24T14:00,14764,5344,1751,4688,30,464,3,888,150,1446,0,
2026-05-24T15:00,15032,5528,1831,4835,30,304,16,888,148,1452,0,
2026-05-24T16:00,14344,4908,1833,4864,40,259,28,828,148,1436,0,
2026-05-24T17:00,12677,4576,1186,4474,40,100,31,888,140,1242,0,
2026-05-24T18:00,12464,4720,1026,4483,40,18,28,889,136,1124,0,
2026-05-24T19:00,14048,5384,1341,4906,40,0,14,910,104,1349,0,
2026-05-24T19:30,14409,5233,1533,5163,38,0,15,909,116,1402,0,
2026-05-24T20:00,14493,5281,1423,5308,38,0,23,910,120,1390,0,
2026-05-24T21:00,14501,5260,1420,5297,60,0,21,910,136,1397,0,সন্ধ্যা পিক
2026-05-24T22:00,14210,5099,1301,5273,60,0,14,909,152,1402,0,
2026-05-24T23:00,13989,5138,1267,5050,60,0,12,910,148,1404,0,
2026-05-25T00:00,14021,5292,1626,4710,60,0,25,826,78,1404,0,
2026-05-25T01:00,13677,5192,1230,4898,60,0,21,783,94,1399,0,
2026-05-25T02:00,13496,5310,972,4852,60,0,14,784,112,1392,0,
2026-05-25T03:00,13155,5148,779,4831,60,0,31,783,126,1397,0,
2026-05-25T04:00,12558,4999,536,4762,60,0,10,686,122,1383,0,
2026-05-25T05:00,12239,5254,338,4365,60,0,20,932,114,1156,0,
2026-05-25T06:00,11726,5222,338,4123,60,13,15,933,108,914,0,
2026-05-25T07:00,11623,5343,385,3890,60,63,7,933,102,840,0,
2026-05-25T08:00,11248,5067,347,3775,60,114,13,934,110,828,0,
2026-05-25T09:00,11332,5203,239,3736,60,188,12,933,120,841,0,
2026-05-25T10:00,11344,5209,197,3729,60,225,23,932,120,849,0,ডে পিক
2026-05-25T11:00,11262,5023,202,3661,60,347,54,933,136,846,0,
2026-05-25T12:00,10956,4798,78,3459,60,577,55,933,144,852,0,
2026-05-25T13:00,11067,5032,78,3360,60,545,57,933,140,862,0,
2026-05-25T14:00,11247,5229,175,3459,60,340,57,933,96,898,0,
2026-05-25T15:00,11626,5303,178,3631,60,335,33,933,96,1057,0,
2026-05-25T16:00,11699,5335,178,3752,60,212,34,933,108,1087,0,
2026-05-25T17:00,11569,5265,197,3783,60,105,29,933,106,1091,0,
2026-05-25T18:00,11392,5216,232,3757,60,29,11,933,112,1042,0,
2026-05-25T19:00,12620,5250,837,4157,60,0,2,933,124,1257,0,
2026-05-25T19:30,13356,5097,1399,4340,60,0,3,918,118,1421,0,
2026-05-25T20:00,13293,5116,1366,4378,60,0,1,822,102,1448,0,
2026-05-25T21:00,13587,5315,1253,4552,60,0,20,822,118,1447,0,সন্ধ্যা পিক
2026-05-25T22:00,13678,5380,1213,4593,60,0,36,822,128,1446,0,
2026-05-25T23:00,13635,5483,1291,4405,60,0,4,822,120,1450,0,
2026-05-26T00:00,13338,5273,1280,4318,65,0,0,821,124,1457,0,
2026-05-26T01:00,12460,5236,571,4221,65,0,10,795,120,1442,0,
2026-05-26T02:00,11369,5358,224,3842,65,0,15,568,114,1183,0,
2026-05-26T03:00,10539,5283,114,3361,65,0,18,569,114,1015,0,
2026-05-26T04:00,9387,4805,34,2938,65,0,16,569,112,848,0,
2026-05-26T05:00,8047,4178,0,2535,35,0,39,343,98,819,0,
2026-05-26T06:00,7746,4117,0,2216,35,21,22,441,68,826,0,
2026-05-26T07:00,8082,4241,0,2231,35,98,13,588,48,828,0,
2026-05-26T08:00,8751,4512,0,2257,35,220,21,784,72,850,0,
2026-05-26T09:00,9165,5075,0,2311,65,365,3,447,72,827,0,ডে পিক
2026-05-26T10:00,8942,4596,0,2298,69,350,1,731,72,825,0,
2026-05-26T11:00,9081,4730,0,2267,67,179,3,922,88,825,0,
2026-05-26T12:00,8445,4068,0,2266,67,364,19,750,88,823,0,
2026-05-26T13:00,7841,3865,0,2129,67,93,64,681,102,840,0,
2026-05-26T14:00,8414,4063,0,2113,69,308,55,923,66,817,0,
2026-05-26T15:00,8651,4378,0,2069,69,275,14,923,82,841,0,
2026-05-26T16:00,8740,4654,0,2150,70,232,10,923,90,611,0,
2026-05-26T17:00,8855,5010,0,2172,70,107,30,923,94,449,0,
2026-05-26T18:00,9196,5123,0,2413,70,34,54,923,96,483,0,
2026-05-26T19:00,10736,5797,172,3184,70,0,6,923,116,468,0,
2026-05-26T19:30,11127,5678,260,3616,70,0,2,923,106,472,0,
2026-05-26T20:00,11103,5536,291,3731,70,0,14,924,106,431,0,
2026-05-26T21:00,11164,6040,205,3340,70,0,57,923,104,425,0,সন্ধ্যা পিক
2026-05-26T22:00,11197,6149,190,3280,68,0,35,923,106,446,0,
2026-05-26T23:00,11087,6136,183,3246,67,0,9,923,108,415,0,
2026-05-27T00:00,10786,6054,84,3135,67,0,10,923,104,409,0,
2026-05-27T01:00,10392,5909,0,2980,67,0,12,923,96,405,0,
2026-05-27T02:00,10010,5748,0,2769,67,0,15,923,88,923,0,
2026-05-27T03:00,9702,5655,0,2556,69,0,11,923,86,402,0,
2026-05-27T04:00,9136,5282,0,2363,69,0,11,923,84,404,0,
2026-05-27T05:00,8299,4626,0,2280,69,0,21,822,80,401,0,
2026-05-27T06:00,7376,4195,0,2230,69,16,19,369,76,402,0,
2026-05-27T07:00,6893,3717,0,2227,0,69,22,369,74,415,0,
2026-05-27T08:00,6322,3383,0,2215,0,25,6,212,80,401,0,
2026-05-27T09:00,5753,2903,0,2144,0,37,10,152,86,421,0,
2026-05-27T10:00,5956,3122,0,2089,0,79,18,211,3,434,0,
2026-05-27T11:00,6170,3162,0,1933,0,141,11,449,12,462,0,
2026-05-27T12:00,6574,3615,0,1910,0,256,10,250,12,521,0,ডে পিক
2026-05-27T13:00,7233,4047,0,1949,0,482,0,196,12,547,0,
2026-05-27T14:00,7697,4470,0,1979,34,453,8,195,12,546,0,
2026-05-27T15:00,7858,4551,0,2062,35,439,3,196,14,558,0,
2026-05-27T16:00,7869,4620,0,2119,35,303,16,195,16,565,0,
2026-05-27T17:00,7930,4657,0,2233,35,155,5,196,80,569,0,
2026-05-27T18:00,8281,4581,0,2579,35,28,0,311,90,657,0,
2026-05-27T19:00,9650,4766,39,3330,35,0,0,620,100,760,0,
2026-05-27T19:30,9967,4798,109,3538,35,0,0,620,100,767,0,
2026-05-27T20:00,9968,4740,136,3569,35,0,0,620,98,770,0,সন্ধ্যা পিক
2026-05-27T21:00,9865,4797,66,3474,35,0,0,620,104,769,0,
2026-05-27T22:00,9794,4902,24,3342,35,0,0,621,100,770,0,
2026-05-27T23:00,9745,5034,24,3196,35,0,0,620,106,730,0,
2026-05-28T00:00,9594,5170,21,2898,35,0,0,620,106,744,0,
2026-05-28T01:00,9297,5165,32,2613,32,0,0,620,100,735,0,
2026-05-28T02:00,9045,5015,32,2513,32,0,23,621,92,717,0,
2026-05-28T03:00,8647,5014,0,2432,34,0,12,336,88,731,0,
2026-05-28T04:00,8328,4949,0,2292,34,0,18,242,88,705,0,
2026-05-28T05:00,8284,4983,0,2173,35,0,30,241,86,736,0,
2026-05-28T06:00,8790,5195,4,2441,35,26,47,196,102,744,0,
2026-05-28T07:00,9220,5018,32,2914,35,107,52,195,100,767,0,
2026-05-28T08:00,8473,4508,0,2682,35,280,7,196,86,679,0,
2026-05-28T09:00,7708,4310,0,2152,35,317,9,195,74,616,0,
2026-05-28T10:00,7410,4098,0,1971,35,487,11,195,78,535,0,
2026-05-28T11:00,7535,4207,0,1860,35,687,30,195,82,439,0,
2026-05-28T12:00,7816,4328,0,1802,34,709,8,431,74,430,0,ডে পিক
2026-05-28T13:00,8479,4813,0,1951,33,671,8,431,86,486,0,
2026-05-28T14:00,9081,5141,0,2230,62,613,15,431,88,501,0,
2026-05-28T15:00,9720,5386,0,2663,63,520,11,431,106,540,0,
2026-05-28T16:00,9913,5588,0,2811,66,315,14,431,112,576,0,
2026-05-28T17:00,10236,5623,0,3109,67,155,5,431,116,730,0,
2026-05-28T18:00,10234,5486,169,3147,67,32,1,447,120,765,0,
2026-05-28T19:00,11594,5740,888,3130,65,0,0,906,136,729,0,
2026-05-28T19:30,12359,5537,1695,3291,65,0,0,930,134,707,0,
2026-05-28T20:00,12043,5400,1712,3141,65,0,2,922,136,665,0,
2026-05-28T21:00,12364,5746,1837,3010,66,0,7,923,138,637,0,সন্ধ্যা পিক
2026-05-28T22:00,12407,6036,1507,3056,70,0,4,922,146,666,0,
2026-05-28T23:00,12518,6217,1496,3013,65,0,3,902,146,676,0,
2026-05-29T00:00,12338,6293,1421,2853,65,0,9,901,142,654,0,
2026-05-29T01:00,11852,6140,1313,2680,64,0,2,902,138,613,0,
2026-05-29T02:00,11281,6010,844,2708,64,0,0,901,134,620,0,
2026-05-29T03:00,10951,6372,369,2526,64,0,0,902,132,586,0,
2026-05-29T04:00,10573,6451,103,2337,64,0,9,902,128,579,0,
2026-05-29T05:00,10255,6407,44,2148,65,0,4,902,124,561,0,
2026-05-29T06:00,9884,6204,44,1969,65,30,0,902,118,552,0,
2026-05-29T07:00,10010,6236,44,1936,65,151,0,902,118,558,0,
2026-05-29T08:00,10347,6251,57,1929,65,288,0,902,116,557,0,
2026-05-29T09:00,10347,6219,88,1928,66,472,0,901,114,559,0,
2026-05-29T10:00,10277,6011,71,1906,71,632,0,902,118,566,0,
2026-05-29T11:00,10528,6112,71,2031,71,687,0,902,124,530,0,
2026-05-29T12:00,11104,6437,103,2219,70,699,0,902,126,548,0,ডে পিক
2026-05-29T13:00,12114,6632,130,2952,70,667,7,902,130,624,0,
2026-05-29T14:00,11901,6445,217,2996,68,551,10,902,138,574,0,
2026-05-29T15:00,11162,6108,179,2843,67,414,9,901,136,505,0,
2026-05-29T16:00,9538,5143,125,2585,69,183,12,901,94,426,0,
2026-05-29T17:00,7949,4136,108,2402,70,56,0,635,112,430,0,
2026-05-29T18:00,7339,4076,68,2351,35,17,3,251,112,426,0,
2026-05-29T19:00,8892,5046,108,2485,35,0,0,703,74,441,0,
2026-05-29T19:30,9578,5582,121,2565,35,0,4,685,110,476,0,
2026-05-29T20:00,9955,6012,163,2732,35,0,0,378,120,515,0,
2026-05-29T21:00,10776,6231,273,2933,35,0,0,617,134,553,0,সন্ধ্যা পিক
2026-05-29T22:00,11092,6134,260,3062,35,0,2,901,132,566,0,
2026-05-29T23:00,11017,6063,244,3001,69,0,18,902,140,580,0,
2026-05-30T00:00,11207,5998,258,3190,70,0,1,902,136,652,0,
2026-05-30T01:00,11009,5941,258,3030,70,0,15,900,136,659,0,
2026-05-30T02:00,10808,5960,224,2874,70,0,27,900,130,623,0,
2026-05-30T03:00,10566,5887,254,2736,70,0,4,900,126,589,0,
2026-05-30T04:00,10277,5799,149,2698,70,0,1,899,124,537,0,
2026-05-30T05:00,9902,5657,95,2579,70,0,0,900,120,481,0,
2026-05-30T06:00,9520,5366,95,2526,70,35,0,900,112,416,0,
2026-05-30T07:00,9549,5301,95,2522,70,139,0,900,108,414,0,
2026-05-30T08:00,9621,5184,95,2525,70,326,0,900,108,413,0,
2026-05-30T09:00,9498,4912,105,2524,70,465,0,899,106,417,0,
2026-05-30T10:00,9699,4976,105,2503,70,621,0,900,110,414,0,
2026-05-30T11:00,9954,5143,105,2499,70,712,0,900,110,415,0,
2026-05-30T12:00,10486,5542,105,2558,70,759,0,900,116,436,0,ডে পিক
2026-05-30T13:00,11189,6063,105,2750,70,685,0,900,126,490,0,
2026-05-30T14:00,11542,6096,152,3036,69,647,0,900,128,514,0,
2026-05-30T15:00,11581,6460,150,2961,69,432,0,900,130,479,0,
2026-05-30T16:00,10768,5723,150,3008,69,328,1,900,124,465,0,
2026-05-30T17:00,11108,5902,151,3321,70,160,4,900,124,476,0,
2026-05-30T18:00,10790,5771,162,3321,70,23,3,900,120,420,0,
2026-05-30T19:00,11982,6091,689,3597,70,0,1,900,142,492,0,
2026-05-30T19:30,13200,5845,1735,3929,70,0,0,900,144,577,0,
2026-05-30T20:00,13242,5770,1561,4114,70,0,0,900,144,683,0,
2026-05-30T21:00,13659,5861,1656,4276,70,0,0,900,136,760,0,সন্ধ্যা পিক
2026-05-30T22:00,13636,6132,1230,4403,70,0,0,900,140,761,0,
2026-05-30T23:00,13685,6297,1120,4409,70,0,0,899,152,738,0,
2026-05-31T00:00,13623,6523,882,4381,70,0,0,900,166,701,0,
2026-05-31T01:00,13300,6588,637,4284,70,0,0,900,162,659,0,
2026-05-31T02:00,12999,6655,459,4102,70,0,0,930,158,625,0,
2026-05-31T03:00,12641,6654,322,3915,70,0,0,931,152,597,0,
2026-05-31T04:00,12408,6710,279,3703,70,0,0,931,150,565,0,
2026-05-31T05:00,12128,6720,279,3445,70,0,0,931,144,539,0,
2026-05-31T06:00,11423,6278,260,3217,70,43,0,931,136,488,0,
2026-05-31T07:00,11383,6286,207,3145,70,168,10,931,132,434,0,
2026-05-31T08:00,11322,6162,217,3019,70,375,4,932,126,417,0,
2026-05-31T09:00,11252,6057,274,2891,70,485,0,931,128,416,0,
2026-05-31T10:00,11103,6044,280,2697,70,534,0,932,130,416,0,
2026-05-31T11:00,11222,6220,201,2640,70,607,0,931,136,417,0,
2026-05-31T12:00,11712,6735,201,2651,70,564,0,931,138,422,0,ডে পিক
2026-05-31T13:00,12276,7157,164,3021,70,557,0,931,152,478,0,
2026-05-31T14:00,12530,7157,164,3021,70,557,0,931,152,478,0,
2026-05-31T15:00,12469,7065,177,3161,63,440,1,931,150,481,0,
2026-05-31T16:00,12205,6636,227,3384,68,333,0,931,150,476,0,
2026-05-31T17:00,11773,6384,235,3424,69,150,0,931,142,438,0,
2026-05-31T18:00,11449,6295,241,3325,70,37,6,931,140,404,0,
2026-05-31T19:00,13112,6684,848,3832,70,0,9,931,168,570,0,
2026-05-31T19:30,13427,5951,1601,4011,70,0,5,931,164,694,0,
2026-05-31T20:00,13830,5996,1713,4197,70,0,5,931,164,754,0,
2026-05-31T21:00,14206,5975,1949,4359,70,0,6,931,170,746,0,সন্ধ্যা পিক
2026-05-31T22:00,14450,6198,1931,4394,70,0,1,931,172,753,0,
2026-05-31T23:00,14513,6137,2188,4261,70,0,6,931,174,746,0,
2026-06-01T00:00,14464,6036,2217,4279,70,0,10,932,170,750,0,
2026-06-01T01:00,14277,5817,1919,4603,70,0,13,931,170,754,0,
2026-06-01T02:00,13657,5981,1151,4648,70,0,6,931,164,706,0,
2026-06-01T03:00,13303,6135,685,4619,70,0,4,931,160,699,0,
2026-06-01T04:00,12965,6131,423,4558,70,0,10,931,156,686,0,
2026-06-01T05:00,12690,6065,359,4427,70,0,18,931,150,670,0,
2026-06-01T06:00,12311,6095,359,4040,70,41,6,931,144,625,0,
2026-06-01T07:00,12247,6131,359,3824,70,164,2,931,140,626,0,
2026-06-01T08:00,12301,6140,359,3732,70,332,0,931,138,599,0,
2026-06-01T09:00,12602,6153,444,3757,70,446,0,933,144,655,0,
2026-06-01T10:00,12691,6057,404,3709,70,596,0,933,146,776,0,
2026-06-01T11:00,12837,6170,424,3762,70,497,2,933,150,829,0,
2026-06-01T12:00,13116,6212,393,3856,100,614,0,933,160,848,0,ডে পিক
2026-06-01T13:00,13562,6254,259,4323,100,538,0,933,170,985,0,
2026-06-01T14:00,13554,6099,259,4410,100,561,0,933,172,1020,0,
2026-06-01T15:00,13566,6082,262,4478,96,416,6,933,174,1119,0,
2026-06-01T16:00,13480,5849,495,4349,96,322,4,933,170,1262,0,
2026-06-01T17:00,13214,5783,777,4077,97,145,0,933,142,1260,0,
2026-06-01T18:00,12544,5327,898,3972,100,30,0,933,112,1172,0,
2026-06-01T19:00,14259,5639,1526,4519,100,0,0,931,164,1380,0,
2026-06-01T19:30,14891,5812,1759,4656,100,0,3,933,166,1462,0,
2026-06-01T20:00,14951,5780,1791,4733,100,0,0,933,172,1442,0,
2026-06-01T21:00,15127,5682,1938,4844,100,0,5,933,174,1451,0,সন্ধ্যা পিক
2026-06-01T22:00,15140,5676,1971,4839,100,0,0,933,176,1445,0,
2026-06-01T23:00,15178,5721,1901,4883,100,0,1,934,178,1460,0,
2026-06-02T00:00,15124,5684,1903,4889,100,0,2,933,168,1445,0,
2026-06-02T01:00,15043,5648,1873,4869,100,0,0,933,164,1456,0,
2026-06-02T02:00,14655,5646,1644,4852,100,0,1,806,158,1448,0,
2026-06-02T03:00,14349,5629,1353,4754,100,0,1,904,156,1452,0,
2026-06-02T04:00,13955,5646,942,4769,100,0,0,904,152,1442,0,
2026-06-02T05:00,13719,5574,864,4683,100,0,0,903,150,1445,0,
2026-06-02T06:00,13044,5430,496,4483,100,43,0,904,140,1448,0,
2026-06-02T07:00,13014,5386,473,4399,100,155,0,904,140,1457,0,
2026-06-02T08:00,12962,5391,454,4259,100,318,0,903,144,1393,0,
2026-06-02T09:00,13140,5519,454,4166,100,486,0,903,146,1366,0,
2026-06-02T10:00,13236,5526,469,4169,100,570,0,905,148,1349,0,
2026-06-02T11:00,13532,5558,508,4318,100,663,0,906,158,1321,0,
2026-06-02T12:00,13820,5538,528,4647,100,590,11,906,164,1336,0,ডে পিক
2026-06-02T13:00,14323,5435,949,4701,100,634,2,906,164,1432,0,
2026-06-02T14:00,14518,5283,1395,4758,100,462,1,906,170,1443,0,
2026-06-02T15:00,14744,5304,1682,4780,99,348,6,905,170,1450,0,
2026-06-02T16:00,14419,5119,1762,4659,95,286,7,906,172,1413,0,
2026-06-02T17:00,14102,5119,1873,4445,95,145,7,905,168,1345,0,
2026-06-02T18:00,13407,4838,1964,4183,99,38,1,903,160,1221,0,
2026-06-02T19:00,14832,5102,2814,4432,99,0,0,903,182,1300,0,
2026-06-02T19:30,15687,5002,3142,4911,100,0,0,904,176,1470,0,
2026-06-02T20:00,15716,4837,3249,5006,100,0,0,904,174,1446,0,
2026-06-02T21:00,15819,4944,3251,5023,100,0,0,904,162,1435,0,সন্ধ্যা পিক
2026-06-02T22:00,15735,5213,2991,4907,100,0,0,904,178,1442,0,
2026-06-02T23:00,15896,5381,2874,5020,100,0,0,904,170,1447,0,
2026-06-03T00:00,15810,5439,2591,5155,100,0,0,903,170,1452,0,
2026-06-03T01:00,15520,5331,2449,5142,100,0,0,904,152,1442,0,
2026-06-03T02:00,15162,5077,2346,5141,100,0,1,903,148,1446,0,
2026-06-03T03:00,14807,5099,1962,5147,98,0,0,904,148,1449,0,
2026-06-03T04:00,14478,5255,1483,5151,98,0,0,903,144,1444,0,
2026-06-03T05:00,14319,5161,1435,5154,97,0,0,903,138,1431,0,
2026-06-03T06:00,13609,5087,854,5056,100,39,0,903,132,1438,0,
2026-06-03T07:00,13429,5336,602,4783,100,151,0,904,120,1433,0,
2026-06-03T08:00,13293,5103,600,4726,100,320,0,903,100,1441,0,
2026-06-03T09:00,13500,5100,595,4734,100,484,0,904,142,1441,0,
2026-06-03T10:00,13936,5432,541,4755,100,616,0,904,142,1446,0,
2026-06-03T11:00,14058,5287,629,4888,100,664,2,903,150,1435,0,
2026-06-03T12:00,14547,5341,920,5019,100,667,1,903,158,1438,0,ডে পিক
2026-06-03T13:00,15034,5219,1521,5009,100,685,0,903,156,1441,0,
2026-06-03T14:00,15188,5225,1826,4965,100,563,4,903,160,1442,0,
2026-06-03T15:00,15184,5224,1960,4969,98,412,4,903,168,1446,0,
2026-06-03T16:00,15148,5067,2037,5112,95,317,7,903,166,1444,0,
2026-06-03T17:00,14371,4985,1803,4896,94,90,6,903,152,1442,0,
2026-06-03T18:00,13443,4683,1701,4450,97,29,1,903,144,1435,0,
2026-06-03T19:00,14922,5114,2323,4878,98,0,0,903,158,1448,0,
2026-06-03T19:30,15658,5110,2841,5099,99,0,0,904,160,1445,0,
2026-06-03T20:00,15505,5097,2762,5054,100,0,0,903,148,1441,0,
2026-06-03T21:00,15869,5245,2848,5175,100,0,0,903,154,1444,0,সন্ধ্যা পিক
2026-06-03T22:00,15805,5249,2699,5248,100,0,0,903,160,1446,0,
2026-06-03T23:00,15978,5350,2598,5415,100,0,0,903,160,1452,0,
2026-06-04T00:00,16015,5260,2523,5627,100,0,0,904,156,1445,0,
2026-06-04T01:00,15742,5154,2253,5732,100,0,0,904,148,1451,0,
2026-06-04T02:00,15243,5265,1894,5570,100,0,0,904,148,1362,0,
2026-06-04T03:00,14912,5343,1684,5374,100,0,0,903,146,1362,0,
2026-06-04T04:00,14547,5293,1389,5350,100,0,0,904,144,1367,0,
2026-06-04T05:00,14183,5215,1085,5377,97,0,0,903,138,1368,0,
2026-06-04T06:00,13708,5098,826,5346,97,31,0,904,134,1272,0,
2026-06-04T07:00,13591,5122,666,5250,95,146,0,904,132,1276,0,
2026-06-04T08:00,13447,5042,633,5127,98,295,0,904,136,1212,0,
2026-06-04T09:00,13677,5176,668,5032,99,449,0,903,144,1206,0,
2026-06-04T10:00,13940,5285,674,5033,99,551,0,903,148,1247,0,
2026-06-04T11:00,14300,5311,716,5173,100,632,0,903,156,1309,0,
2026-06-04T12:00,14740,5313,997,5212,100,597,1,904,164,1452,0,ডে পিক
2026-06-04T13:00,14992,5280,1317,5206,100,563,1,903,164,1458,0,
2026-06-04T14:00,14995,5122,1633,5169,100,521,8,904,162,1376,0,
2026-06-04T15:00,15141,5274,1702,5222,99,363,6,903,172,1400,0,
2026-06-04T16:00,14648,5147,1563,5126,95,291,6,903,162,1355,0,
2026-06-04T17:00,13966,5096,1418,4944,95,120,4,904,166,1219,0,
2026-06-04T18:00,12972,4855,1176,4695,96,18,6,903,144,1079,0,
2026-06-04T19:00,14244,5331,1570,5071,100,0,1,903,174,1094,0,
2026-06-04T19:30,14759,4940,2303,5314,100,0,0,893,162,1023,0,
2026-06-04T20:00,14880,5126,1982,5589,100,0,0,903,160,1020,0,
2026-06-04T21:00,14899,5189,1416,5945,100,0,0,903,164,1182,0,সন্ধ্যা পিক
2026-06-04T22:00,14857,5049,1166,6021,100,0,0,904,162,1455,0,
2026-06-04T23:00,15048,5274,1200,5944,100,0,0,903,166,1461,0,
2026-06-05T00:00,15282,5361,1422,5868,100,0,2,903,166,1460,0,
2026-06-05T01:00,15224,5244,1657,5780,100,0,0,830,156,1457,0,
2026-06-05T02:00,15176,5197,1730,5646,100,0,2,906,146,1449,0,
2026-06-05T03:00,14691,5160,1346,5580,100,0,0,906,156,1443,0,
2026-06-05T04:00,14244,5066,969,5598,97,0,0,905,156,1453,0,
2026-06-05T05:00,13895,4947,753,5595,94,0,0,906,154,1446,0,
2026-06-05T06:00,13222,4782,710,5250,93,38,1,905,136,1307,0,
2026-06-05T07:00,12738,4948,434,4817,96,144,0,905,136,1260,0,
2026-06-05T08:00,12526,5057,328,4468,100,265,0,905,136,1267,0,
2026-06-05T09:00,12457,5027,263,4391,100,375,0,906,130,1265,0,ডে পিক
2026-06-05T10:00,12355,4948,276,4245,100,458,0,905,134,1289,0,
2026-06-05T11:00,12235,5024,285,4013,100,517,0,905,122,1269,0,
2026-06-05T12:00,12335,5036,384,3968,100,544,3,906,114,1280,0,
2026-06-05T13:00,12667,5082,427,4362,100,397,10,905,110,1274,0,
2026-06-05T14:00,12191,4908,379,4226,100,362,22,905,122,1167,0,
2026-06-05T15:00,12053,5011,304,4192,100,247,11,905,106,1177,0,
2026-06-05T16:00,11925,5049,232,4140,95,227,7,905,110,1160,0,
2026-06-05T17:00,11760,5101,229,4013,94,130,1,905,102,1185,0,
2026-06-05T18:00,11708,5080,245,4088,90,38,0,905,108,1154,0,
2026-06-05T19:00,13240,5075,931,4744,91,0,4,905,132,1358,0,
2026-06-05T19:30,13938,5003,1264,5082,94,0,1,905,130,1459,0,
2026-06-05T20:00,13914,4997,1007,5321,95,0,0,906,134,1454,0,
2026-06-05T21:00,14449,5273,959,5625,95,0,0,906,134,1457,0,সন্ধ্যা পিক
2026-06-05T22:00,14536,5143,1164,5641,97,0,0,905,142,1444,0,
2026-06-05T23:00,14669,5128,1330,5617,100,0,0,906,136,1452,0,
2026-06-06T00:00,14604,5163,1419,5433,100,0,0,905,144,1440,0,
2026-06-06T01:00,14465,5198,1472,5290,100,0,0,811,138,1456,0,
2026-06-06T02:00,13949,5211,967,5280,99,0,0,810,128,1454,0,
2026-06-06T03:00,13577,5102,662,5221,99,0,0,905,128,1460,0,
2026-06-06T04:00,13247,5119,556,5041,98,0,0,905,122,1406,0,
2026-06-06T05:00,13052,5068,559,4962,98,0,0,906,122,1337,0,
2026-06-06T06:00,12674,5094,397,4819,91,34,0,905,116,1218,0,
2026-06-06T07:00,12767,5221,317,4815,92,118,0,905,116,1183,0,
2026-06-06T08:00,12992,5389,295,4727,94,285,0,905,124,1173,0,
2026-06-06T09:00,13220,5348,329,4737,98,424,0,905,130,1249,0,
2026-06-06T10:00,13462,5236,449,4860,98,529,0,905,132,1253,0,
2026-06-06T11:00,13807,5178,537,5065,98,520,9,905,146,1349,0,
2026-06-06T12:00,13984,4964,835,5045,98,556,0,906,160,1420,0,ডে পিক
2026-06-06T13:00,14263,4798,1481,4996,100,440,2,905,162,1379,0,
2026-06-06T14:00,13901,4637,1700,4763,100,299,2,906,152,1342,0,
2026-06-06T15:00,14188,4779,1762,4975,100,191,5,905,160,1311,0,
2026-06-06T16:00,13842,4698,1649,4871,100,127,7,905,160,1325,0,
2026-06-06T17:00,13086,4498,1459,4599,98,98,16,905,158,1255,0,
2026-06-06T18:00,12402,4430,1407,4300,96,22,8,905,112,1122,0,
2026-06-06T19:00,13910,4711,1940,4783,96,0,3,906,126,1345,0,
2026-06-06T19:30,14771,4852,2147,5232,93,0,1,906,130,1410,0,
2026-06-06T20:00,14986,4771,2252,5370,98,0,0,905,132,1458,0,
2026-06-06T21:00,15289,4819,2311,5535,100,0,0,905,150,1469,0,সন্ধ্যা পিক
2026-06-06T22:00,15282,4869,2193,5592,100,0,5,906,152,1465,0,
2026-06-06T23:00,15334,4816,2257,5622,100,0,10,905,154,1470,0,
2026-06-07T00:00,15576,4982,2390,5580,100,0,1,905,154,1464,0,
2026-06-07T01:00,14985,4966,2080,5355,100,0,5,905,152,1422,0,
2026-06-07T02:00,14238,4963,1368,5334,100,0,8,932,152,1381,0,
2026-06-07T03:00,13738,4994,935,5260,100,0,5,932,146,1366,0,
2026-06-07T04:00,13470,5133,552,5247,100,0,6,932,142,1358,0,
2026-06-07T05:00,13166,5119,423,5158,97,0,0,932,134,1303,0,
2026-06-07T06:00,13004,5180,423,4966,96,29,1,932,130,1247,0,
2026-06-07T07:00,13076,5235,428,4914,91,86,3,932,126,1261,0,
2026-06-07T08:00,13307,5256,470,4937,94,254,0,932,130,1234,0,
2026-06-07T09:00,13607,5071,504,5178,96,407,7,932,136,1276,0,
2026-06-07T10:00,13903,5039,652,5278,97,439,2,932,142,1322,0,
2026-06-07T11:00,14065,4955,893,5220,95,522,3,932,144,1301,0,
2026-06-07T12:00,14723,5096,1200,5304,95,597,6,932,156,1337,0,ডে পিক
2026-06-07T13:00,15104,4989,1540,5352,96,592,10,932,148,1445,0,
2026-06-07T14:00,15146,4946,1783,5333,98,443,7,932,158,1446,0,
2026-06-07T15:00,15258,4856,1892,5488,99,358,31,932,166,1436,0,
2026-06-07T16:00,14590,4652,1826,5277,99,160,29,932,168,1447,0,
2026-06-07T17:00,14194,4731,1706,4968,95,76,54,932,166,1466,0,
2026-06-07T18:00,13296,4533,1555,4654,92,29,20,932,142,1339,0,
2026-06-07T19:00,14508,4943,2054,4985,90,0,12,932,170,1322,0,
2026-06-07T19:30,15272,4926,2561,5249,88,0,7,932,166,1343,0,
2026-06-07T20:00,15348,4930,2620,5300,89,0,1,932,166,1310,0,
2026-06-07T21:00,15620,4973,2629,5415,89,0,5,931,168,1410,0,সন্ধ্যা পিক
2026-06-07T22:00,15700,4937,2633,5476,89,0,11,932,174,1448,0,
2026-06-07T23:00,15618,5016,2468,5504,64,0,9,931,170,1456,0,
2026-06-08T00:00,15494,4956,2324,5590,65,0,10,932,166,1451,0,
2026-06-08T01:00,15151,4935,1994,5609,65,0,13,932,162,1441,0,
2026-06-08T02:00,14868,4866,1842,5545,65,0,25,932,162,1431,0,
2026-06-08T03:00,14478,4889,1451,5547,65,0,20,932,160,1414,0,
2026-06-08T04:00,14077,4888,1160,5518,65,0,21,932,154,1339,0,
2026-06-08T05:00,13823,4868,1111,5398,65,0,16,932,152,1281,0,
2026-06-08T06:00,13342,5027,730,5242,65,23,16,932,144,1163,0,
2026-06-08T07:00,13425,4979,695,5273,64,114,14,932,138,1216,0,
2026-06-08T08:00,13450,4913,696,5247,62,244,8,932,150,1198,0,
2026-06-08T09:00,13631,4929,739,5220,62,393,7,932,146,1203,0,
2026-06-08T10:00,13959,4954,848,5289,64,484,6,932,150,1232,0,
2026-06-08T11:00,14281,4957,1076,5293,65,566,2,932,150,1240,0,
2026-06-08T12:00,14847,4939,1240,5445,65,581,53,931,168,1425,0,ডে পিক
2026-06-08T13:00,14979,5031,1459,5317,65,548,18,932,166,1443,0,
2026-06-08T14:00,15131,4978,1538,5484,65,489,21,932,174,1450,0,
2026-06-08T15:00,15201,5034,1710,5449,65,374,9,932,174,1454,0,
2026-06-08T16:00,15269,5141,1841,5406,65,256,0,931,174,1455,0,
2026-06-08T17:00,14892,5041,1825,5269,64,135,0,932,176,1450,0,
2026-06-08T18:00,14378,4913,1840,5048,63,41,10,932,165,1369,0,
2026-06-08T19:00,15336,5205,2226,5276,61,0,17,932,174,1445,0,
2026-06-08T19:30,15772,5021,2664,5458,61,0,16,932,170,1450,0,সন্ধ্যা পিক
2026-06-08T20:00,15637,4985,2554,5496,59,0,0,932,166,1445,0,
2026-06-08T21:00,15684,5146,2396,5538,59,0,2,932,164,1447,0,
2026-06-08T22:00,15574,5018,2373,5558,60,0,24,932,166,1443,0,
2026-06-08T23:00,15550,5111,2260,5580,64,0,13,932,170,1420,0,
2026-06-09T00:00,15488,5128,2165,5597,65,0,11,932,168,1422,0,
2026-06-09T01:00,15297,5159,2034,5511,65,0,3,932,164,1429,0,
2026-06-09T02:00,14832,5108,1805,5458,65,0,7,837,164,1388,0,
2026-06-09T03:00,14259,5089,1267,5382,65,0,15,931,158,1352,0,
2026-06-09T04:00,13851,5146,796,5374,65,0,21,932,156,1361,0,
2026-06-09T05:00,13501,5058,571,5352,65,0,26,932,148,1349,0,
2026-06-09T06:00,13239,5057,476,5235,65,21,22,932,150,1281,0,
2026-06-09T07:00,13316,5016,476,5282,65,81,26,932,140,1298,0,
2026-06-09T08:00,13115,4977,417,5152,62,162,16,932,148,1249,0,
2026-06-09T09:00,13120,4993,441,4997,60,307,9,932,150,1231,0,
2026-06-09T10:00,13479,5073,538,5124,57,325,14,932,154,1262,0,
2026-06-09T11:00,13848,5106,627,5219,57,475,10,931,158,1265,0,
2026-06-09T12:00,14131,5129,807,5279,59,476,4,932,164,1281,0,ডে পিক
2026-06-09T13:00,14609,5117,1032,5385,60,474,9,932,160,1440,0,
2026-06-09T14:00,14626,4926,1201,5396,60,459,35,932,164,1453,0,
2026-06-09T15:00,14781,5058,1297,5480,60,305,34,932,168,1447,0,
2026-06-09T16:00,14274,4808,1432,5228,60,195,20,932,144,1455,0,
2026-06-09T17:00,13600,4819,1288,4845,60,109,9,932,88,1450,0,
2026-06-09T18:00,13178,4736,1214,4631,59,31,6,932,116,1453,0,
2026-06-09T19:00,14100,5043,1774,4705,58,0,6,932,124,1458,0,
2026-06-09T19:30,14502,4857,2096,4977,58,0,7,932,126,1449,0,
2026-06-09T20:00,14524,4870,1811,5260,57,0,14,932,128,1452,0,সন্ধ্যা পিক
2026-06-09T21:00,14449,4848,1494,5526,56,0,8,932,130,1455,0,
2026-06-09T22:00,14392,5067,1453,5315,55,0,1,932,116,1453,0,
2026-06-09T23:00,14111,5211,1405,4902,58,0,15,932,132,1456,0,
2026-06-10T00:00,14381,5207,1584,5016,59,0,12,932,126,1445,0,
2026-06-10T01:00,14165,4945,1640,5007,60,0,9,928,132,1444,0,
2026-06-10T02:00,13592,4864,1026,5112,60,0,16,928,134,1452,0,
2026-06-10T03:00,13168,4991,446,5233,60,0,1,928,134,1375,0,
2026-06-10T04:00,12885,5072,365,5063,60,0,0,928,130,1267,0,
2026-06-10T05:00,12648,5233,366,4708,60,0,2,928,128,1223,0,
2026-06-10T06:00,12330,5157,374,4548,60,24,5,928,122,1112,0,
2026-06-10T07:00,12444,5113,409,4594,60,96,0,928,124,1120,0,
2026-06-10T08:00,12547,5129,401,4588,60,187,4,928,138,1112,0,
2026-06-10T09:00,12815,5199,445,4595,58,308,4,928,144,1134,0,
2026-06-10T10:00,13057,5107,565,4782,57,288,18,928,144,1168,0,
2026-06-10T11:00,13370,4829,962,4870,58,347,21,928,152,1227,0,
2026-06-10T12:00,13966,4821,1224,5042,58,311,14,928,148,1420,0,ডে পিক
2026-06-10T13:00,14003,4658,1367,5037,59,346,2,928,152,1454,0,
2026-06-10T14:00,13812,4670,1091,4991,60,459,0,928,160,1453,0,
2026-06-10T15:00,13747,4779,1023,4973,60,364,0,928,164,1456,0,
2026-06-10T16:00,13434,4552,1131,4930,60,225,0,928,158,1450,0,
2026-06-10T17:00,13078,4560,1005,4864,60,97,11,927,148,1406,0,
2026-06-10T18:00,12943,4692,953,4719,60,17,1,928,146,1427,0,
2026-06-10T19:00,14048,4849,1616,4983,60,0,0,928,174,1438,0,
2026-06-10T19:30,14795,4813,2284,5118,60,0,0,928,166,1426,0,
2026-06-10T20:00,14830,4836,2347,5091,60,0,9,928,162,1397,0,
2026-06-10T21:00,15203,4885,2515,5213,59,0,1,928,164,1438,0,সন্ধ্যা পিক
2026-06-10T22:00,15144,4873,2478,5201,57,0,2,928,172,1433,0,
2026-06-10T23:00,15158,4922,2365,5247,57,0,5,928,172,1462,0,
2026-06-11T00:00,14944,4880,2397,5047,58,0,17,928,168,1449,0,
2026-06-11T01:00,14581,4814,2165,4995,59,0,18,928,162,1440,0,
2026-06-11T02:00,14185,4770,1990,4852,59,0,42,928,160,1384,0,
2026-06-11T03:00,13763,4762,1699,4808,59,0,12,930,152,1341,0,
2026-06-11T04:00,13361,4798,1263,4844,59,0,16,930,152,1299,0,
2026-06-11T05:00,13051,4728,1121,4803,59,0,16,920,140,1264,0,
2026-06-11T06:00,12772,4798,724,4819,59,22,16,920,140,1274,0,
2026-06-11T07:00,12721,4896,598,4637,59,100,29,920,140,1342,0,
2026-06-11T08:00,12960,4938,598,4650,60,206,16,920,146,1426,0,
2026-06-11T09:00,13285,4930,760,4765,60,254,6,919,154,1437,0,
2026-06-11T10:00,13802,4864,1235,4725,58,421,14,920,170,1395,0,
2026-06-11T11:00,14136,4919,1468,4722,58,459,17,920,162,1411,0,
2026-06-11T12:00,14464,4988,1567,4841,57,456,14,920,176,1445,0,ডে পিক
2026-06-11T13:00,14670,4861,1796,4882,58,547,24,892,182,1428,0,
2026-06-11T14:00,14569,4869,1809,4874,30,457,25,892,180,1433,0,
2026-06-11T15:00,14255,4755,1770,4813,30,362,34,891,184,1416,0,
2026-06-11T16:00,13932,4650,1802,4753,30,185,31,891,186,1404,0,
2026-06-11T17:00,13802,4706,1813,4667,30,93,22,891,168,1412,0,
2026-06-11T18:00,13631,4610,2076,4515,30,31,0,892,176,1301,0,
2026-06-11T19:00,14664,4860,2579,4622,30,1,0,892,192,1488,0,
2026-06-11T19:30,15022,4857,2780,4806,30,0,5,891,188,1465,0,
2026-06-11T20:00,15068,4756,2858,4858,30,0,11,892,190,1473,0,সন্ধ্যা পিক
2026-06-11T21:00,14983,4599,2864,4926,30,0,11,891,188,1474,0,
2026-06-11T22:00,14884,4570,2747,4931,30,0,11,892,184,1487,0,
2026-06-11T23:00,14859,4736,2570,4923,30,0,30,892,184,1494,0,
2026-06-12T00:00,14655,4627,2404,5032,30,0,30,892,160,1480,0,
2026-06-12T01:00,14393,4668,2291,4839,30,0,20,892,168,1485,0,
2026-06-12T02:00,14213,4816,2192,4668,30,0,3,892,174,1438,0,
2026-06-12T03:00,13729,4649,1966,4593,30,0,2,891,166,1432,0,
2026-06-12T04:00,13341,4786,1521,4515,30,0,5,891,166,1427,0,
2026-06-12T05:00,12971,4798,1116,4528,30,0,5,892,162,1440,0,
2026-06-12T06:00,12449,4662,998,4323,30,44,0,892,152,1348,0,
2026-06-12T07:00,12404,4728,923,4205,30,146,0,891,136,1345,0,
2026-06-12T08:00,12249,4782,607,4246,30,224,0,892,142,1326,0,
2026-06-12T09:00,12408,4712,630,4338,30,350,0,891,136,1321,0,
2026-06-12T10:00,12540,4862,600,4220,30,451,1,892,138,1346,0,
2026-06-12T11:00,12684,4952,621,4224,30,461,3,892,150,1351,0,
2026-06-12T12:00,13214,4786,1192,4274,30,596,3,892,164,1277,0,ডে পিক
2026-06-12T13:00,14069,4792,1808,4288,30,631,0,893,174,1453,0,
2026-06-12T14:00,13330,4839,1382,4135,30,457,0,892,170,1425,0,
2026-06-12T15:00,13362,4815,1447,4231,30,370,12,893,160,1404,0,
2026-06-12T16:00,12918,4745,1376,4167,30,246,2,892,146,1314,0,
2026-06-12T17:00,12342,4838,880,4131,30,143,0,892,134,1294,0,
2026-06-12T18:00,12147,4802,998,3999,30,47,0,892,140,1239,0,
2026-06-12T19:00,13279,4991,1673,4225,30,0,0,892,152,1316,0,
2026-06-12T19:30,14427,5125,2442,4401,30,0,1,892,146,1390,0,
2026-06-12T20:00,14505,5045,2443,4473,30,0,1,892,146,1475,0,
2026-06-12T21:00,15007,5128,2706,4614,30,0,5,892,160,1472,0,সন্ধ্যা পিক
2026-06-12T22:00,15656,5007,2683,4505,30,0,4,893,170,1479,0,
2026-06-12T23:00,14620,5022,2491,4529,30,0,5,892,164,1487,0,
2026-06-13T00:00,14463,5055,2245,4588,30,0,14,892,158,1481,0,
2026-06-13T01:00,14239,4994,2047,4629,30,0,8,893,152,1486,0,
2026-06-13T02:00,14114,5058,1901,4580,30,0,4,892,160,1489,0,
2026-06-13T03:00,13885,4992,1873,4445,30,0,12,893,156,1484,0,
2026-06-13T04:00,13670,4860,1856,4366,30,0,21,893,152,1492,0,
2026-06-13T05:00,13345,4800,1609,4368,30,0,12,892,144,1490,0,
2026-06-13T06:00,12691,4738,868,4477,30,35,15,893,144,1491,0,
2026-06-13T07:00,12871,4877,777,4531,30,117,17,892,144,1487,0,
2026-06-13T08:00,12741,4822,686,4509,30,165,4,893,154,1478,0,
2026-06-13T09:00,12947,4781,703,4508,30,418,6,892,154,1455,0,
2026-06-13T10:00,13110,4898,727,4488,30,460,18,892,156,1441,0,
2026-06-13T11:00,13389,4995,872,4468,30,475,4,893,168,1484,0,
2026-06-13T12:00,13863,4946,1343,4452,30,547,0,891,176,1478,0,ডে পিক
2026-06-13T13:00,14165,4949,1580,4491,30,571,0,893,172,1479,0,
2026-06-13T14:00,14147,4869,1741,4518,30,449,0,892,180,1468,0,
2026-06-13T15:00,14162,4918,1767,4425,30,474,1,892,166,1489,0,
2026-06-13T16:00,13987,4885,1790,4449,30,316,1,892,144,1480,0,
2026-06-13T17:00,13711,4783,1858,4402,30,108,8,893,150,1479,0,
2026-06-13T18:00,13585,4707,2001,4371,30,47,13,892,152,1372,0,
2026-06-13T19:00,14521,4981,2516,4455,30,1,8,892,150,1488,0,
2026-06-13T19:30,14728,4766,2757,4638,30,0,6,892,156,1483,0,
2026-06-13T20:00,14915,4869,2829,4651,30,0,8,892,156,1480,0,
2026-06-13T21:00,15032,4872,2868,4717,40,0,8,893,154,1480,0,সন্ধ্যা পিক
2026-06-13T22:00,14889,4907,2606,4811,40,0,8,892,152,1473,0,
2026-06-13T23:00,14830,4864,2495,4894,39,0,7,892,156,1483,0,
2026-06-14T00:00,14466,4810,2120,4963,37,0,6,892,156,1483,0,
2026-06-14T01:00,14249,4870,1828,4971,36,0,12,903,154,1475,0,
2026-06-14T02:00,14149,4932,1649,4987,36,0,13,904,150,1478,0,
2026-06-14T03:00,14057,4912,1595,4979,35,0,5,904,148,1479,0,
2026-06-14T04:00,13975,4964,1545,4894,37,0,17,904,146,1468,0,
2026-06-14T05:00,13847,4907,1470,4881,38,0,13,904,142,1492,0,
2026-06-14T06:00,13665,4734,1481,4837,40,27,11,904,142,1489,0,
2026-06-14T07:00,13740,4883,1338,4846,40,112,12,904,138,1467,0,
2026-06-14T08:00,13732,4912,1347,4673,40,264,6,903,144,1443,0,
2026-06-14T09:00,13801,4835,1332,4721,40,382,6,904,144,1437,0,
2026-06-14T10:00,13786,4779,1339,4729,40,427,4,903,154,1411,0,
2026-06-14T11:00,13972,4863,1376,4709,36,534,3,904,170,1377,0,
2026-06-14T12:00,14137,4930,1419,4699,34,557,44,904,156,1394,0,ডে পিক
2026-06-14T13:00,14303,4960,1578,4686,32,593,5,904,178,1367,0,
2026-06-14T14:00,14268,4977,1666,4693,31,455,1,902,152,1391,0,
2026-06-14T15:00,14223,4867,1589,4805,50,365,36,904,172,1435,0,
2026-06-14T16:00,14087,4865,1522,4919,63,221,6,903,166,1422,0,
2026-06-14T17:00,13998,4814,1626,4885,65,131,1,903,160,1413,0,
2026-06-14T18:00,14223,4831,1894,4874,66,52,0,903,160,1443,0,
2026-06-14T19:00,14814,4867,2380,4933,67,0,3,904,178,1482,0,
2026-06-14T19:30,14994,4916,2516,4943,67,0,0,903,176,1473,0,
2026-06-14T20:00,14898,4872,2510,4928,67,0,3,874,176,1468,0,
2026-06-14T21:00,15048,4911,2531,4962,78,0,7,903,168,1488,0,সন্ধ্যা পিক
2026-06-14T22:00,14957,4855,2587,4884,78,0,9,903,168,1473,0,
2026-06-14T23:00,14997,5051,2337,4962,78,0,8,903,172,1486,0,
2026-06-15T00:00,14562,5084,1909,4931,75,0,6,903,172,1482,0,
2026-06-15T01:00,14038,5066,1478,4807,70,0,7,929,158,1485,38,
2026-06-15T02:00,13933,5148,1302,4800,67,0,7,930,162,1479,38,
2026-06-15T03:00,13889,5092,1262,4845,67,0,12,930,158,1485,38,
2026-06-15T04:00,13868,5092,1194,4899,70,0,3,929,158,1485,38,
2026-06-15T05:00,13723,5007,1184,4884,71,0,8,929,152,1450,38,
2026-06-15T06:00,13579,4897,1144,4839,75,32,2,929,142,1481,38,
2026-06-15T07:00,13567,4975,997,4833,75,95,2,929,138,1485,38,
2026-06-15T08:00,13631,4998,942,4825,76,177,6,930,148,1491,38,
2026-06-15T09:00,13756,5010,959,4841,76,268,3,929,148,1484,38,
2026-06-15T10:00,14070,4945,1070,4857,76,519,1,930,150,1484,38,
2026-06-15T11:00,14247,5050,1164,4831,76,513,0,929,160,1486,38,ডে পিক
2026-06-15T12:00,14237,5069,1262,4729,73,475,9,929,170,1483,38,
2026-06-15T13:00,14183,4937,1302,4674,65,567,11,930,172,1487,38,
2026-06-15T14:00,13960,4834,1228,4616,59,590,5,928,180,1482,38,
2026-06-15T15:00,13708,4810,1216,4651,59,373,0,929,182,1449,38,
2026-06-15T16:00,13710,4890,1258,4752,61,169,0,930,180,1432,38,
2026-06-15T17:00,13461,4773,1372,4625,65,83,0,929,172,1404,38,
2026-06-15T18:00,13598,4661,1734,4625,67,19,0,929,84,1429,38,
2026-06-15T19:00,14418,4861,2153,4778,69,0,0,929,124,1449,38,
2026-06-15T19:30,14623,4860,2314,4833,70,0,0,929,158,1405,38,
2026-06-15T20:00,14722,4926,2354,4820,71,0,4,929,156,1408,38,
2026-06-15T21:00,15150,5170,2454,4865,72,0,8,930,162,1451,38,সন্ধ্যা পিক
2026-06-15T22:00,15019,5107,2390,4867,74,0,4,929,162,1448,38,
2026-06-15T23:00,14714,5090,2122,4827,74,0,6,929,166,1462,38,
2026-06-16T00:00,14247,5030,1724,4801,74,0,8,929,170,1473,38,
2026-06-16T01:00,13995,5048,1477,4801,71,0,13,930,166,1451,38,
2026-06-16T02:00,13920,5070,1393,4804,64,0,13,929,156,1453,38,
2026-06-16T03:00,13736,4993,1355,4757,61,0,7,929,150,1446,38,
2026-06-16T04:00,13666,5011,1261,4751,61,0,19,929,154,1442,38,
2026-06-16T05:00,13549,5003,1236,4721,63,0,9,930,148,1401,38,
2026-06-16T06:00,13463,5129,1193,4522,66,14,2,929,140,1430,38,
2026-06-16T07:00,13393,5168,1182,4307,69,91,0,929,144,1465,38,
2026-06-16T08:00,13339,5067,1157,4254,71,244,2,929,146,1431,38,
2026-06-16T09:00,13478,5071,1156,4257,72,345,5,928,148,1458,38,
2026-06-16T10:00,13395,4925,1138,4223,73,490,4,928,160,1416,38,
2026-06-16T11:00,13656,4993,1243,4248,73,525,0,927,160,1449,38,ডে পিক
2026-06-16T12:00,13630,4964,1206,4226,73,576,11,928,168,1440,38,
2026-06-16T13:00,13676,4986,1256,4234,69,583,13,927,150,1420,38,
2026-06-16T14:00,13674,4974,1234,4279,63,550,5,926,168,1437,38,
2026-06-16T15:00,13501,4980,1226,4296,60,374,3,927,166,1431,38,
2026-06-16T16:00,13320,4926,1270,4295,60,178,1,927,160,1465,38,
2026-06-16T17:00,13257,4940,1348,4244,60,101,0,928,168,1430,38,
2026-06-16T18:00,13389,5036,1638,4148,63,36,1,927,158,1344,38,
2026-06-16T19:00,14171,5087,2144,4247,66,0,6,928,180,1475,38,
2026-06-16T19:30,14449,5194,2298,4275,66,0,0,927,182,1469,38,
2026-06-16T20:00,14466,5180,2290,4328,69,0,0,927,174,1460,38,
2026-06-16T21:00,14579,5275,2192,4416,70,0,7,927,182,1472,38,সন্ধ্যা পিক
2026-06-16T22:00,14481,5201,2096,4476,71,0,9,927,186,1477,38,
2026-06-16T23:00,14451,5210,1994,4549,73,0,7,927,186,1467,38,
2026-06-17T00:00,13980,5246,1500,4614,73,0,11,844,182,1472,38,
2026-06-17T01:00,13722,5206,1290,4650,74,0,11,814,172,1467,38,
2026-06-17T02:00,13528,5233,1064,4654,71,0,3,814,178,1473,38,
2026-06-17T03:00,13549,5205,1038,4652,65,0,7,915,164,1465,38,
2026-06-17T04:00,13493,5175,998,4656,62,0,12,915,168,1469,38,
2026-06-17T05:00,13539,5239,987,4657,62,0,11,915,158,1472,38,
2026-06-17T06:00,13422,5090,977,4655,65,22,10,915,160,1490,38,
2026-06-17T07:00,13631,5212,993,4658,67,103,0,915,154,1491,38,
2026-06-17T08:00,13775,5264,1013,4646,70,176,1,915,162,1494,38,
2026-06-17T09:00,13859,5268,1042,4614,72,262,2,915,162,1484,38,
2026-06-17T10:00,13683,5088,1028,4605,0,358,0,915,162,1489,38,
2026-06-17T11:00,13818,5114,944,4605,0,531,14,915,170,1487,38,
2026-06-17T12:00,13880,5123,1024,4604,0,533,1,915,172,1470,38,ডে পিক
2026-06-17T13:00,13848,5122,1032,4587,0,535,0,915,142,1477,38,
2026-06-17T14:00,13981,5027,1063,4715,0,565,19,909,160,1485,38,
2026-06-17T15:00,13780,5015,1120,4686,0,399,16,912,168,1426,38,
2026-06-17T16:00,13756,5017,1313,4661,0,256,1,911,158,1401,38,
2026-06-17T17:00,13640,4910,1506,4654,0,165,7,912,150,1298,38,
2026-06-17T18:00,13727,4907,1792,4632,0,54,0,912,156,1236,38,
2026-06-17T19:00,15027,5086,2584,4772,0,0,4,912,172,1459,38,
2026-06-17T19:30,15032,4805,2862,4742,38,0,7,912,168,1460,38,
2026-06-17T20:00,15378,5025,2933,4779,39,0,9,911,168,1476,38,
2026-06-17T21:00,15462,5054,3008,4779,40,0,6,911,164,1462,38,সন্ধ্যা পিক
2026-06-17T22:00,15401,5208,2884,4779,40,0,11,818,164,1459,38,
2026-06-17T23:00,15004,5319,2358,4812,40,0,9,818,150,1460,38,
2026-06-18T00:00,14607,5271,2008,4814,40,0,6,818,164,1448,38,
2026-06-18T01:00,14238,5250,1622,4820,40,0,11,818,160,1479,38,
2026-06-18T02:00,13970,5277,1315,4827,40,0,7,818,160,1488,38,
2026-06-18T03:00,13875,5090,1252,4999,39,0,8,818,156,1475,38,
2026-06-18T04:00,13747,5064,974,5073,37,0,14,915,154,1478,38,
2026-06-18T05:00,13475,5056,752,5142,36,0,13,915,144,1479,38,
2026-06-18T06:00,13278,5131,495,5121,36,23,15,916,132,1371,38,
2026-06-18T07:00,13272,5149,496,5054,38,57,16,915,142,1367,38,
2026-06-18T08:00,13413,5176,505,5082,39,128,2,916,146,1381,38,
2026-06-18T09:00,13642,5148,623,5196,0,197,10,916,148,1366,38,
2026-06-18T10:00,13851,5123,928,5134,0,234,0,915,146,1333,38,
2026-06-18T11:00,14102,5105,1006,5051,0,356,0,915,164,1467,38,ডে পিক
2026-06-18T12:00,13886,4851,1026,5059,0,416,0,916,160,1421,38,
2026-06-18T13:00,13690,4859,1106,4937,0,269,0,915,162,1404,38,
2026-06-18T14:00,13406,4869,1232,4645,0,180,0,915,172,1355,38,
2026-06-18T15:00,13035,4871,984,4584,0,228,11,914,172,1233,38,
2026-06-18T16:00,13026,4949,1030,4547,0,146,8,915,174,1219,38,
2026-06-18T17:00,12802,4849,1079,4489,0,81,7,915,148,1196,38,
2026-06-18T18:00,12913,5065,1073,4445,0,15,0,915,154,1208,38,
2026-06-18T19:00,14226,4858,1748,4963,70,0,0,915,172,1462,38,
2026-06-18T19:30,14784,4901,2092,5129,72,0,3,915,170,1463,38,সন্ধ্যা পিক
2026-06-18T20:00,14681,4903,1990,5104,73,0,5,916,164,1488,38,
2026-06-18T21:00,14750,4980,1954,5145,75,0,7,915,164,1472,38,
2026-06-18T22:00,14548,5129,1660,5149,77,0,10,819,168,1498,38,
2026-06-18T23:00,14445,5113,1573,5145,78,0,16,819,174,1489,38,
2026-06-19T00:00,14449,5112,1875,4925,78,0,15,819,172,1415,38,
2026-06-19T01:00,14306,5173,1825,4799,78,0,8,819,168,1398,38,
2026-06-19T02:00,13626,5121,1233,4783,78,0,10,819,156,1388,38,
2026-06-19T03:00,13184,5183,915,4545,78,0,15,915,158,1337,38,
2026-06-19T04:00,12847,5187,657,4478,76,0,15,915,154,1327,38,
2026-06-19T05:00,12642,5017,693,4446,69,0,12,915,140,1312,38,
2026-06-19T06:00,11961,5142,384,4078,69,28,15,819,130,1257,38,
2026-06-19T07:00,11955,5171,312,3968,69,119,4,915,136,1223,38,
2026-06-19T08:00,12034,5223,314,3929,72,213,5,915,128,1197,38,
2026-06-19T09:00,11911,5154,331,3880,74,223,11,915,134,1151,38,
2026-06-19T10:00,11666,5081,338,3717,78,273,8,915,124,1094,38,
2026-06-19T11:00,12035,5186,347,3698,78,581,9,915,126,1057,38,
2026-06-19T12:00,12701,5269,401,4169,78,574,8,915,148,1101,38,ডে পিক
2026-06-19T13:00,13449,5435,579,4465,79,444,5,916,152,1336,38,
2026-06-19T14:00,13019,5283,434,4289,80,538,5,916,150,1286,38,
2026-06-19T15:00,12930,5282,400,4379,77,308,4,915,158,1369,38,
2026-06-19T16:00,12577,5215,417,4302,75,189,6,915,148,1272,38,
2026-06-19T17:00,12164,5091,423,4192,69,109,3,915,150,1174,38,
2026-06-19T18:00,11962,5077,510,4107,86,36,9,915,136,1048,38,
2026-06-19T19:00,13225,5112,1018,4575,89,0,9,915,146,1323,38,
2026-06-19T19:30,14492,5270,1704,4846,91,0,6,915,152,1470,38,
2026-06-19T20:00,14432,5222,1680,4855,70,0,8,916,154,1489,38,
2026-06-19T21:00,14958,5442,2022,4814,75,0,9,915,158,1485,38,সন্ধ্যা পিক
2026-06-19T22:00,14932,5460,2065,4798,75,0,7,833,168,1488,38,
2026-06-19T23:00,14999,5495,2050,4859,78,0,6,808,174,1491,38,
2026-06-20T00:00,14973,5460,2100,4839,78,0,1,808,166,1483,38,
2026-06-20T01:00,14740,5258,2119,4788,78,0,10,808,160,1481,38,
2026-06-20T02:00,14354,5033,1989,4757,79,0,13,808,154,1483,38,
2026-06-20T03:00,13947,5069,1439,4757,79,0,15,903,160,1487,38,
2026-06-20T04:00,13491,5147,942,4772,78,0,20,903,146,1445,38,
2026-06-20T05:00,13172,5114,685,4753,76,0,5,903,146,1452,38,
2026-06-20T06:00,12917,5222,488,4548,72,32,24,903,132,1458,38,
2026-06-20T07:00,13251,5370,521,4597,71,130,21,903,138,1462,38,
2026-06-20T08:00,13430,5323,614,4642,73,269,11,849,140,1471,38,
2026-06-20T09:00,13286,5218,846,4658,74,379,13,476,150,1434,38,
2026-06-20T10:00,12931,4998,1009,4404,77,458,13,476,148,1310,38,
2026-06-20T11:00,13342,5235,1039,4390,75,567,4,477,160,1387,38,
2026-06-20T12:00,13823,5281,1409,4414,79,477,4,477,170,1474,38,ডে পিক
2026-06-20T13:00,14100,5275,1732,4409,80,434,17,477,170,1468,38,
2026-06-20T14:00,14009,5209,1816,4375,80,350,16,476,184,1465,38,
2026-06-20T15:00,13909,5185,1823,4348,80,317,19,476,166,1457,38,
2026-06-20T16:00,13921,5235,1902,4360,78,166,40,476,160,1466,38,
2026-06-20T17:00,14134,5180,2071,4542,74,133,24,477,148,1447,38,
2026-06-20T18:00,14017,5116,2437,4301,71,46,11,476,144,1377,38,
2026-06-20T19:00,15384,5279,2957,4896,94,0,26,476,158,1460,38,
2026-06-20T19:30,15420,5189,2974,4996,94,0,18,477,160,1474,38,
2026-06-20T20:00,15399,5117,3083,5032,94,0,17,381,158,1479,38,
2026-06-20T21:00,15782,5462,3043,5113,95,0,9,381,166,1475,38,সন্ধ্যা পিক
2026-06-20T22:00,15012,5194,2785,4829,106,0,18,381,172,1489,38,
2026-06-20T23:00,14891,4760,2694,4697,106,0,11,381,172,1480,38,
2026-06-21T00:00,14444,5086,2519,4658,107,0,12,381,162,1481,38,
2026-06-21T01:00,14158,5142,2186,4659,108,0,11,381,154,1479,38,
2026-06-21T02:00,13964,5188,1821,4674,108,0,9,476,166,1484,38,
2026-06-21T03:00,14009,5303,1662,4762,109,0,11,476,162,1486,38,
2026-06-21T04:00,13947,5111,1615,4948,109,0,9,477,158,1482,38,
2026-06-21T05:00,13910,5085,1602,4949,109,0,22,475,146,1484,38,
2026-06-21T06:00,13628,4985,1419,4949,106,17,12,476,138,1488,38,
2026-06-21T07:00,13877,5241,1366,4934,104,70,19,476,142,1487,38,
2026-06-21T08:00,13937,5316,1234,4919,106,160,60,477,142,1486,38,
2026-06-21T09:00,14067,5406,1256,4902,105,236,23,477,146,1478,38,ডে পিক
2026-06-21T10:00,14053,5340,1254,4905,106,273,24,477,148,1488,38,
2026-06-21T11:00,14040,5328,1230,4905,107,305,16,477,146,1488,38,
2026-06-21T12:00,13951,5168,1327,4838,107,362,18,477,158,1458,38,
2026-06-21T13:00,14202,5248,1532,4842,130,278,15,477,158,1484,38,
2026-06-21T14:00,14036,5120,1540,4852,130,218,11,477,166,1484,38,
2026-06-21T15:00,13597,4856,1406,4845,130,151,27,477,174,1493,38,
2026-06-21T16:00,13367,4711,1427,4809,130,69,54,477,172,1480,38,
2026-06-21T17:00,12844,4455,1506,4606,130,25,11,476,154,1435,38,
2026-06-21T18:00,12672,4667,1683,4200,126,9,10,476,156,1307,38,
2026-06-21T19:00,13613,4926,1839,4658,122,0,14,476,174,1366,38,
2026-06-21T19:30,14170,4984,2135,4772,120,0,14,476,166,1465,38,
2026-06-21T20:00,14171,5131,1911,4886,133,0,3,476,124,1489,38,
2026-06-21T21:00,14650,5363,1991,5088,89,0,3,476,122,1480,38,সন্ধ্যা পিক
2026-06-21T22:00,14934,5173,2271,5237,91,0,19,476,148,1481,38,
2026-06-21T23:00,15035,5233,2210,5318,93,0,20,476,152,1495,38,
2026-06-22T00:00,14868,5232,2013,5338,95,0,24,476,160,1492,38,
2026-06-22T01:00,14354,5073,1918,5140,95,0,47,476,146,1421,38,
2026-06-22T02:00,13886,5123,1499,5135,95,0,0,476,154,1366,38,
2026-06-22T03:00,13620,5175,1121,5170,99,0,0,476,146,1395,38,
2026-06-22T04:00,13115,5198,560,5184,99,0,7,476,150,1403,38,
2026-06-22T05:00,12782,5129,319,5180,99,0,6,476,134,1401,38,
2026-06-22T06:00,12614,5044,390,5125,95,13,11,476,124,1298,38,
2026-06-22T07:00,12774,5207,390,5076,93,80,13,477,126,1274,38,
2026-06-22T08:00,12807,5197,432,5031,91,140,10,476,144,1248,38,
2026-06-22T09:00,13135,5253,524,5098,91,213,16,476,148,1278,38,
2026-06-22T10:00,13368,5284,537,5115,91,348,19,490,154,1292,38,
2026-06-22T11:00,13677,5358,702,5214,93,285,10,502,154,1321,38,
2026-06-22T12:00,14171,5324,964,5240,95,366,5,502,150,1487,38,ডে পিক
2026-06-22T13:00,14417,5120,1418,5256,95,346,7,503,152,1482,38,
2026-06-22T14:00,14587,5188,1530,5217,97,368,2,503,160,1484,38,
2026-06-22T15:00,14723,5244,1616,5274,97,320,1,503,144,1486,38,
2026-06-22T16:00,14580,5156,1598,5304,99,237,0,513,140,1495,38,
2026-06-22T17:00,14220,5206,1344,5189,99,134,1,584,146,1479,38,
2026-06-22T18:00,14179,5256,1371,5093,97,44,2,656,140,1482,38,
2026-06-22T19:00,15354,5385,2503,4926,95,0,3,767,154,1483,38,
2026-06-22T19:30,15723,5102,3025,4988,95,0,5,832,154,1484,38,
2026-06-22T20:00,15847,5176,3076,5014,91,0,8,830,140,1474,38,
2026-06-22T21:00,16155,5323,3093,5018,91,0,8,930,168,1486,38,সন্ধ্যা পিক
2026-06-22T22:00,15719,5139,2848,5018,91,0,7,930,162,1486,38,
2026-06-22T23:00,14955,5193,2074,4952,91,0,2,930,180,1495,38,
2026-06-23T00:00,15758,5192,2650,4965,95,0,0,929,182,1487,38,
2026-06-23T01:00,15665,5214,2650,4965,95,0,0,929,182,1487,38,
2026-06-23T02:00,14663,5250,1748,4937,97,0,2,914,174,1483,38,
2026-06-23T03:00,14352,5229,1478,4937,97,0,0,922,166,1485,38,
2026-06-23T04:00,14243,5284,1364,4888,97,0,0,922,164,1486,38,
2026-06-23T05:00,14039,5162,1340,4834,97,0,0,922,160,1486,38,
2026-06-23T06:00,13676,5103,1025,4832,97,29,1,922,144,1485,38,
2026-06-23T07:00,13639,5041,987,4833,95,90,0,922,146,1487,38,
2026-06-23T08:00,13770,5091,980,4779,91,225,1,922,158,1485,38,
2026-06-23T09:00,13872,5120,1014,4705,91,362,0,922,154,1466,38,
2026-06-23T10:00,14344,5142,1324,4735,91,470,4,922,158,1460,38,
2026-06-23T11:00,14567,5194,1361,4826,91,484,0,929,170,1474,38,
2026-06-23T12:00,14581,5108,1422,4832,91,497,0,930,182,1481,38,ডে পিক
2026-06-23T13:00,14430,5012,1560,4711,95,466,0,930,180,1438,38,
2026-06-23T14:00,14213,5042,1446,4715,95,343,0,929,180,1425,38,
2026-06-23T15:00,14214,5082,1496,4741,95,215,6,930,184,1427,38,
2026-06-23T16:00,14137,5124,1446,4722,95,185,4,929,174,1420,38,
2026-06-23T17:00,13982,5086,1662,4547,95,121,0,902,170,1361,38,
2026-06-23T18:00,13949,5047,1847,4490,95,40,0,902,168,1322,38,
2026-06-23T19:00,15176,5249,2466,4756,95,0,0,902,192,1478,38,
2026-06-23T19:30,15381,5198,2675,4805,95,0,0,902,186,1482,38,
2026-06-23T20:00,15273,5183,2680,4753,95,0,3,902,178,1441,38,
2026-06-23T21:00,15506,5240,2762,4825,91,0,9,902,174,1465,38,সন্ধ্যা পিক
2026-06-23T22:00,15498,5255,2705,4860,91,0,6,902,180,1461,38,
2026-06-23T23:00,15360,5327,2361,4979,91,0,5,903,182,1474,38,
2026-06-24T00:00,14548,5267,1902,5063,92,0,15,520,184,1467,38,
2026-06-24T01:00,14129,5229,1573,5026,95,0,18,520,178,1452,38,
2026-06-24T02:00,13942,5261,1362,5037,95,0,14,507,172,1456,38,
2026-06-24T03:00,13839,5242,1295,5036,95,0,7,507,170,1449,38,
2026-06-24T04:00,13774,5251,1234,4972,95,0,0,595,162,1427,38,
2026-06-24T05:00,13773,5135,1200,4890,96,0,0,897,150,1367,38,
2026-06-24T06:00,13479,5179,1052,4710,97,21,0,902,140,1340,38,
2026-06-24T07:00,13753,5291,1008,4801,97,119,1,902,138,1358,38,
2026-06-24T08:00,13821,5271,1006,4808,97,194,0,902,152,1353,38,
2026-06-24T09:00,14050,5251,1092,4789,91,369,0,903,154,1363,38,
2026-06-24T10:00,14217,5173,1162,4860,89,499,0,901,152,1343,38,
2026-06-24T11:00,14351,5254,1175,4839,89,481,0,902,152,1421,38,
2026-06-24T12:00,14441,5155,1215,4840,89,550,4,902,170,1478,38,ডে পিক
2026-06-24T13:00,14542,5228,1290,4946,91,393,0,903,172,1481,38,
2026-06-24T14:00,14316,5066,1288,4816,91,459,1,902,186,1469,38,
2026-06-24T15:00,14525,5207,1316,4927,93,381,0,902,182,1479,38,
2026-06-24T16:00,14453,5272,1388,4890,95,247,0,902,180,1441,38,
2026-06-24T17:00,14197,5179,1457,4819,95,143,0,903,168,1395,38,
2026-06-24T18:00,14235,5244,1712,4700,95,39,0,902,158,1347,38,
2026-06-24T19:00,15179,5408,2115,4950,95,0,0,902,190,1481,38,
2026-06-24T19:30,15179,5092,2350,5052,95,0,0,901,168,1483,38,
2026-06-24T20:00,15342,5220,2369,5053,95,0,1,903,180,1483,38,
2026-06-24T21:00,15699,5388,2422,5204,95,0,3,902,166,1481,38,সন্ধ্যা পিক
2026-06-24T22:00,15762,5382,2300,5399,91,0,8,902,168,1474,38,
2026-06-24T23:00,15616,5368,2101,5459,89,0,8,902,172,1479,38,
2026-06-25T00:00,15134,5347,1583,5513,90,0,19,902,156,1486,38,
2026-06-25T01:00,14835,5327,1270,5561,91,0,1,897,164,1486,38,
2026-06-25T02:00,14602,5259,1099,5571,91,0,3,897,160,1484,38,
2026-06-25T03:00,14572,5208,1053,5642,93,0,0,897,156,1485,38,
2026-06-25T04:00,14584,5203,1033,5679,95,0,9,897,154,1476,38,
2026-06-25T05:00,14481,5110,1061,5648,95,0,6,897,152,1474,38,
2026-06-25T06:00,14119,5131,843,5524,95,20,2,897,140,1429,38,
2026-06-25T07:00,13985,5173,757,5370,95,90,0,897,138,1427,38,
2026-06-25T08:00,13961,5065,768,5338,95,208,1,897,142,1409,38,
2026-06-25T09:00,14006,5044,794,5202,93,366,2,897,146,1424,38,
2026-06-25T10:00,14160,5183,721,5131,91,538,3,902,146,1407,38,
2026-06-25T11:00,14271,5180,749,5143,87,588,3,902,158,1423,38,
2026-06-25T12:00,14319,5164,857,5130,87,558,3,902,162,1418,38,ডে পিক
2026-06-25T13:00,14421,5140,970,5128,89,495,1,902,172,1486,38,
2026-06-25T14:00,14354,5126,1035,5159,89,359,0,902,168,1478,38,
2026-06-25T15:00,14254,5152,1003,5141,91,291,1,902,160,1475,38,
2026-06-25T16:00,14104,5055,1031,5141,91,196,2,903,160,1487,38,
2026-06-25T17:00,13750,4934,1139,4945,93,78,27,902,168,1426,38,
2026-06-25T18:00,13757,4957,1474,4724,93,23,10,902,160,1376,38,
2026-06-25T19:00,15146,5282,2192,5097,95,0,2,902,176,1362,38,
2026-06-25T19:30,15920,5332,2416,5483,95,0,0,902,176,1478,38,
2026-06-25T20:00,16123,5306,2394,5726,95,0,0,902,178,1484,38,
2026-06-25T21:00,16194,5356,2318,5805,95,0,10,903,178,1491,38,সন্ধ্যা পিক
2026-06-25T22:00,15728,5166,2147,5717,91,0,7,902,177,1483,38,
2026-06-25T23:00,15249,5122,1843,5584,89,0,15,902,180,1476,38,
2026-06-26T00:00,14787,5189,1441,5470,89,0,2,902,178,1478,38,
2026-06-26T01:00,14229,5139,1033,5376,89,0,9,902,166,1477,38,
2026-06-26T02:00,14119,5123,1067,5283,91,0,13,854,166,1484,38,
2026-06-26T03:00,14038,5087,1064,5269,91,0,8,855,160,1466,38,
2026-06-26T04:00,13992,5032,1055,5255,91,0,8,902,158,1453,38,
2026-06-26T05:00,13682,4947,1010,5222,91,0,15,902,158,1299,38,
2026-06-26T06:00,12854,4768,539,5101,91,38,10,902,150,1217,38,
2026-06-26T07:00,12642,4850,465,4821,91,126,7,903,142,1199,38,
2026-06-26T08:00,12545,5034,369,4540,93,221,12,902,138,1198,38,
2026-06-26T09:00,12551,5099,252,4444,93,358,8,902,126,1198,38,
2026-06-26T10:00,12404,4983,251,4414,89,361,2,902,134,1230,38,
2026-06-26T11:00,12555,4969,238,4358,87,588,0,902,148,1251,38,
2026-06-26T12:00,13117,5184,406,4559,87,533,9,902,148,1251,38,ডে পিক
2026-06-26T13:00,14014,5205,672,4989,85,570,14,902,158,1381,38,
2026-06-26T14:00,13701,5004,774,4780,85,566,9,902,148,1395,38,
2026-06-26T15:00,13793,5092,790,4906,87,422,1,902,148,1407,38,
2026-06-26T16:00,13461,5039,621,4900,89,240,4,902,142,1486,38,
2026-06-26T17:00,13272,5058,638,4781,89,144,1,902,140,1481,38,
2026-06-26T18:00,12927,4916,776,4551,91,38,0,902,140,1475,38,
2026-06-26T19:00,14231,5127,1626,4815,91,0,0,902,154,1478,38,
2026-06-26T19:30,15343,5268,2090,5308,91,0,8,903,154,1483,38,
2026-06-26T20:00,15411,5286,2060,5394,91,0,13,902,150,1477,38,
2026-06-26T21:00,15651,5354,2156,5462,93,0,10,902,152,1484,38,সন্ধ্যা পিক
2026-06-26T22:00,15362,5249,2046,5387,93,0,3,901,156,1489,38,
2026-06-26T23:00,15024,5187,1920,5219,89,0,7,902,174,1488,38,
2026-06-27T00:00,14750,5275,1616,5175,87,0,6,902,168,1483,38,
2026-06-27T01:00,14332,5306,1311,5038,87,0,8,902,166,1476,38,
2026-06-27T02:00,14157,5441,1068,5047,87,0,5,824,164,1483,38,
2026-06-27T03:00,13951,5460,904,4991,89,0,6,824,156,1483,38,
2026-06-27T04:00,13894,5371,869,4980,89,0,10,890,156,1491,38,
2026-06-27T05:00,13819,5370,850,4944,89,0,6,890,150,1482,38,
2026-06-27T06:00,13470,5142,872,4777,91,32,11,890,132,1485,38,
2026-06-27T07:00,13598,5154,904,4758,91,131,5,890,142,1485,38,
2026-06-27T08:00,13587,5133,818,4682,91,290,1,890,156,1488,38,
2026-06-27T09:00,13202,5118,798,4299,91,388,0,889,162,1419,38,
2026-06-27T10:00,13286,5378,694,4079,93,543,0,890,158,1413,38,
2026-06-27T11:00,13278,5356,742,3970,89,601,0,890,168,1424,38,
2026-06-27T12:00,13726,5302,839,4274,89,634,7,891,172,1480,38,ডে পিক
2026-06-27T13:00,13792,5247,864,4405,89,611,3,890,176,1469,38,
2026-06-27T14:00,13737,5146,892,4490,83,526,11,890,172,1489,38,
2026-06-27T15:00,13955,5322,935,4497,85,496,26,890,180,1486,38,
2026-06-27T16:00,13812,5252,997,4546,87,299,28,890,192,1483,38,
2026-06-27T17:00,13942,5294,1105,4699,89,159,18,890,174,1476,38,
2026-06-27T18:00,13967,5066,1490,4692,89,45,22,890,166,1469,38,
2026-06-27T19:00,14964,5388,1964,4914,89,0,10,890,192,1479,38,
2026-06-27T19:30,15023,5217,2237,4904,91,0,10,892,158,1476,38,
2026-06-27T20:00,14922,5104,2309,4846,91,0,14,892,152,1476,38,
2026-06-27T21:00,15298,5099,2276,5351,92,0,14,798,154,1476,38,সন্ধ্যা পিক
2026-06-27T22:00,15348,5082,2149,5523,92,0,12,798,166,1488,38,
2026-06-27T23:00,15269,5192,1920,5563,91,0,7,798,176,1484,38,
2026-06-28T00:00,14714,5251,1594,5262,89,0,11,798,180,1491,38,
2026-06-28T01:00,13945,5268,1171,4921,87,0,4,798,172,1486,38,
2026-06-28T02:00,13740,5283,990,4886,85,0,11,798,168,1481,38,
2026-06-28T03:00,13712,5205,958,4879,85,0,13,892,166,1476,38,
2026-06-28T04:00,13715,5245,918,4889,89,0,0,891,164,1481,38,
2026-06-28T05:00,13737,5225,969,4883,89,0,4,892,154,1483,38,
2026-06-28T06:00,13720,5169,995,4877,89,28,10,893,148,1473,38,
2026-06-28T07:00,13791,5156,974,4883,89,116,11,892,154,1483,38,
2026-06-28T08:00,13767,5098,983,4850,89,193,4,892,146,1474,38,
2026-06-28T09:00,14152,5142,1095,4919,91,284,45,892,152,1494,38,
2026-06-28T10:00,14255,5123,1022,5035,91,428,1,892,142,1483,38,
2026-06-28T11:00,14158,5111,1003,4976,89,409,1,892,154,1485,38,
2026-06-28T12:00,14398,5181,1053,5020,89,481,4,892,166,1474,38,ডে পিক
2026-06-28T13:00,14450,5116,1092,5067,85,498,6,892,176,1480,38,
2026-06-28T14:00,14640,5143,1199,5097,83,527,8,893,164,1488,38,
2026-06-28T15:00,14578,5234,1186,5094,83,380,10,892,172,1489,38,
2026-06-28T16:00,14411,5252,1188,5080,83,207,16,891,168,1488,38,
2026-06-28T17:00,14365,5199,1298,5079,85,119,7,892,164,1484,38,
2026-06-28T18:00,14275,4995,1586,5046,87,47,6,892,156,1422,38,
2026-06-28T19:00,15608,5256,2150,5542,89,0,7,891,176,1459,38,
2026-06-28T19:30,15775,5137,2308,5643,89,0,15,893,172,1480,38,
2026-06-28T20:00,15666,5035,2314,5644,89,0,16,891,164,1475,38,
2026-06-28T21:00,16039,5372,2429,5653,89,0,13,798,172,1475,38,সন্ধ্যা পিক
2026-06-28T22:00,15850,5323,2290,5654,89,0,14,703,168,1471,38,
2026-06-28T23:00,15725,5405,2177,5648,89,0,18,703,154,1493,38,
2026-06-29T00:00,15037,5439,1645,5455,89,0,19,703,176,1473,38,
2026-06-29T01:00,14369,5302,1355,5208,85,0,19,703,164,1495,38,
2026-06-29T02:00,14129,5279,1224,5140,85,0,12,703,160,1488,38,
2026-06-29T03:00,14068,5226,1121,5141,85,0,24,797,156,1480,38,
2026-06-29T04:00,14229,5358,1067,5139,85,0,19,891,152,1480,38,
2026-06-29T05:00,14214,5351,1051,5139,85,0,13,891,148,1498,38,
2026-06-29T06:00,13787,5093,933,5097,87,16,19,891,128,1485,38,
2026-06-29T07:00,13578,4951,928,4969,87,68,13,892,138,1494,38,
2026-06-29T08:00,13732,5051,962,4940,89,107,22,892,140,1491,38,
2026-06-29T09:00,13960,5097,1011,5032,89,161,21,892,146,1473,38,
2026-06-29T10:00,14123,5152,1066,5129,89,152,17,893,144,1443,38,
2026-06-29T11:00,14254,5215,930,5298,89,215,32,892,144,1401,38,
2026-06-29T12:00,14671,5480,1171,5210,87,263,0,892,140,1390,38,ডে পিক
2026-06-29T13:00,14500,5320,1340,5045,83,253,1,892,152,1376,38,
2026-06-29T14:00,14363,5450,1329,4911,81,147,9,892,148,1358,38,
2026-06-29T15:00,14101,5471,1121,5152,78,165,24,518,148,1386,38,
2026-06-29T16:00,14455,5516,1150,5414,81,143,2,519,154,1438,38,
2026-06-29T17:00,14268,5436,1368,5196,83,70,0,505,148,1424,38,
2026-06-29T18:00,14221,5467,1686,4892,85,37,12,505,148,1351,38,
2026-06-29T19:00,15662,5548,2080,5468,85,0,12,882,166,1383,38,
2026-06-29T19:30,16082,5475,2408,5563,107,0,15,892,156,1428,38,সন্ধ্যা পিক
2026-06-29T20:00,15879,5272,2432,5591,97,0,21,892,152,1384,38,
2026-06-29T21:00,15914,5242,2474,5637,99,0,15,892,158,1359,38,
2026-06-29T22:00,15822,5258,2430,5637,99,0,9,892,158,1301,38,
2026-06-29T23:00,15990,5233,2434,5627,100,0,22,892,158,1486,38,
2026-06-30T00:00,15841,5218,2456,5546,100,0,9,892,156,1426,38,
2026-06-30T01:00,15665,5278,2297,5545,98,0,4,903,148,1354,38,
2026-06-30T02:00,14977,5423,1296,5569,97,0,5,904,154,1491,38,
2026-06-30T03:00,14595,5295,1048,5568,97,0,10,903,150,1486,38,
2026-06-30T04:00,14267,5302,719,5567,97,0,5,903,149,1487,38,
2026-06-30T05:00,14047,5236,631,5518,97,0,4,903,140,1480,38,
2026-06-30T06:00,13658,5382,513,5179,97,33,4,904,122,1386,38,
2026-06-30T07:00,13736,5206,550,5319,67,103,4,903,132,1414,38,
2026-06-30T08:00,13971,5220,627,5336,99,214,7,903,136,1391,38,
2026-06-30T09:00,14075,5157,661,5383,99,358,12,903,138,1326,38,
2026-06-30T10:00,14401,5282,662,5448,100,452,13,903,144,1359,38,
2026-06-30T11:00,14473,5122,861,5510,100,511,11,903,148,1269,38,
2026-06-30T12:00,14919,5382,1002,5544,99,556,9,903,144,1242,38,ডে পিক
2026-06-30T13:00,15146,5496,1062,5522,97,511,4,903,156,1357,38,
2026-06-30T14:00,15050,5362,1079,5496,95,447,11,903,150,1469,38,
2026-06-30T15:00,15095,5440,1015,5531,93,440,18,902,148,1470,38,
2026-06-30T16:00,14704,5338,1058,5457,92,243,18,903,142,1415,38,
2026-06-30T17:00,14424,5232,1105,5391,94,145,17,903,150,1349,38,
2026-06-30T18:00,14146,5084,1266,5322,95,33,0,903,142,1263,38,
2026-06-30T19:00,15376,5226,2046,5564,97,0,0,903,164,1338,38,
2026-06-30T19:30,16152,5250,2553,5745,97,0,0,904,144,1421,38,সন্ধ্যা পিক
2026-06-30T20:00,15915,5214,2535,5637,98,0,0,903,152,1338,38,
2026-06-30T21:00,15810,5198,1972,5986,98,0,0,903,150,1465,38,
2026-06-30T22:00,15708,5302,1876,5919,99,0,4,903,156,1411,38,
2026-06-30T23:00,15824,5540,1735,5950,100,0,1,904,156,1400,38,
2026-07-01T00:00,16049,5682,1844,5942,100,0,3,843,160,1437,38,
2026-07-01T01:00,15869,5600,1841,5923,99,0,2,843,156,1367,38,
2026-07-01T02:00,15345,5502,1515,5915,97,0,2,843,152,1281,38,
2026-07-01T03:00,15076,5438,1358,5899,95,0,2,844,144,1258,38,
2026-07-01T04:00,14487,5372,830,5900,95,0,9,844,148,1251,38,
2026-07-01T05:00,14217,5516,784,5523,95,0,10,844,144,1263,38,
2026-07-01T06:00,13871,5508,683,5251,96,28,3,844,140,1280,38,
2026-07-01T07:00,13837,5430,674,5231,96,103,4,843,136,1282,38,
2026-07-01T08:00,13917,5452,634,5202,98,230,3,843,132,1285,38,
2026-07-01T09:00,14016,5518,636,5191,98,267,2,843,138,1285,38,
2026-07-01T10:00,14195,5580,523,5264,99,410,9,843,136,1293,38,
2026-07-01T11:00,14337,5640,466,5356,99,460,13,843,148,1274,38,
2026-07-01T12:00,14658,5786,802,5510,99,399,53,519,156,1296,38,ডে পিক
2026-07-01T13:00,14747,5650,1101,5535,98,380,27,520,162,1236,38,
2026-07-01T14:00,14810,5630,1086,5672,96,298,28,508,160,1294,38,
2026-07-01T15:00,14860,5627,1148,5754,93,299,35,507,158,1201,38,
2026-07-01T16:00,14792,5600,1236,5685,91,218,26,507,162,1229,38,
2026-07-01T17:00,14416,5460,903,5548,92,119,50,717,160,1329,38,
2026-07-01T18:00,14001,5314,960,5271,95,56,11,902,154,1200,38,
2026-07-01T19:00,15145,5292,1636,5712,96,0,1,903,168,1299,38,
2026-07-01T19:30,16279,5542,2385,5705,97,0,9,903,168,1432,38,
2026-07-01T20:00,16161,5550,2313,5617,97,0,16,903,162,1465,38,
2026-07-01T21:00,16323,5652,2049,5908,98,0,37,904,162,1475,38,সন্ধ্যা পিক
2026-07-01T22:00,16281,5666,1946,5968,98,0,23,903,164,1475,38,
2026-07-01T23:00,16302,5710,1922,5968,98,0,19,905,167,1475,38,
2026-07-02T00:00,16276,5658,2051,5919,98,0,32,903,158,1419,38,
2026-07-02T01:00,15825,5640,1772,5863,99,0,16,903,154,1340,38,
2026-07-02T02:00,15121,5596,1269,5774,97,0,20,903,154,1270,38,
2026-07-02T03:00,14796,5657,920,5803,95,0,21,879,146,1237,38,
2026-07-02T04:00,14435,5649,630,5755,93,0,24,879,144,1223,38,
2026-07-02T05:00,14301,5602,587,5709,93,0,25,879,142,1226,38,
2026-07-02T06:00,13853,5428,536,5446,94,37,31,879,138,1226,38,
2026-07-02T07:00,14013,5546,533,5418,95,132,21,879,128,1223,38,
2026-07-02T08:00,14061,5497,522,5415,95,244,23,879,134,1214,38,
2026-07-02T09:00,14170,5463,484,5428,97,412,17,878,140,1213,38,
2026-07-02T10:00,14443,5626,485,5515,97,485,19,878,148,1152,38,
2026-07-02T11:00,14950,5712,604,5779,97,561,34,879,138,1108,38,
2026-07-02T12:00,15327,5636,821,5946,95,571,29,878,168,1145,38,ডে পিক
2026-07-02T13:00,15597,5638,1130,5924,97,555,19,879,164,1153,38,
2026-07-02T14:00,15511,5554,1189,5845,95,49,26,878,174,1213,38,
2026-07-02T15:00,15500,5538,1213,5852,92,428,26,879,172,1262,38,
2026-07-02T16:00,15157,5352,1159,5876,90,293,23,879,164,1283,38,
2026-07-02T17:00,14903,5304,1178,5708,89,170,55,879,166,1316,38,
2026-07-02T18:00,14644,5318,1249,5519,90,49,41,879,146,1315,38,
2026-07-02T19:00,15513,5338,1927,5614,94,0,17,879,174,1432,38,
2026-07-02T19:30,16512,5218,2652,5968,95,0,17,878,168,1478,38,
2026-07-02T20:00,16590,5078,2780,6046,95,0,21,878,170,1484,38,
2026-07-02T21:00,16716,5260,2640,6154,96,0,5,879,164,1480,38,সন্ধ্যা পিক
2026-07-02T22:00,16457,5274,2314,6197,96,0,15,879,162,1482,38,
2026-07-02T23:00,16419,5430,1967,6200,127,0,22,979,174,1482,38,
2026-07-03T00:00,16109,5568,1694,6159,97,0,8,879,172,1494,38,
2026-07-03T01:00,15827,5576,1605,5979,96,0,3,879,164,1487,38,
2026-07-03T02:00,15687,5404,1901,5711,97,0,11,879,158,1488,38,
2026-07-03T03:00,15389,5414,1659,5643,95,0,16,879,154,1491,38,
2026-07-03T04:00,15066,5438,1412,5550,95,0,19,879,150,1485,38,
2026-07-03T05:00,14784,5438,1191,5526,93,0,24,879,122,1473,38,
2026-07-03T06:00,14097,5378,718,5390,93,32,27,879,128,1414,38,
2026-07-03T07:00,14007,5516,698,5182,94,135,26,879,118,1321,38,
2026-07-03T08:00,13582,5421,514,4894,95,337,24,879,158,1222,38,
2026-07-03T09:00,13247,5343,408,4681,96,457,34,878,138,1174,38,
2026-07-03T10:00,13166,5401,334,4566,0,657,44,878,146,1102,38,
2026-07-03T11:00,13437,5579,350,4676,0,653,45,878,148,1070,38,
2026-07-03T12:00,13980,5630,387,4965,0,732,50,900,156,1122,38,ডে পিক
2026-07-03T13:00,14524,5645,725,5292,0,529,46,900,170,1179,38,
2026-07-03T14:00,14303,5411,677,5151,0,482,37,899,168,1440,38,
2026-07-03T15:00,14492,5554,624,5251,0,460,35,900,170,1460,38,
2026-07-03T16:00,14190,5596,568,5176,0,295,47,900,170,1400,38,
2026-07-03T17:00,13766,5491,502,5090,0,195,55,899,160,1336,38,
2026-07-03T18:00,13246,5220,644,4930,60,39,54,900,152,1209,38,
2026-07-03T19:00,14147,5362,1335,5042,60,0,39,899,156,1216,38,
2026-07-03T19:30,15913,5732,2037,5597,60,0,22,900,156,1371,38,
2026-07-03T20:00,15905,5534,2061,5632,60,0,41,900,158,1481,38,
2026-07-03T21:00,16360,5606,2231,5809,60,0,60,900,160,1496,38,সন্ধ্যা পিক
2026-07-03T22:00,16309,5501,2239,5860,60,0,61,899,162,1489,38,
2026-07-03T23:00,16119,5670,1926,5832,65,0,57,900,152,1479,38,
2026-07-04T00:00,16274,5612,1963,6034,65,0,36,900,162,1464,38,
2026-07-04T01:00,15940,5516,1919,5980,65,0,30,900,164,1328,38,
2026-07-04T02:00,15663,5514,1867,5835,65,0,65,900,156,1223,38,
2026-07-04T03:00,15297,5396,1754,5766,65,0,57,900,152,1169,38,
2026-07-04T04:00,15267,5334,1911,5741,65,0,58,900,150,1070,38,
2026-07-04T05:00,15080,5288,1932,5639,65,0,50,900,148,1020,38,
2026-07-04T06:00,14369,5328,1215,5578,65,32,54,899,132,1028,38,
2026-07-04T07:00,14371,5612,908,5481,65,169,46,900,122,1030,38,
2026-07-04T08:00,14032,5662,651,5226,65,298,60,899,124,1009,38,
2026-07-04T09:00,14223,5682,613,5242,65,464,62,900,152,1005,38,
2026-07-04T10:00,14489,5507,734,5214,65,581,60,900,158,1232,38,
2026-07-04T11:00,14960,5357,740,5406,65,754,63,899,162,1476,38,
2026-07-04T12:00,15214,5462,939,5398,65,724,65,900,168,1455,38,ডে পিক
2026-07-04T13:00,15435,5639,1154,5336,65,625,62,900,172,1444,38,
2026-07-04T14:00,15555,5647,1202,5489,65,541,65,900,178,1430,38,
2026-07-04T15:00,15464,5640,1262,5344,65,532,60,900,192,1431,38,
2026-07-04T16:00,14913,5565,1485,4964,65,276,65,899,198,1358,38,
2026-07-04T17:00,14919,5581,1679,4898,65,183,64,899,192,1320,38,
2026-07-04T18:00,14529,5398,1838,4806,65,47,54,900,185,1198,38,
2026-07-04T19:00,15382,5418,2401,4978,65,0,51,900,176,1355,38,
2026-07-04T19:30,16077,5268,2774,5311,65,0,63,900,182,1476,38,সন্ধ্যা পিক
2026-07-04T20:00,15323,5103,2508,5093,65,0,62,840,172,1442,38,
2026-07-04T21:00,15224,5670,1661,5242,65,0,62,900,170,1416,38,
2026-07-04T22:00,15753,5630,1815,5605,65,0,35,900,182,1483,38,
2026-07-04T23:00,15950,5699,1892,5661,65,0,25,900,186,1484,38,
2026-07-05T00:00,15986,5609,1894,5757,65,0,51,900,176,1496,38,
2026-07-05T01:00,16058,5572,2008,5757,65,0,40,900,182,1496,38,
2026-07-05T02:00,15668,5445,1752,5759,65,0,53,901,176,1479,38,
2026-07-05T03:00,15353,5409,1534,5721,65,0,49,902,150,1485,38,
2026-07-05T04:00,15019,5426,1345,5541,65,0,55,902,168,1479,38,
2026-07-05T05:00,14675,5606,863,5544,65,0,56,902,156,1445,38,
2026-07-05T06:00,14242,5437,704,5515,65,22,63,902,152,1344,38,
2026-07-05T07:00,14048,5504,504,5420,65,101,64,902,152,1298,38,
2026-07-05T08:00,13862,5354,470,5411,64,256,38,902,140,1189,38,
2026-07-05T09:00,13638,5308,396,5363,65,286,24,902,142,1114,38,
2026-07-05T10:00,13557,5226,503,5271,70,324,55,902,114,1054,38,
2026-07-05T11:00,13875,5434,515,5266,70,426,25,901,142,1058,38,
2026-07-05T12:00,14150,5468,540,5409,70,410,52,902,144,1117,38,ডে পিক
2026-07-05T13:00,14191,5350,512,5381,70,408,63,902,146,1321,38,
2026-07-05T14:00,14206,5479,525,5402,70,309,65,902,142,1274,38,
2026-07-05T15:00,14299,5497,544,5436,70,337,44,901,142,1290,38,
2026-07-05T16:00,14102,5498,608,5350,70,177,27,902,160,1272,38,
2026-07-05T17:00,13663,5453,665,5006,70,157,45,902,152,1175,38,
2026-07-05T18:00,13408,5356,775,4939,68,48,48,902,152,1082,38,
2026-07-05T19:00,14804,5429,1193,5612,68,0,37,902,146,1379,38,
2026-07-05T19:30,15719,5492,1587,5933,70,0,65,902,142,1490,38,
2026-07-05T20:00,15779,5481,1613,5995,70,0,46,902,148,1486,38,
2026-07-05T21:00,15822,5465,1630,6052,70,0,41,902,134,1490,38,সন্ধ্যা পিক
2026-07-05T22:00,15753,5418,1611,6030,106,0,27,902,132,1489,38,
2026-07-05T23:00,15699,5599,1630,5758,106,0,33,902,138,1495,38,
2026-07-06T00:00,15478,5428,1612,5728,107,0,53,892,132,1488,38,
2026-07-06T01:00,15228,5343,1752,5549,108,0,63,894,122,1359,38,
2026-07-06T02:00,14932,5286,1517,5538,108,0,58,894,128,1365,38,
2026-07-06T03:00,14501,5335,1123,5453,108,0,55,894,124,1371,38,
2026-07-06T04:00,14199,5420,751,5461,106,0,35,894,126,1368,38,
2026-07-06T05:00,13848,5342,623,5367,104,0,34,894,112,1334,38,
2026-07-06T06:00,13528,5288,563,5249,102,16,22,894,114,1242,38,
2026-07-06T07:00,13453,5354,527,5140,101,88,9,894,114,1188,38,
2026-07-06T08:00,13450,5324,517,5093,103,234,2,894,116,1129,38,
2026-07-06T09:00,13543,5401,542,5077,105,214,16,893,116,1141,38,
2026-07-06T10:00,13821,5502,575,5061,106,351,38,894,126,1130,38,
2026-07-06T11:00,14103,5522,732,5022,106,415,29,894,134,1211,38,
2026-07-06T12:00,14493,5585,836,5112,106,468,10,893,144,1301,38,ডে পিক
2026-07-06T13:00,14695,5407,1168,5120,108,429,29,893,134,1367,38,
2026-07-06T14:00,14338,5179,1198,4946,108,421,60,893,134,1362,38,
2026-07-06T15:00,14206,5306,1176,4887,114,259,41,893,130,1362,38,
2026-07-06T16:00,14086,5262,1093,4929,110,200,59,894,140,1361,38,
2026-07-06T17:00,13671,5158,978,4765,105,189,59,894,132,1353,38,
2026-07-06T18:00,13441,5034,1105,4731,100,53,47,893,132,1308,38,
2026-07-06T19:00,14558,5081,1771,5086,100,0,40,894,146,1402,38,
2026-07-06T19:30,15497,5265,2255,5303,99,0,32,893,136,1476,38,
2026-07-06T20:00,15631,5295,2210,5438,103,0,37,893,134,1483,38,সন্ধ্যা পিক
2026-07-06T21:00,15626,5555,1722,5652,105,0,34,893,140,1487,38,
2026-07-06T22:00,15580,5507,1647,5686,132,0,53,894,134,1489,38,
2026-07-06T23:00,15473,5478,1567,5694,132,0,51,879,142,1492,38,
2026-07-07T00:00,15310,5342,1550,5700,132,0,53,879,132,1484,38,
2026-07-07T01:00,14839,5185,1660,5338,134,0,51,879,126,1428,38,
2026-07-07T02:00,14551,5338,1164,5416,134,0,60,879,126,1396,38,
2026-07-07T03:00,14345,5413,929,5408,136,0,55,879,130,1357,38,
2026-07-07T04:00,13956,5440,641,5339,136,0,51,878,128,1305,38,
2026-07-07T05:00,13703,5444,613,5113,130,0,62,879,128,1296,38,
2026-07-07T06:00,13469,5380,613,4950,128,10,61,878,120,1291,38,
2026-07-07T07:00,13487,5340,549,5041,122,69,58,878,120,1272,38,
2026-07-07T08:00,13532,5350,513,5022,123,156,61,878,122,1269,38,
2026-07-07T09:00,13716,5403,527,5032,125,273,65,878,124,1251,38,
2026-07-07T10:00,13506,5052,624,5092,130,332,64,757,134,1283,38,
2026-07-07T11:00,13765,4670,1129,5022,130,355,49,879,134,1359,38,
2026-07-07T12:00,13862,4468,1452,4998,130,273,65,879,140,1419,38,ডে পিক
2026-07-07T13:00,13946,4535,1642,4829,130,338,56,878,130,1370,38,
2026-07-07T14:00,13932,4676,1662,4813,130,222,58,879,128,1326,38,
2026-07-07T15:00,13723,4682,1653,4855,58,99,16,879,136,1307,38,
2026-07-07T16:00,13346,4594,1637,4680,58,36,11,879,136,1277,38,
2026-07-07T17:00,13072,4666,1317,4628,58,27,26,879,128,1305,38,
2026-07-07T18:00,13249,4713,1318,4705,78,8,20,879,130,1360,38,
2026-07-07T19:00,14321,4871,1923,4837,148,0,43,879,148,1434,38,
2026-07-07T19:30,15320,4810,2654,5120,148,0,56,880,142,1472,38,
2026-07-07T20:00,15524,4668,2823,5296,144,0,57,880,140,1478,38,সন্ধ্যা পিক
2026-07-07T21:00,15346,4647,2623,5340,144,0,56,879,132,1487,38,
2026-07-07T22:00,15409,4655,2548,5460,144,0,59,880,134,1491,38,
2026-07-07T23:00,15383,4620,2708,5309,146,0,63,880,132,1487,38,
2026-07-08T00:00,15240,4785,2662,5071,146,0,45,880,130,1483,38,
2026-07-08T01:00,14667,4816,2093,5070,148,0,40,848,134,1480,38,
2026-07-08T02:00,14488,4748,1838,5216,148,0,51,848,128,1473,38,
2026-07-08T03:00,13721,4723,1267,5135,148,0,44,848,126,1392,38,
2026-07-08T04:00,13403,4777,1037,5049,148,0,41,848,118,1347,38,
2026-07-08T05:00,13062,4800,707,5063,146,0,30,848,114,1316,38,
2026-07-08T06:00,12671,4818,445,4895,144,3,51,848,114,1315,38,
2026-07-08T07:00,12875,4843,403,5068,144,20,4,848,114,1393,38,
2026-07-08T08:00,12851,4791,409,5065,144,52,14,848,120,1370,38,
2026-07-08T09:00,12964,4668,543,5068,144,128,18,848,122,1387,38,
2026-07-08T10:00,13444,4712,962,5064,144,177,12,848,122,1365,38,
2026-07-08T11:00,13812,4697,1234,5098,154,233,34,848,132,1344,38,
2026-07-08T12:00,14149,4654,1538,5170,154,183,49,848,142,1373,38,ডে পিক
2026-07-08T13:00,14414,4482,2013,5159,154,207,22,849,136,1354,38,
2026-07-08T14:00,14064,4422,1986,4880,156,237,32,848,142,1323,38,
2026-07-08T15:00,14011,4483,1806,4843,160,167,50,848,126,1490,38,
2026-07-08T16:00,13791,4445,1813,4747,162,103,42,848,120,1473,38,
2026-07-08T17:00,13616,4393,1749,4694,160,74,36,848,134,1490,38,
2026-07-08T18:00,13365,4368,1839,4523,161,33,53,848,128,1374,38,
2026-07-08T19:00,14118,4536,2264,4576,158,0,56,847,160,1483,38,
2026-07-08T19:30,14893,4560,2772,4815,156,0,53,859,164,1476,38,
2026-07-08T20:00,15049,4574,2843,4878,155,0,64,859,164,1474,38,
2026-07-08T21:00,15376,4698,2999,4943,155,0,57,859,160,1467,38,সন্ধ্যা পিক
2026-07-08T22:00,15029,4684,2684,4949,155,0,32,859,156,1472,38,
2026-07-08T23:00,14773,4656,2428,4946,142,0,46,859,164,1494,38,
2026-07-09T00:00,14090,4525,1995,4860,142,0,41,859,152,1478,38,
2026-07-09T01:00,13615,4645,1397,4812,147,0,62,889,148,1477,38,
2026-07-09T02:00,13226,4460,1212,4803,148,0,60,889,140,1476,38,
2026-07-09T03:00,12857,4718,656,4752,150,0,44,889,134,1476,38,
2026-07-09T04:00,12228,4650,215,4677,152,0,42,890,122,1442,38,
2026-07-09T05:00,11736,4666,164,4270,153,0,45,895,120,1385,38,
2026-07-09T06:00,11380,4710,185,3976,150,3,6,897,122,1293,38,
2026-07-09T07:00,11457,4749,223,3906,147,29,29,897,120,1319,38,
2026-07-09T08:00,11762,4786,238,4034,144,65,28,900,136,1393,38,
2026-07-09T09:00,12150,4741,321,4306,144,104,6,900,140,1450,38,
2026-07-09T10:00,12643,4793,683,4378,144,114,0,900,144,1449,38,
2026-07-09T11:00,13188,4920,968,4443,144,192,16,900,134,1433,38,
2026-07-09T12:00,13754,4805,1411,4630,148,231,50,905,124,1412,38,ডে পিক
2026-07-09T13:00,13880,4751,1541,4655,126,311,13,905,126,1414,38,
2026-07-09T14:00,13890,4652,1723,4680,128,260,19,905,116,1369,38,
2026-07-09T15:00,13944,4751,1637,4744,132,238,53,905,122,1324,38,
2026-07-09T16:00,13726,4816,1589,4634,132,202,46,904,128,1237,38,
2026-07-09T17:00,13238,4586,1314,4733,161,91,53,905,138,1219,38,
2026-07-09T18:00,13331,4674,1589,4558,161,29,21,905,138,1218,38,
2026-07-09T19:00,14189,4644,2138,4706,166,0,31,905,144,1417,38,
2026-07-09T19:30,15059,4878,2503,4944,165,0,7,905,148,1471,38,
2026-07-09T20:00,15211,4905,2589,4998,160,0,0,905,140,1476,38,
2026-07-09T21:00,15407,5195,2262,5226,155,0,7,905,142,1477,38,সন্ধ্যা পিক
2026-07-09T22:00,14964,5129,1828,5376,58,0,12,905,142,1476,38,
2026-07-09T23:00,14930,5235,1769,5279,58,0,16,905,144,1486,38,
2026-07-10T00:00,14736,4878,1991,5196,94,0,8,905,140,1486,38,
2026-07-10T01:00,14272,5060,2000,4494,158,0,0,905,130,1487,38,
2026-07-10T02:00,14215,5165,1953,4375,159,0,3,905,130,1487,38,
2026-07-10T03:00,13755,5135,1690,4279,161,0,63,905,122,1362,38,
2026-07-10T04:00,13303,5086,1280,4271,164,0,65,904,120,1375,38,
2026-07-10T05:00,12644,5093,614,4278,164,0,60,905,122,1370,38,
2026-07-10T06:00,11843,4988,440,3916,164,6,52,905,110,1224,38,
2026-07-10T07:00,11510,4991,379,3683,164,66,60,905,100,1124,38,
2026-07-10T08:00,11330,5035,378,3617,160,130,46,905,94,926,38,
2026-07-10T09:00,11405,5005,378,3634,179,200,39,904,104,924,38,
2026-07-10T10:00,11366,4968,418,3581,174,299,40,904,106,838,38,
2026-07-10T11:00,11649,5157,351,3639,175,390,59,904,110,826,38,
2026-07-10T12:00,12175,5126,302,3932,173,364,61,905,124,1150,38,ডে পিক
2026-07-10T13:00,12924,5272,360,4228,180,413,63,905,136,1329,38,
2026-07-10T14:00,12484,4915,368,4314,181,316,61,905,122,1264,38,
2026-07-10T15:00,12273,4982,290,4203,183,331,28,905,124,1189,38,
2026-07-10T16:00,11566,5007,240,3903,119,197,32,905,112,1013,38,
2026-07-10T17:00,11459,5204,270,3828,130,89,34,904,104,858,38,
2026-07-10T18:00,11576,5286,365,3784,135,21,46,905,100,896,38,
2026-07-10T19:00,12969,5704,722,4223,0,0,43,905,118,1216,38,
2026-07-10T19:30,14031,5746,1282,4434,80,0,32,904,126,1389,38,
2026-07-10T20:00,14229,5720,1326,4495,113,0,25,905,122,1485,38,
2026-07-10T21:00,14358,5543,1491,4620,150,0,8,905,130,1473,38,সন্ধ্যা পিক
2026-07-10T22:00,14517,5432,1753,4527,212,0,36,905,132,1482,38,
2026-07-10T23:00,14744,5619,1816,4526,172,0,46,906,130,1491,38,
2026-07-11T00:00,14621,5126,2167,4509,205,0,54,905,132,1485,38,
2026-07-11T01:00,14162,5068,1962,4375,172,0,36,905,126,1480,38,
2026-07-11T02:00,13510,5256,1118,4352,202,0,32,905,122,1485,38,
2026-07-11T03:00,13063,5433,590,4252,202,0,24,905,118,1501,38,
2026-07-11T04:00,12723,5365,392,4247,172,0,26,905,116,1462,38,
2026-07-11T05:00,12523,5432,330,4143,172,0,23,905,112,1368,38,
2026-07-11T06:00,12277,5469,330,4010,172,17,14,906,116,1205,38,
2026-07-11T07:00,12257,5540,345,3935,172,64,26,905,114,1118,38,
2026-07-11T08:00,12397,5659,344,3913,172,114,0,905,128,1124,38,
2026-07-11T09:00,12721,5588,437,4058,172,187,0,905,118,1218,38,
2026-07-11T10:00,13079,5701,569,4095,195,221,5,905,126,1224,38,
2026-07-11T11:00,13317,5699,735,4156,172,211,1,905,132,1268,38,
2026-07-11T12:00,13859,5427,1061,4330,170,352,2,905,144,1430,38,ডে পিক
2026-07-11T13:00,14174,5245,1553,4361,170,344,1,905,136,1421,38,
2026-07-11T14:00,13584,5202,1095,4278,200,355,3,905,136,1372,38,
2026-07-11T15:00,13450,5351,836,4398,170,241,0,905,146,1365,38,
2026-07-11T16:00,13115,5461,613,4363,172,154,0,905,128,1281,38,
2026-07-11T17:00,12975,5465,661,4218,172,75,14,905,140,1287,38,
2026-07-11T18:00,13135,5496,766,4290,172,31,24,905,130,1283,38,
2026-07-11T19:00,14259,5208,1710,4568,172,0,13,905,150,1495,38,
2026-07-11T19:30,15325,5483,2311,4787,172,0,6,905,144,1479,38,সন্ধ্যা পিক
2026-07-11T20:00,15237,5353,2268,4857,172,0,14,905,140,1490,38,
2026-07-11T21:00,15134,5575,1926,4883,172,0,11,905,142,1482,38,
2026-07-11T22:00,14860,5567,1667,4882,172,0,8,905,138,1483,38,
2026-07-11T23:00,14822,5520,1641,4890,202,0,5,894,138,1494,38,
2026-07-12T00:00,14568,5543,1440,4816,204,0,9,894,134,1490,38,
2026-07-12T01:00,13888,5478,982,4770,172,0,6,894,128,1420,38,
2026-07-12T02:00,13407,5458,561,4725,172,0,9,894,126,1424,38,
2026-07-12T03:00,12991,5318,361,4738,172,0,5,894,122,1343,38,
2026-07-12T04:00,12804,5335,412,4453,172,0,7,894,118,1375,38,
2026-07-12T05:00,12621,5396,329,4252,172,0,4,894,120,1416,38,
2026-07-12T06:00,12134,5250,298,4125,172,5,7,894,116,1229,38,
2026-07-12T07:00,12197,5294,484,4065,172,30,12,897,118,1087,38,
2026-07-12T08:00,12714,5448,628,4193,166,54,11,894,120,1162,38,
2026-07-12T09:00,13065,5382,680,4442,202,147,2,894,128,1150,38,
2026-07-12T10:00,13178,5424,772,4443,198,154,22,894,126,1107,38,
2026-07-12T11:00,13234,5575,653,4415,198,228,10,894,144,1079,38,
2026-07-12T12:00,13395,5514,886,4401,191,197,42,894,141,1091,38,ডে পিক
2026-07-12T13:00,13864,5452,1214,4425,156,226,0,893,150,1310,38,
2026-07-12T14:00,13688,5381,1012,4490,156,192,0,893,150,1376,38,
2026-07-12T15:00,13617,5428,743,4685,156,154,8,893,144,1368,38,
2026-07-12T16:00,13626,5426,717,4784,157,163,6,893,138,1304,38,
2026-07-12T17:00,13149,5512,469,4555,203,124,2,893,132,1221,38,
2026-07-12T18:00,13192,5617,587,4464,203,17,6,893,134,1233,38,
2026-07-12T19:00,14397,5562,1432,4709,204,0,11,893,144,1404,38,
2026-07-12T19:30,15498,5437,2296,4988,204,0,8,892,144,1491,38,সন্ধ্যা পিক
2026-07-12T20:00,15140,5542,1779,5044,204,0,22,892,138,1481,38,
2026-07-12T21:00,15244,5625,1787,5053,204,0,23,893,138,1483,38,
2026-07-12T22:00,14977,5558,1625,5053,172,0,15,895,136,1485,38,
2026-07-12T23:00,14608,5622,1234,5054,172,0,2,896,136,1454,38,
2026-07-13T00:00,14279,5644,1051,4881,172,0,4,896,134,1459,38,
2026-07-13T01:00,13996,5479,1022,4779,202,0,6,896,132,1442,38,
2026-07-13T02:00,13640,5289,898,4749,202,0,5,861,130,1468,38,
2026-07-13T03:00,13230,5260,636,4706,202,0,14,861,126,1387,38,
2026-07-13T04:00,12848,5262,393,4629,202,0,12,861,124,1327,38,
2026-07-13T05:00,12748,5326,295,4546,202,0,16,861,114,1350,38,
2026-07-13T06:00,12446,5214,295,4459,202,4,9,861,104,1260,38,
2026-07-13T07:00,12560,5187,348,4470,202,28,2,862,96,1327,38,
2026-07-13T08:00,12652,5167,348,4542,199,46,3,862,98,1349,38,
2026-07-13T09:00,12796,5161,391,4599,206,72,2,873,110,1344,38,
2026-07-13T10:00,12889,5194,409,4622,206,115,6,874,120,1305,38,
2026-07-13T11:00,13217,5449,376,4655,216,161,1,873,124,1324,38,
2026-07-13T12:00,13613,5537,375,4804,222,148,0,873,136,1480,38,ডে পিক
2026-07-13T13:00,13790,5330,513,5005,219,191,0,873,134,1487,38,
2026-07-13T14:00,13619,5404,565,4798,219,192,3,873,140,1387,38,
2026-07-13T15:00,13590,5482,582,4645,220,234,1,873,130,1385,38,
2026-07-13T16:00,13482,5474,581,4660,220,200,0,874,132,1303,38,
2026-07-13T17:00,13313,5600,591,4535,221,94,3,873,136,1222,38,
2026-07-13T18:00,13261,5503,697,4599,222,24,0,874,130,1174,38,
2026-07-13T19:00,14382,5514,1321,4839,222,0,0,873,144,1431,38,
2026-07-13T19:30,15527,5562,1864,5333,222,0,0,874,150,1484,38,সন্ধ্যা পিক
2026-07-13T20:00,15420,5455,1787,5417,222,0,3,874,148,1476,38,
2026-07-13T21:00,15406,5666,1453,5627,222,0,2,777,136,1485,38,
2026-07-13T22:00,15233,5536,1418,5638,222,0,14,776,134,1457,38,
2026-07-13T23:00,14806,5577,1184,5523,222,0,2,776,134,1350,38,
2026-07-14T00:00,14489,5726,1035,5095,222,0,11,776,132,1454,38,
2026-07-14T01:00,14369,5514,1046,5146,217,0,17,872,132,1387,38,
2026-07-14T02:00,13961,5676,699,5014,217,0,9,777,134,1397,38,
2026-07-14T03:00,13551,5608,380,5039,219,0,17,777,126,1347,38,
2026-07-14T04:00,13294,5684,254,4723,219,0,15,874,126,1361,38,
2026-07-14T05:00,13130,5572,254,4626,221,0,9,874,126,1410,38,
2026-07-14T06:00,12959,5580,254,4495,222,27,11,874,114,1344,38,
2026-07-14T07:00,12981,5585,254,4384,222,115,15,874,116,1378,38,
2026-07-14T08:00,12928,5634,283,4498,222,251,31,873,104,994,38,
2026-07-14T09:00,13354,5716,498,4792,222,321,18,874,110,765,38,
2026-07-14T10:00,13855,5719,723,5017,222,362,14,874,134,752,38,
2026-07-14T11:00,14120,5704,1081,5168,222,553,13,450,140,751,38,
2026-07-14T12:00,14787,5638,1624,5291,222,621,5,451,144,753,38,ডে পিক
2026-07-14T13:00,14991,5434,1975,5293,222,676,9,450,142,752,38,
2026-07-14T14:00,14982,5439,2054,5251,221,605,7,450,158,759,38,
2026-07-14T15:00,14953,5721,2089,5253,80,409,6,450,156,751,38,
2026-07-14T16:00,15204,5684,2323,5335,146,317,0,450,152,759,38,
2026-07-14T17:00,14848,5397,2499,5243,176,174,9,450,144,718,38,
2026-07-14T18:00,14376,5256,2607,4996,176,45,12,450,132,664,38,
2026-07-14T19:00,15396,5476,2914,5444,176,0,21,450,154,723,38,
2026-07-14T19:30,16290,5794,3293,5625,176,0,19,450,156,739,38,
2026-07-14T20:00,16333,5758,3346,5684,176,0,11,450,134,736,38,
2026-07-14T21:00,16344,5887,3331,5745,176,0,11,355,124,677,38,সন্ধ্যা পিক
2026-07-14T22:00,16302,5868,3209,5744,222,0,13,352,132,724,38,
2026-07-14T23:00,16291,5950,3090,5749,222,0,27,352,130,733,38,
2026-07-15T00:00,15560,5560,2777,5744,222,0,7,351,138,723,38,
2026-07-15T01:00,15531,5567,2713,5743,217,0,24,351,148,730,38,
2026-07-15T02:00,15651,5560,2855,5745,217,0,21,351,140,724,38,
2026-07-15T03:00,15300,5537,2853,5450,213,0,14,352,142,701,38,
2026-07-15T04:00,14542,5842,2074,5146,213,0,6,359,142,722,38,
2026-07-15T05:00,14438,5931,1874,5145,213,0,13,352,136,736,38,
2026-07-15T06:00,14052,5680,1807,5120,172,25,8,352,128,722,38,
2026-07-15T07:00,13980,5717,1528,5061,172,141,25,447,116,735,38,
2026-07-15T08:00,13979,5689,1503,5046,172,208,25,447,122,729,38,
2026-07-15T09:00,14190,5758,1503,5034,172,322,49,447,140,727,38,
2026-07-15T10:00,14456,5778,1408,5234,173,420,61,448,144,752,38,
2026-07-15T11:00,14562,5728,1465,5238,172,522,52,447,144,756,38,
2026-07-15T12:00,14831,5651,1738,5337,172,489,46,447,154,759,38,ডে পিক
2026-07-15T13:00,14784,5621,1823,5346,172,368,54,447,162,753,38,
2026-07-15T14:00,14513,5270,1740,5369,172,495,60,447,164,758,38,
2026-07-15T15:00,14639,5453,1796,5368,202,353,56,447,166,760,38,
2026-07-15T16:00,14439,5216,1947,5328,202,279,62,447,160,760,38,
2026-07-15T17:00,14356,5352,1981,5267,200,117,50,447,146,758,38,
2026-07-15T18:00,14061,5183,1815,5431,200,43,59,447,132,713,38,
2026-07-15T19:00,15033,5369,2305,5716,200,0,35,447,158,765,38,
2026-07-15T19:30,15600,5544,2619,5820,203,0,43,447,130,756,38,
2026-07-15T20:00,15757,5468,2708,6024,218,0,49,374,126,752,38,
2026-07-15T21:00,16030,5554,2961,6001,218,0,28,344,130,756,38,সন্ধ্যা পিক
2026-07-15T22:00,16182,5452,3024,6170,221,0,37,355,132,753,38,
2026-07-15T23:00,16144,5428,2856,6307,221,0,27,355,152,760,38,
2026-07-16T00:00,16069,5493,2736,6285,221,0,24,355,154,763,38,
2026-07-16T01:00,15965,5268,3011,6131,221,0,36,351,154,755,38,
2026-07-16T02:00,15498,5520,2402,6049,221,0,10,352,150,756,38,
2026-07-16T03:00,15155,5600,1942,6083,221,0,21,352,136,762,38,
2026-07-16T04:00,14426,5606,1110,6183,220,0,23,351,140,755,38,
2026-07-16T05:00,14358,5588,931,6317,220,0,25,352,132,755,38,
2026-07-16T06:00,13774,5470,913,5843,221,24,21,352,130,762,38,
2026-07-16T07:00,13605,5707,729,5496,221,85,6,447,116,760,38,
2026-07-16T08:00,13679,5597,726,5550,222,215,20,447,108,756,38,
2026-07-16T09:00,13881,5604,793,5560,218,330,12,447,128,751,38,
2026-07-16T10:00,14091,5461,1004,5538,222,477,20,447,134,750,38,
2026-07-16T11:00,14463,5510,1173,5648,222,512,26,447,128,751,38,
2026-07-16T12:00,14788,5624,1391,5646,222,499,45,447,148,728,38,ডে পিক
2026-07-16T13:00,15238,5488,1759,5767,222,566,65,447,146,740,38,
2026-07-16T14:00,14948,5359,1827,5583,222,553,49,447,164,706,38,
2026-07-16T15:00,15098,5445,1891,5621,222,517,62,447,142,713,38,
2026-07-16T16:00,14825,5466,1881,5605,222,256,65,453,138,701,38,
2026-07-16T17:00,14184,5429,1510,5504,222,141,38,453,146,703,38,
2026-07-16T18:00,14160,5429,1486,5504,222,141,38,470,134,698,38,
2026-07-16T19:00,15118,5507,2103,5893,222,0,34,471,148,702,38,
2026-07-16T19:30,16241,5654,2745,6181,222,0,45,471,152,733,38,
2026-07-16T20:00,16243,5520,2894,6280,222,0,33,390,130,736,38,
2026-07-16T21:00,16315,5562,2979,6277,222,0,32,331,134,740,38,সন্ধ্যা পিক
2026-07-16T22:00,15954,5490,2682,6262,222,0,36,331,132,761,38,
2026-07-16T23:00,15860,5584,2532,6202,222,0,51,330,138,763,38,
2026-07-17T00:00,15185,5396,2429,5871,222,0,31,300,140,758,38,
2026-07-17T01:00,14812,5530,2126,5602,221,0,27,361,146,761,38,
2026-07-17T02:00,14586,5669,1958,5392,221,0,20,395,140,753,38,
2026-07-17T03:00,14524,5530,1948,5359,217,0,37,510,136,749,38,
2026-07-17T04:00,14388,5487,1859,5269,217,0,38,588,138,754,38,
2026-07-17T05:00,14222,5584,1549,5167,217,0,48,736,134,749,38,
2026-07-17T06:00,13395,5418,981,5048,218,16,40,755,126,755,38,
2026-07-17T07:00,12932,5486,503,4976,219,84,42,769,104,711,38,
2026-07-17T08:00,12642,5582,341,4639,172,177,39,897,94,663,38,
2026-07-17T09:00,12506,5550,341,4549,92,289,48,897,98,604,38,
2026-07-17T10:00,12265,5546,318,4346,45,317,60,897,88,610,38,
2026-07-17T11:00,12359,5551,348,4307,25,412,61,897,110,610,38,
2026-07-17T12:00,12954,5537,417,4699,25,425,59,897,114,743,38,ডে পিক
2026-07-17T13:00,13663,5528,817,5049,25,385,64,897,126,734,38,
2026-07-17T14:00,13077,5236,472,4877,126,480,65,897,124,762,38,
2026-07-17T15:00,12746,5379,303,4759,176,307,65,897,116,706,38,
2026-07-17T16:00,12316,5365,231,4568,222,154,63,897,90,687,38,
2026-07-17T17:00,12073,5411,219,4399,220,92,64,897,100,633,38,
2026-07-17T18:00,11973,5415,227,4368,220,43,62,897,98,605,38,
2026-07-17T19:00,13286,5444,1024,4876,222,0,63,890,116,613,38,
2026-07-17T19:30,14665,5563,1988,5166,222,0,56,890,122,620,38,
2026-07-17T20:00,14855,5633,1917,5339,222,0,53,820,124,709,38,
2026-07-17T21:00,15047,5763,1715,5561,222,0,30,826,126,765,38,সন্ধ্যা পিক
2026-07-17T22:00,15157,5590,1702,5683,222,0,42,826,128,926,38,
2026-07-17T23:00,15091,5502,1697,5507,222,0,25,826,128,1146,38,
2026-07-18T00:00,15256,5492,1599,5515,222,0,18,826,126,1420,38,
2026-07-18T01:00,14496,5236,1156,5316,222,0,24,895,128,1481,38,
2026-07-18T02:00,14111,5459,763,5206,222,0,19,848,128,1428,38,
2026-07-18T03:00,13708,5507,456,5135,220,0,21,896,122,1313,38,
2026-07-18T04:00,13457,5632,373,4842,219,0,33,896,114,1310,38,
2026-07-18T05:00,13243,5526,358,4764,218,0,26,896,118,1299,38,
2026-07-18T06:00,12896,5496,358,4520,218,14,35,896,116,1205,38,
2026-07-18T07:00,12821,5517,338,4435,219,86,52,896,112,1128,38,
2026-07-18T08:00,12838,5544,349,4339,220,193,40,896,114,1105,38,
2026-07-18T09:00,13355,5534,380,4638,220,329,52,896,130,1138,38,
2026-07-18T10:00,13406,5520,431,4768,220,293,27,896,122,1091,38,
2026-07-18T11:00,13614,5535,458,4851,220,350,36,896,130,1100,38,
2026-07-18T12:00,14179,5547,513,5217,220,379,14,896,140,1215,38,ডে পিক
2026-07-18T13:00,14515,5358,651,5211,220,472,39,896,140,1490,38,
2026-07-18T14:00,14383,5322,717,5245,220,344,33,896,148,1420,38,
2026-07-18T15:00,14359,5304,657,5296,222,333,25,896,150,1438,38,
2026-07-18T16:00,14380,5243,705,5373,217,337,8,896,148,1415,38,
2026-07-18T17:00,13826,5112,730,5171,220,102,8,895,130,1420,38,
2026-07-18T18:00,13743,5125,864,5109,220,38,25,896,132,1296,38,
2026-07-18T19:00,15088,5167,1564,5755,220,0,24,896,156,1268,38,
2026-07-18T19:30,15784,5085,1821,6070,220,0,12,896,150,1492,38,
2026-07-18T20:00,15706,5157,1612,6147,220,0,17,896,140,1479,38,
2026-07-18T21:00,15817,5352,1536,6177,220,0,20,849,134,1492,38,সন্ধ্যা পিক
2026-07-18T22:00,15750,5294,1511,6176,222,0,34,849,142,1484,38,
2026-07-18T23:00,15731,5256,1582,6042,222,0,55,896,144,1496,38,
2026-07-19T00:00,15607,5216,1621,5938,222,0,45,896,144,1487,38,
2026-07-19T01:00,15220,5088,1392,5930,222,0,27,896,142,1485,38,
2026-07-19T02:00,14570,5166,568,6079,222,0,19,896,142,1440,38,
2026-07-19T03:00,14364,5173,453,5978,222,0,33,896,136,1435,38,
2026-07-19T04:00,14123,5191,374,5821,220,0,18,896,130,1435,38,
2026-07-19T05:00,13954,5161,365,5719,220,0,30,897,128,1396,38,
2026-07-19T06:00,13554,5187,332,5339,222,14,20,896,124,1382,38,
2026-07-19T07:00,13532,5251,332,5140,222,70,32,896,118,1433,38,
2026-07-19T08:00,13549,5184,317,5191,222,108,21,896,120,1452,38,
2026-07-19T09:00,13754,5116,402,5323,222,216,12,896,124,1405,38,
2026-07-19T10:00,13914,5066,528,5371,222,241,12,896,132,1408,38,
2026-07-19T11:00,14324,5176,702,5454,222,347,17,896,138,1334,38,
2026-07-19T12:00,14696,5096,1037,5491,222,391,26,896,146,1353,38,ডে পিক
2026-07-19T13:00,14921,5067,1325,5589,172,305,18,897,142,1368,38,
2026-07-19T14:00,14561,4980,1066,5552,172,342,27,896,142,1346,38,
2026-07-19T15:00,14627,5046,1051,5571,222,282,18,897,134,1368,38,
2026-07-19T16:00,14224,4944,1003,5499,222,199,8,896,136,1279,38,
2026-07-19T17:00,13853,4988,775,5426,222,101,21,896,122,1264,38,
2026-07-19T18:00,13568,5061,784,5087,219,33,11,896,122,1317,38,
2026-07-19T19:00,14916,4921,1659,5541,222,0,20,895,132,1488,38,
2026-07-19T19:30,15670,5188,1878,5808,222,0,28,894,130,1484,38,সন্ধ্যা পিক
2026-07-19T20:00,15630,5168,1651,6016,222,0,28,896,134,1477,38,
2026-07-19T21:00,15371,5319,1632,5647,222,0,22,879,130,1482,38,
2026-07-19T22:00,15597,5349,1944,5544,222,0,27,849,130,1494,38,
2026-07-19T23:00,15510,5388,1823,5543,222,0,16,849,132,1499,38,
2026-07-20T00:00,15402,5398,1719,5542,222,0,16,848,140,1479,38,
2026-07-20T01:00,15281,5249,1719,5529,222,0,14,895,136,1479,38,
2026-07-20T02:00,14797,5177,1522,5418,221,0,26,895,134,1366,38,
2026-07-20T03:00,14297,5148,1269,5268,220,0,21,895,126,1312,38,
2026-07-20T04:00,14059,5227,1158,5127,220,0,12,895,124,1258,38,
2026-07-20T05:00,13960,5450,700,5328,220,0,17,895,128,1184,38,
2026-07-20T06:00,13212,5260,453,4847,220,5,50,895,122,1322,38,
2026-07-20T07:00,13152,5280,453,4592,220,43,45,895,112,1474,38,
2026-07-20T08:00,13291,5306,453,4672,220,98,26,895,114,1469,38,
2026-07-20T09:00,13463,5364,453,4737,220,144,32,895,118,1462,38,
2026-07-20T10:00,13595,5204,554,4879,219,204,35,894,126,1442,38,
2026-07-20T11:00,13713,5125,799,4790,221,285,28,895,134,1398,38,
2026-07-20T12:00,13990,5050,1055,4940,221,270,28,895,134,1359,38,ডে পিক
2026-07-20T13:00,14073,5037,1055,5016,220,306,11,895,142,1353,38,
2026-07-20T14:00,13921,4968,1052,5010,222,261,3,895,144,1328,38,
2026-07-20T15:00,13816,5006,961,5001,222,230,7,895,138,1318,38,
2026-07-20T16:00,13433,4986,713,5015,222,127,8,895,138,1291,38,
2026-07-20T17:00,13147,5009,664,4870,220,67,12,895,132,1240,38,
2026-07-20T18:00,13034,4814,692,4999,219,19,1,894,120,1238,38,
2026-07-20T19:00,14270,4958,1369,5180,219,0,3,895,144,1464,38,
2026-07-20T19:30,15332,5155,2006,5378,219,0,5,894,146,1491,38,সন্ধ্যা পিক
2026-07-20T20:00,15214,5060,2007,5371,219,0,2,894,134,1489,38,
2026-07-20T21:00,15284,4998,1986,5506,220,0,7,896,140,1493,38,
2026-07-20T22:00,15068,5106,1795,5373,221,0,15,895,132,1493,38,
2026-07-20T23:00,14825,5140,1650,5245,220,0,20,895,134,1483,38,
2026-07-21T00:00,14605,5212,1546,5049,220,0,17,895,132,1496,38,
2026-07-21T01:00,14287,5040,1410,5049,222,0,4,898,134,1492,38,
2026-07-21T02:00,13684,5226,781,4982,222,0,14,897,130,1435,38,
2026-07-21T03:00,13264,5144,509,4948,222,0,12,894,122,1375,38,
2026-07-21T04:00,13036,5205,435,4762,222,0,9,894,118,1353,38,
2026-07-21T05:00,12905,5258,436,4532,222,0,17,894,116,1392,38,
2026-07-21T06:00,12696,5178,436,4498,222,22,16,894,116,1276,38,
2026-07-21T07:00,12833,5314,436,4449,222,81,12,893,106,1282,38,
2026-07-21T08:00,12959,5297,435,4417,221,197,16,896,112,1330,38,
2026-07-21T09:00,13228,5206,452,4594,221,313,21,895,126,1362,38,
2026-07-21T10:00,13346,5261,393,4598,221,463,14,896,128,1334,38,
2026-07-21T11:00,13625,5101,471,4820,222,537,0,896,134,1406,38,
2026-07-21T12:00,13992,5097,843,4878,222,512,0,896,146,1360,38,ডে পিক
2026-07-21T13:00,14232,5051,1080,4989,222,392,0,896,150,1414,38,
2026-07-21T14:00,14182,5023,1268,4821,172,470,6,896,146,1342,38,
2026-07-21T15:00,14058,5029,1308,4797,222,245,38,896,152,1333,38,
2026-07-21T16:00,13884,4931,1376,4820,80,210,39,896,150,1344,38,
2026-07-21T17:00,13640,4961,1196,4753,172,156,31,896,128,1309,38,
2026-07-21T18:00,13377,4564,1393,4800,174,37,31,896,130,1314,38,
2026-07-21T19:00,14667,4432,2364,5113,172,0,16,896,150,1486,38,
2026-07-21T19:30,15777,4720,2930,5385,172,0,12,895,146,1479,38,
2026-07-21T20:00,15834,4646,2881,5551,172,0,24,895,144,1483,38,সন্ধ্যা পিক
2026-07-21T21:00,15648,4754,2458,5658,172,0,55,896,132,1485,38,
2026-07-21T22:00,15455,4402,2715,5599,172,0,0,896,144,1489,38,
2026-07-21T23:00,15293,4467,2651,5446,172,0,0,890,142,1487,38,
2026-07-22T00:00,14891,4357,2333,5458,202,0,0,890,142,1471,38,
2026-07-22T01:00,14511,4400,1929,5462,203,0,15,890,138,1436,38,
2026-07-22T02:00,14194,4446,1609,5449,203,0,18,890,124,1417,38,
2026-07-22T03:00,13809,4469,1274,5408,203,0,25,890,130,1372,38,
2026-07-22T04:00,13593,4480,1233,5202,205,0,33,890,126,1386,38,
2026-07-22T05:00,13298,4454,968,5191,205,0,39,890,122,1391,38,
2026-07-22T06:00,12626,4400,363,5188,205,27,14,890,120,1381,38,
2026-07-22T07:00,12950,4452,312,5347,203,114,20,890,118,1456,38,
2026-07-22T08:00,12881,4244,346,5338,212,222,50,890,118,1423,38,
2026-07-22T09:00,13200,4346,486,5380,222,264,30,889,122,1423,38,
2026-07-22T10:00,13760,4278,910,5430,222,409,21,889,122,1441,38,
2026-07-22T11:00,13948,4214,1230,5448,222,388,18,897,138,1355,38,
2026-07-22T12:00,14290,4196,1348,5583,222,456,31,896,134,1386,38,ডে পিক
2026-07-22T13:00,14392,4072,1518,5705,222,453,30,896,134,1324,38,
2026-07-22T14:00,13635,4001,1299,5432,222,316,34,845,152,1296,38,
2026-07-22T15:00,13913,4106,1481,5281,222,383,24,895,152,1331,38,
2026-07-22T16:00,13480,4096,1268,5344,222,187,19,896,136,1274,38,
2026-07-22T17:00,13290,4124,1192,5358,222,131,35,896,114,1180,38,
2026-07-22T18:00,13183,4179,947,5503,222,16,18,896,120,1244,38,
2026-07-22T19:00,14464,4191,1835,5819,222,0,12,896,140,1311,38,
2026-07-22T19:30,15371,4087,2812,5924,222,0,17,845,138,1288,38,
2026-07-22T20:00,15310,4084,2736,5881,220,0,20,895,146,1290,38,
2026-07-22T21:00,15385,4221,2334,6068,220,0,0,896,130,1478,38,সন্ধ্যা পিক
2026-07-22T22:00,15205,4199,2092,6132,220,0,4,896,138,1486,38,
2026-07-22T23:00,15077,4208,1920,6167,221,0,8,896,136,1483,38,
2026-07-23T00:00,14726,4114,1717,6112,221,0,7,897,142,1478,38,
2026-07-23T01:00,14195,4174,1387,5869,221,0,2,896,138,1470,38,
2026-07-23T02:00,13841,4205,988,5884,221,0,8,896,134,1467,38,
2026-07-23T03:00,13593,4216,910,5688,222,0,9,896,132,1482,38,
2026-07-23T04:00,13237,4242,705,5573,222,0,6,896,126,1429,38,
2026-07-23T05:00,12940,4257,389,5585,222,0,1,897,118,1433,38,
2026-07-23T06:00,12638,4252,374,5343,222,19,9,896,112,1373,38,
2026-07-23T07:00,12775,4290,366,5346,221,74,13,896,106,1425,38,
2026-07-23T08:00,12870,4245,366,5372,172,183,10,895,122,1467,38,
2026-07-23T09:00,13238,4167,518,5492,222,357,14,896,120,1414,38,
2026-07-23T10:00,13514,4190,783,5546,222,394,18,897,122,1304,38,
2026-07-23T11:00,13619,4181,1088,5501,222,447,16,896,122,1108,38,
2026-07-23T12:00,14107,4170,1475,5628,222,428,8,901,128,1110,38,ডে পিক
2026-07-23T13:00,14347,4156,1617,5642,222,510,15,901,142,1104,38,
2026-07-23T14:00,13971,4081,1514,5602,222,377,14,873,144,1106,38,
2026-07-23T15:00,14083,4135,1517,5758,222,261,6,901,140,1105,38,
2026-07-23T16:00,13587,4038,1275,5726,222,253,4,901,134,996,38,
2026-07-23T17:00,13236,3800,1385,5623,222,165,11,901,128,963,38,
2026-07-23T18:00,13302,3739,1595,5649,222,30,10,884,128,1007,38,
2026-07-23T19:00,14605,3789,2350,6020,222,0,7,884,146,1149,38,
2026-07-23T19:30,15449,3822,3049,6132,222,0,8,884,148,1146,38,সন্ধ্যা পিক
2026-07-23T20:00,15393,3817,2996,6172,222,0,10,884,144,1110,38,
2026-07-23T21:00,15411,3853,2924,6208,222,0,9,884,138,1135,38,
2026-07-23T22:00,15091,3790,2636,6233,222,0,14,884,134,1113,38,
2026-07-23T23:00,14985,3918,2532,6233,221,0,15,888,144,996,38,
2026-07-24T00:00,14463,3898,2400,5840,222,0,18,902,138,1007,38,
2026-07-24T01:00,13715,3763,2191,5460,220,0,13,901,134,995,38,
2026-07-24T02:00,13477,3785,2109,5272,222,0,19,898,134,1000,38,
2026-07-24T03:00,13046,3929,1479,5348,222,0,15,898,122,995,38,
2026-07-24T04:00,12752,3992,1059,5409,216,0,18,898,120,1002,38,
2026-07-24T05:00,12551,3993,784,5484,216,0,18,898,122,998,38,
2026-07-24T06:00,11952,3945,318,5400,216,15,11,898,118,993,38,
2026-07-24T07:00,11834,3976,286,5230,222,76,9,898,104,995,38,
2026-07-24T08:00,11634,3905,270,5082,172,172,7,888,94,1006,38,
2026-07-24T09:00,11688,3867,287,4966,217,286,9,898,108,1012,38,
2026-07-24T10:00,11558,3834,360,4741,222,335,35,897,104,992,38,
2026-07-24T11:00,11803,3972,363,4820,222,373,14,898,108,995,38,
2026-07-24T12:00,12542,4036,458,5298,222,547,12,898,116,917,38,ডে পিক
2026-07-24T13:00,13067,3973,723,5635,222,458,17,898,116,1014,38,
2026-07-24T14:00,12603,3941,514,5564,222,312,14,898,122,978,38,
2026-07-24T15:00,12488,3973,482,5438,222,325,9,898,116,987,38,
2026-07-24T16:00,12091,3941,391,5176,222,333,0,898,110,982,38,
2026-07-24T17:00,11736,3933,395,5032,222,187,0,897,106,926,38,
2026-07-24T18:00,11612,3944,395,5055,222,41,1,898,96,922,38,
2026-07-24T19:00,12932,3982,963,5671,222,0,8,898,126,1024,38,
2026-07-24T19:30,13917,3941,1669,6003,222,0,14,898,120,1012,38,
2026-07-24T20:00,14227,3985,1786,6152,222,0,19,898,124,1003,38,
2026-07-24T21:00,14451,4001,1908,6255,222,0,20,884,124,999,38,সন্ধ্যা পিক
2026-07-24T22:00,14485,3917,2024,6256,222,0,11,883,124,1010,38,
2026-07-24T23:00,14481,3846,2425,5904,222,0,12,884,136,1014,38,
2026-07-25T00:00,14458,3751,2518,5904,222,0,14,884,122,1005,38,
2026-07-25T01:00,14052,3650,2395,5706,220,0,28,884,126,1005,38,
2026-07-25T02:00,13651,3700,1988,5674,220,0,13,884,126,1008,38,
2026-07-25T03:00,13172,3713,1502,5677,220,0,18,884,120,1000,38,
2026-07-25T04:00,12865,3758,1120,5678,222,0,20,884,122,1023,38,
2026-07-25T05:00,12737,3829,925,5678,222,0,32,883,116,1014,38,
2026-07-25T06:00,12274,3807,479,5653,222,30,15,884,112,1034,38,
2026-07-25T07:00,12392,3846,459,5647,222,144,18,884,106,1028,38,
2026-07-25T08:00,12594,3776,543,5670,222,315,21,883,112,1014,38,
2026-07-25T09:00,12918,3700,605,5871,222,435,18,883,114,1032,38,
2026-07-25T10:00,13162,3678,741,5885,222,542,15,883,122,1036,38,
2026-07-25T11:00,13436,3653,1043,5855,222,573,20,884,124,1024,38,
2026-07-25T12:00,14007,3661,1298,5772,222,695,26,883,134,1278,38,ডে পিক
2026-07-25T13:00,14108,3634,1367,5715,222,659,27,884,130,1432,38,
2026-07-25T14:00,14190,3815,1321,5711,222,631,40,884,146,1382,38,
2026-07-25T15:00,14198,4011,1408,5626,222,460,44,895,142,1352,38,
2026-07-25T16:00,14146,4023,1503,5600,222,366,25,897,136,1309,38,
2026-07-25T17:00,13903,4057,1386,5639,222,182,25,897,144,1313,38,
2026-07-25T18:00,13676,3906,1521,5567,222,49,25,896,126,1326,38,
2026-07-25T19:00,14857,4018,2353,5700,222,0,21,897,156,1452,38,
2026-07-25T19:30,15732,4094,2882,6027,222,0,16,885,152,1416,38,
2026-07-25T20:00,15784,4069,3029,5959,222,0,16,896,150,1405,38,সন্ধ্যা পিক
2026-07-25T21:00,15686,3994,2733,6158,222,0,14,897,148,1482,38,
2026-07-25T22:00,15326,3975,2494,6075,222,0,4,897,146,1475,38,
2026-07-25T23:00,15323,4108,2655,5755,222,0,14,897,156,1478,38,
2026-07-26T00:00,15088,4057,2695,5549,222,0,18,897,140,1472,38,
2026-07-26T01:00,14645,4035,2496,5310,222,0,28,897,142,1477,38,
2026-07-26T02:00,14465,3960,2393,5310,222,0,21,901,136,1484,38,
2026-07-26T03:00,14141,4045,2089,5204,222,0,33,900,136,1474,38,
2026-07-26T04:00,14040,4042,2050,5132,222,0,26,900,138,1492,38,
2026-07-26T05:00,13858,4043,1888,5132,222,0,21,900,136,1478,38,
2026-07-26T06:00,13383,4032,1416,5124,222,20,25,900,120,1486,38,
2026-07-26T07:00,13421,4034,1336,5139,222,119,34,901,120,1478,38,
2026-07-26T08:00,13547,3988,1324,5125,222,299,42,900,134,1475,38,
2026-07-26T09:00,13595,3866,1334,5244,222,386,45,900,136,1424,38,
2026-07-26T10:00,14014,3893,1575,5257,222,498,51,900,136,1444,38,
2026-07-26T11:00,14186,3759,1851,5186,220,625,64,900,142,1401,38,
2026-07-26T12:00,14389,3844,2013,5152,221,650,52,900,140,1379,38,ডে পিক
2026-07-26T13:00,14501,3913,2136,5048,221,656,53,900,142,1394,38,
2026-07-26T14:00,14525,3882,2261,5062,221,622,24,850,158,1407,38,
2026-07-26T15:00,14593,3958,2266,5085,221,464,37,900,166,1458,38,
2026-07-26T16:00,14351,3872,2219,5148,222,287,49,900,160,1456,38,
2026-07-26T17:00,14172,3885,2183,5140,182,178,50,901,150,1465,38,
2026-07-26T18:00,13997,3800,2256,5172,182,57,51,901,140,1400,38,
2026-07-26T19:00,15039,3847,2937,5499,182,0,33,899,154,1450,38,
2026-07-26T19:30,16022,3874,3614,5780,182,0,34,896,154,1450,38,
2026-07-26T20:00,16063,3887,3674,5762,222,0,39,899,148,1394,38,
2026-07-26T21:00,16081,3898,3695,5752,222,0,44,900,150,1382,38,সন্ধ্যা পিক
2026-07-26T22:00,15788,3739,3609,5693,222,0,52,901,152,1382,38,
2026-07-26T23:00,15933,3815,3608,5743,222,0,40,874,150,1443,38,
2026-07-27T00:00,15275,3880,2843,5775,222,0,48,874,148,1447,38,
2026-07-27T01:00,14854,3904,2352,5861,222,0,27,874,142,1434,38,
2026-07-27T02:00,14650,3907,2180,5827,222,0,23,874,142,1437,38,
2026-07-27T03:00,14465,3920,2086,5767,222,0,24,874,134,1400,38,
2026-07-27T04:00,14254,3910,1978,5678,222,0,31,874,136,1387,38,
2026-07-27T05:00,14100,3962,1670,5753,222,0,44,874,136,1401,38,
2026-07-27T06:00,13654,3901,1349,5709,222,16,25,874,132,1388,38,
2026-07-27T07:00,13594,3942,1222,5642,222,94,32,874,126,1402,38,
2026-07-27T08:00,13502,3834,1187,5543,222,260,42,874,130,1372,38,
2026-07-27T09:00,13454,3810,1165,5397,222,409,47,876,130,1360,38,
2026-07-27T10:00,13773,3889,1371,5336,222,503,63,879,136,1339,38,
2026-07-27T11:00,13821,3908,1382,5375,221,503,59,876,136,1323,38,
2026-07-27T12:00,14260,3946,1629,5459,219,472,64,875,136,1422,38,ডে পিক
2026-07-27T13:00,14436,3937,1779,5492,218,418,64,876,138,1476,38,
2026-07-27T14:00,14497,3908,1944,5333,218,478,65,876,146,1491,38,
2026-07-27T15:00,14479,3882,1914,5468,218,399,56,876,144,1484,38,
2026-07-27T16:00,14252,3862,1986,5317,218,277,61,875,136,1482,38,
2026-07-27T17:00,14038,3850,2030,5252,220,162,41,876,148,1421,38,
2026-07-27T18:00,13780,3854,1854,5322,222,40,49,876,142,1383,38,
2026-07-27T19:00,15011,3868,2646,5770,222,0,38,876,154,1400,38,
2026-07-27T19:30,15924,3858,3437,5903,222,0,39,861,154,1412,38,
2026-07-27T20:00,15992,3910,3466,5926,222,0,44,875,138,1373,38,
2026-07-27T21:00,16079,3928,3389,6018,222,0,30,876,142,1436,38,সন্ধ্যা পিক
2026-07-27T22:00,15881,3880,3322,5978,222,0,24,876,128,1413,38,
2026-07-27T23:00,15824,3907,3194,5992,222,0,37,876,142,1416,38,
2026-07-28T00:00,15228,3902,2600,5986,222,0,37,876,152,1415,38,
2026-07-28T01:00,14833,3905,2212,5972,222,0,50,876,144,1414,38,
2026-07-28T02:00,14695,3924,2084,5963,222,0,30,876,132,1426,38,
2026-07-28T03:00,14412,3912,1806,5939,222,0,55,876,136,1428,38,
2026-07-28T04:00,14258,3978,1576,5962,222,0,24,876,138,1444,38,
2026-07-28T05:00,13937,3932,1312,5998,222,0,33,876,134,1392,38,
2026-07-28T06:00,13696,3916,1265,5978,222,16,27,876,120,1238,38,
2026-07-28T07:00,13689,3962,1171,5982,222,74,32,876,112,1220,38,
2026-07-28T08:00,13555,3879,1157,5793,222,238,10,875,122,1221,38,
2026-07-28T09:00,13415,3804,1132,5663,222,327,16,876,124,1213,38,
2026-07-28T10:00,13531,3902,1011,5740,222,477,27,876,122,1116,38,
2026-07-28T11:00,13554,3924,1227,5811,222,345,27,876,138,946,38,
2026-07-28T12:00,13996,3881,1755,5631,222,480,10,873,140,966,38,ডে পিক
2026-07-28T13:00,14161,3873,1985,5665,222,394,13,874,146,951,38,
2026-07-28T14:00,14348,3795,2043,5592,220,506,17,874,154,1109,38,
2026-07-28T15:00,14372,3911,2065,5606,219,386,13,872,158,1104,38,
2026-07-28T16:00,14287,3949,2078,5610,220,240,18,871,160,1103,38,
2026-07-28T17:00,14111,3926,2119,5540,221,131,17,872,148,1099,38,
2026-07-28T18:00,13932,3768,2396,5341,221,40,16,871,142,1099,38,
2026-07-28T19:00,14943,3905,3077,5512,222,0,28,872,156,1133,38,
2026-07-28T19:30,15244,3951,3289,5547,222,0,30,871,136,1160,38,
2026-07-28T20:00,15333,3912,3314,5612,222,0,27,871,130,1207,38,
2026-07-28T21:00,15637,3863,3518,5651,222,0,27,872,138,1308,38,সন্ধ্যা পিক
2026-07-28T22:00,15549,3831,3485,5643,222,0,15,871,138,1306,38,
2026-07-28T23:00,15297,3819,3382,5487,222,0,22,872,146,1309,38,
2026-07-29T00:00,14540,3748,2666,5508,222,0,24,872,156,1306,38,
2026-07-29T01:00,13943,3737,2101,5507,219,0,14,871,150,1306,38,
2026-07-29T02:00,13738,3696,1942,5505,219,0,19,872,140,1307,38,
2026-07-29T03:00,13693,3700,1884,5500,219,0,28,872,144,1308,38,
2026-07-29T04:00,13580,3686,1859,5449,219,0,15,872,136,1306,38,
2026-07-29T05:00,13562,3674,1852,5491,220,0,20,872,136,1259,38,
2026-07-29T06:00,13320,3542,1840,5444,220,18,0,871,124,1223,38,
2026-07-29T07:00,13519,3671,1782,5512,222,75,4,872,116,1227,38,
2026-07-29T08:00,13592,3643,1708,5508,222,211,32,882,122,1226,38,
2026-07-29T09:00,13578,3582,1724,5492,222,275,11,883,130,1221,38,
2026-07-29T10:00,14069,3480,2194,5425,222,468,10,883,130,1219,38,
2026-07-29T11:00,14479,3508,2375,5456,222,632,16,897,132,1203,38,
2026-07-29T12:00,14762,3660,2369,5582,222,608,20,898,148,1217,38,ডে পিক
2026-07-29T13:00,14604,3679,2350,5586,222,445,14,898,156,1216,38,
2026-07-29T14:00,14141,3679,1997,5527,222,365,31,898,156,1228,38,
2026-07-29T15:00,14162,3673,1969,5516,222,405,34,936,160,1213,38,
2026-07-29T16:00,13996,3679,2050,5519,218,192,32,898,156,1214,38,
2026-07-29T17:00,13787,3650,2088,5445,219,115,1,897,140,1194,38,
2026-07-29T18:00,13963,3672,2398,5351,220,41,19,898,142,1184,38,
2026-07-29T19:00,14532,3698,2777,5494,220,0,30,898,140,1237,38,
2026-07-29T19:30,14714,3718,2906,5505,221,0,27,898,146,1255,38,
2026-07-29T20:00,14720,3712,2927,5526,221,0,22,898,134,1242,38,
2026-07-29T21:00,14799,3748,2960,5534,221,0,20,898,138,1242,38,সন্ধ্যা পিক
2026-07-29T22:00,14777,3691,2932,5576,222,0,35,897,138,1248,38,
2026-07-29T23:00,14775,3719,2801,5648,222,0,42,898,154,1253,38,
2026-07-30T00:00,14436,3733,2432,5662,222,0,51,898,150,1250,38,
2026-07-30T01:00,13906,3735,2045,5537,218,0,45,898,146,1244,38,
2026-07-30T02:00,13741,3761,1866,5551,218,0,31,898,134,1244,38,
2026-07-30T03:00,13690,3759,1826,5546,215,0,26,898,133,1249,38,
2026-07-30T04:00,13623,3739,1805,5548,215,0,22,890,136,1230,38,
2026-07-30T05:00,13537,3689,1787,5504,216,0,26,898,128,1251,38,
2026-07-30T06:00,13149,3683,1472,5423,220,11,29,898,124,1251,38,
2026-07-30T07:00,13283,3793,1401,5484,221,65,21,898,112,1250,38,
2026-07-30T08:00,13363,3756,1353,5533,222,168,16,898,124,1255,38,
2026-07-30T09:00,13081,3765,1502,5001,222,268,24,898,122,1241,38,
2026-07-30T10:00,13426,3760,1798,4964,222,339,33,898,124,1250,38,
2026-07-30T11:00,13474,3733,1830,4945,222,389,53,898,122,1244,38,
2026-07-30T12:00,13612,3734,1793,4942,222,507,59,896,148,1273,38,ডে পিক
2026-07-30T13:00,13739,3735,1959,4932,221,454,42,899,144,1315,38,
2026-07-30T14:00,13435,3627,1988,4836,217,365,25,897,142,1300,38,
2026-07-30T15:00,13480,3656,1998,4927,217,233,41,898,154,1318,38,
2026-07-30T16:00,13421,3602,1989,4935,217,258,29,898,156,1299,38,
2026-07-30T17:00,13403,3548,2116,4898,218,152,28,898,150,1357,38,
2026-07-30T18:00,13433,3512,2382,4834,219,47,23,899,126,1353,38,
2026-07-30T19:00,14789,3650,3108,5238,220,0,15,898,146,1476,38,
2026-07-30T19:30,14964,3666,3275,5238,220,0,10,898,140,1479,38,
2026-07-30T20:00,14940,3595,3265,5293,222,0,10,899,136,1482,38,
2026-07-30T21:00,15323,3678,3534,5329,222,0,15,899,132,1476,38,সন্ধ্যা পিক
2026-07-30T22:00,15207,3633,3492,5294,222,0,14,897,130,1487,38,
2026-07-30T23:00,14813,3700,3386,4935,222,0,11,898,134,1489,38,
2026-07-31T00:00,14028,3714,2896,4627,222,0,8,897,146,1480,38,
2026-07-31T01:00,13662,3718,2565,4620,222,0,8,897,146,1480,38,
2026-07-31T02:00,13629,3736,2412,4699,220,0,7,898,140,1479,38,
2026-07-31T03:00,13458,3753,2300,4630,215,0,6,898,140,1478,38,
2026-07-31T04:00,13383,3818,2148,4652,214,0,11,898,128,1476,38,
2026-07-31T05:00,13336,3810,2101,4657,215,0,10,898,136,1471,38,
2026-07-31T06:00,13098,3691,1974,4652,216,17,15,898,126,1471,38,
2026-07-31T07:00,12957,3786,1656,4627,221,130,7,898,116,1478,38,
2026-07-31T08:00,12911,3775,1561,4582,222,249,0,897,118,1469,38,
2026-07-31T09:00,12836,3666,1530,4458,222,440,8,898,114,1462,38,
2026-07-31T10:00,12813,3600,1703,4323,222,512,0,898,110,1407,38,
2026-07-31T11:00,13023,3709,1757,4243,222,584,0,899,126,1445,38,
2026-07-31T12:00,13543,3720,1915,4542,222,612,0,897,144,1453,38,ডে পিক
2026-07-31T13:00,13709,3729,1965,4708,222,557,0,898,148,1444,38,
2026-07-31T14:00,13565,3591,2077,4632,222,502,12,898,142,1451,38,
2026-07-31T15:00,13167,3736,2090,4203,216,376,16,898,144,1450,38,
2026-07-31T16:00,13079,3740,2129,4248,216,216,29,897,132,1434,38,
2026-07-31T17:00,12968,3752,2069,4279,216,130,19,898,134,1433,38,
2026-07-31T18:00,12755,3745,1946,4329,218,30,17,898,122,1412,38,
2026-07-31T19:00,13873,3812,2587,4737,220,0,10,897,140,1436,38,
2026-07-31T19:30,14575,3896,2921,4968,220,0,10,898,144,1480,38,
2026-07-31T20:00,14447,3698,2941,5027,220,0,9,898,140,1476,38,
2026-07-31T21:00,14703,3851,2994,5097,222,0,11,898,138,1454,38,সন্ধ্যা পিক
2026-07-31T22:00,14776,3806,3043,5161,222,0,16,898,134,1458,38,
2026-07-31T23:00,14770,3885,2959,5163,222,0,9,898,134,1462,38,
2026-08-01T00:00,14087,3883,2684,4753,222,0,8,898,138,1463,38,
2026-08-01T01:00,13238,3898,2215,4381,222,0,3,898,136,1447,38,
2026-08-01T02:00,13038,3929,1963,4371,221,0,5,898,136,1477,38,
2026-08-01T03:00,12854,4019,1703,4374,208,0,5,898,130,1479,38,
2026-08-01T04:00,12772,3934,1689,4389,208,0,6,898,136,1474,38,
2026-08-01T05:00,12842,4002,1657,4440,207,0,9,898,120,1471,38,
2026-08-01T06:00,12788,3926,1645,4479,208,14,15,898,120,1445,38,
2026-08-01T07:00,12898,3892,1707,4463,220,88,8,897,116,1469,38,
2026-08-01T08:00,12945,3909,1695,4452,220,137,2,898,132,1462,38,
2026-08-01T09:00,13087,3802,1728,4569,220,248,6,885,142,1449,38,
2026-08-01T10:00,13356,3744,1828,4596,220,461,7,898,140,1424,38,
2026-08-01T11:00,13521,3819,1868,4641,221,437,0,898,144,1455,38,
2026-08-01T12:00,13618,3780,1916,4647,222,501,3,898,158,1455,38,ডে পিক
2026-08-01T13:00,13592,3722,1952,4660,222,494,0,898,152,1454,38,
2026-08-01T14:00,13661,3704,1919,4911,220,386,0,897,156,1430,38,
2026-08-01T15:00,13809,3694,1923,5197,218,223,7,898,162,1449,38,
2026-08-01T16:00,13749,3642,2028,5174,217,195,10,877,162,1406,38,
2026-08-01T17:00,13811,3614,2168,5217,217,102,10,898,150,1397,38,
2026-08-01T18:00,14109,3586,2410,5340,217,32,22,898,156,1410,38,
2026-08-01T19:00,15006,3692,3015,5489,218,0,24,898,176,1456,38,
2026-08-01T19:30,15139,3696,3246,5470,220,0,14,898,138,1419,38,
2026-08-01T20:00,15132,3683,3269,5486,220,0,7,898,126,1405,38,
2026-08-01T21:00,15355,3705,3382,5542,220,0,9,898,122,1439,38,সন্ধ্যা পিক
2026-08-01T22:00,15345,3686,3352,5564,220,0,11,898,126,1450,38,
2026-08-01T23:00,15244,3715,3200,5587,222,0,8,898,138,1438,38,
2026-08-02T00:00,14273,3759,2412,5329,222,0,6,898,150,1459,38,
2026-08-02T01:00,13249,3724,1848,4914,222,0,8,898,148,1449,38,
2026-08-02T02:00,13221,3746,1790,4915,220,0,8,898,146,1460,38,
2026-08-02T03:00,13103,3749,1677,4923,219,0,5,897,136,1459,38,
2026-08-02T04:00,13071,3765,1627,4925,218,0,7,897,136,1458,38,
2026-08-02T05:00,13064,3745,1634,4912,218,0,7,898,138,1474,38,
2026-08-02T06:00,13074,3797,1569,4932,219,19,7,898,128,1467,38,
2026-08-02T07:00,13085,3794,1509,4931,219,83,8,898,126,1479,38,
2026-08-02T08:00,12864,3624,1386,4930,220,225,6,899,130,1406,38,
2026-08-02T09:00,13002,3609,1407,4947,220,278,18,897,138,1450,38,
2026-08-02T10:00,13610,3549,1508,5492,220,339,17,898,136,1413,38,
2026-08-02T11:00,14128,3718,1682,5595,220,410,11,898,148,1408,38,
2026-08-02T12:00,14425,3723,1754,5557,221,623,9,898,152,1450,38,ডে পিক
2026-08-02T13:00,14119,3730,1746,5540,221,315,18,898,162,1451,38,
2026-08-02T14:00,14025,3687,1749,5514,220,301,25,898,180,1413,38,
2026-08-02T15:00,14087,3740,1704,5529,219,292,18,898,182,1467,38,
2026-08-02T16:00,13897,3734,1668,5483,218,237,19,898,166,1436,38,
2026-08-02T17:00,13646,3696,1714,5466,217,136,10,898,168,1303,38,
2026-08-02T18:00,13955,3640,2122,5439,218,23,4,898,152,1421,38,
2026-08-02T19:00,14938,3666,2812,5641,219,0,8,898,190,1466,38,
2026-08-02T19:30,15315,3658,3255,5606,219,0,5,898,164,1472,38,
2026-08-02T20:00,15394,3674,3338,5589,220,0,5,898,154,1478,38,
2026-08-02T21:00,15563,3730,3402,5637,221,0,7,898,150,1480,38,সন্ধ্যা পিক
2026-08-02T22:00,15177,3658,3115,5614,222,0,1,898,158,1473,38,
2026-08-02T23:00,14846,3726,2708,5603,222,0,7,898,166,1478,38,
2026-08-03T00:00,13977,3762,2060,5334,222,0,14,898,174,1475,38,
2026-08-03T01:00,13237,3732,1458,5235,222,0,5,898,176,1473,38,
2026-08-03T02:00,13169,3746,1355,5270,222,0,1,898,168,1471,38,
2026-08-03T03:00,13138,3778,1264,5284,222,0,9,898,162,1483,38,
2026-08-03T04:00,13015,3746,1186,5286,219,0,12,898,160,1470,38,
2026-08-03T05:00,12895,3734,1157,5199,218,0,13,898,156,1482,38,
2026-08-03T06:00,12551,3694,1152,4902,218,9,0,898,152,1488,38,
2026-08-03T07:00,12337,3754,1071,4654,219,74,5,898,146,1478,38,
2026-08-03T08:00,12374,3788,1035,4676,220,101,9,873,156,1478,38,
2026-08-03T09:00,12488,3785,1050,4697,220,203,0,873,152,1470,38,
2026-08-03T10:00,12964,3729,1222,5028,221,204,0,873,172,1477,38,
2026-08-03T11:00,13383,3715,1387,5262,176,287,0,873,172,1473,38,
2026-08-03T12:00,13664,3699,1456,5393,176,354,12,872,178,1486,38,ডে পিক
2026-08-03T13:00,13902,3636,1660,5431,176,406,8,873,190,1484,38,
2026-08-03T14:00,14019,3524,1798,5525,176,452,2,828,196,1480,38,
2026-08-03T15:00,14017,3615,1849,5480,174,312,0,873,198,1478,38,
2026-08-03T16:00,14063,3632,1972,5459,172,244,1,873,196,1476,38,
2026-08-03T17:00,13862,3568,2048,5363,172,138,0,873,184,1478,38,
2026-08-03T18:00,13880,3600,2205,5316,172,31,0,873,172,1473,38,
2026-08-03T19:00,14975,3669,2924,5646,171,0,0,872,178,1477,38,
2026-08-03T19:30,15195,3629,3213,5646,171,0,0,872,154,1472,38,
2026-08-03T20:00,15230,3610,3219,5651,217,0,2,872,148,1473,38,
2026-08-03T21:00,15373,3665,3313,5654,218,0,6,872,148,1473,38,সন্ধ্যা পিক
2026-08-03T22:00,15307,3554,3351,5655,219,0,5,873,136,1476,38,
2026-08-03T23:00,14816,3518,2895,5649,220,0,0,873,148,1475,38,
2026-08-04T00:00,14100,3512,2364,5505,222,0,0,873,116,1470,38,
2026-08-04T01:00,13637,3497,1912,5504,222,0,1,872,112,1479,38,
2026-08-04T02:00,13595,3548,1790,5504,222,0,4,872,144,1473,38,
2026-08-04T03:00,13554,3564,1738,5503,211,0,7,873,148,1472,38,
2026-08-04T04:00,13513,3582,1676,5504,209,0,15,872,140,1477,38,
2026-08-04T05:00,13566,3648,1672,5505,208,0,14,873,142,1466,38,
2026-08-04T06:00,13382,3588,1600,5464,207,5,11,873,128,1468,38,
2026-08-04T07:00,13355,3535,1604,5446,207,41,13,873,122,1476,38,
2026-08-04T08:00,13217,3516,1500,5401,208,65,11,873,124,1481,38,
2026-08-04T09:00,13429,3594,1573,5408,222,95,12,873,130,1484,38,
2026-08-04T10:00,13732,3533,1724,5545,222,179,6,872,138,1475,38,
2026-08-04T11:00,13918,3574,1755,5618,222,191,5,872,162,1481,38,
2026-08-04T12:00,14071,3599,1833,5666,222,212,4,873,150,1474,38,ডে পিক
2026-08-04T13:00,14208,3623,1895,5669,222,251,13,873,156,1468,38,
2026-08-04T14:00,13976,3629,1698,5637,222,212,23,873,172,1472,38,
2026-08-04T15:00,13875,3602,1615,5655,222,214,15,872,166,1476,38,
2026-08-04T16:00,13809,3564,1697,5622,222,161,13,873,166,1454,38,
2026-08-04T17:00,13613,3535,1767,5588,126,113,9,873,152,1412,38,
2026-08-04T18:00,13810,3488,2144,5481,172,30,21,873,154,1409,38,
2026-08-04T19:00,14842,3569,2940,5614,172,0,14,872,170,1453,38,
2026-08-04T19:30,15049,3570,3233,5575,172,0,34,873,130,1424,38,
2026-08-04T20:00,15086,3523,3243,5608,221,0,19,872,128,1434,38,
2026-08-04T21:00,15195,3572,3266,5637,220,0,7,872,134,1449,38,সন্ধ্যা পিক
2026-08-04T22:00,15053,3567,3146,5631,220,0,6,873,134,1438,38,
2026-08-04T23:00,14925,3578,2955,5660,220,0,4,872,138,1460,38,
2026-08-05T00:00,13780,3574,2062,5404,221,0,7,872,138,1464,38,
2026-08-05T01:00,13335,3600,1591,5408,222,0,5,873,134,1464,38,
2026-08-05T02:00,13208,3590,1468,5416,222,0,5,873,128,1468,38,
2026-08-05T03:00,13125,3600,1368,5419,222,0,0,873,132,1473,38,
2026-08-05T04:00,13017,3618,1259,5415,222,0,1,873,128,1463,38,
2026-08-05T05:00,12965,3598,1232,5411,220,0,0,875,126,1465,38,
2026-08-05T06:00,12666,3444,1125,5419,220,4,0,874,134,1408,38,
2026-08-05T07:00,12791,3491,1119,5468,218,46,0,874,128,1409,38,
2026-08-05T08:00,12758,3477,1112,5448,218,70,3,875,124,1393,38,
2026-08-05T09:00,12452,3494,948,5279,220,102,2,874,122,1373,38,
2026-08-05T10:00,12386,3506,913,5169,222,122,19,874,130,1393,38,
2026-08-05T11:00,12504,3567,803,5250,222,156,0,874,144,1450,38,
2026-08-05T12:00,12932,3670,924,4565,222,104,18,874,158,1459,38,ডে পিক
2026-08-05T13:00,13161,3675,1143,5431,222,217,9,875,150,1401,38,
2026-08-05T14:00,12952,3571,1354,5204,222,143,48,824,150,1398,38,
2026-08-05T15:00,12587,3518,1235,4996,222,124,22,874,142,1416,38,
2026-08-05T16:00,12211,3685,791,4958,222,124,3,875,132,1383,38,
2026-08-05T17:00,11968,3688,714,4799,220,72,8,875,134,1420,38,
2026-08-05T18:00,12087,3654,933,4783,219,17,3,874,134,1432,38,
2026-08-05T19:00,13673,3733,1856,5342,218,0,6,874,158,1448,38,
2026-08-05T19:30,14501,3690,2728,5390,218,0,5,874,144,1414,38,
2026-08-05T20:00,14233,3725,2463,5370,220,0,3,875,150,1389,38,
2026-08-05T21:00,14554,3890,2410,5541,220,0,2,874,158,1421,38,সন্ধ্যা পিক
2026-08-05T22:00,14531,3849,2383,5566,221,0,3,875,158,1438,38,
2026-08-05T23:00,14581,3829,2386,5625,221,0,3,875,160,1444,38,
2026-08-06T00:00,14198,3799,2263,5388,221,0,8,875,158,1448,38,
2026-08-06T01:00,13825,3811,1890,5378,221,0,14,875,150,1448,38,
2026-08-06T02:00,13372,3815,1573,5233,221,0,17,875,148,1452,38,
2026-08-06T03:00,12852,3816,1098,5223,221,0,15,875,134,1432,38,
2026-08-06T04:00,12522,3852,711,5236,221,0,30,875,134,1425,38,
2026-08-06T05:00,12390,3842,568,5235,221,0,27,875,140,1444,38,
2026-08-06T06:00,12108,3829,399,5191,220,19,24,875,136,1377,38,
2026-08-06T07:00,12294,3901,410,5188,218,91,24,875,128,1421,38,
2026-08-06T08:00,12757,3809,620,5480,218,165,12,875,134,1406,38,
2026-08-06T09:00,13113,3787,868,5470,220,270,9,875,136,1440,38,
2026-08-06T10:00,13335,3788,1071,5460,222,303,14,875,134,1430,38,
2026-08-06T11:00,13455,3804,1293,5218,222,391,27,874,148,1440,38,
2026-08-06T12:00,14160,3809,1816,5250,222,523,22,874,164,1442,38,ডে পিক
2026-08-06T13:00,14438,3807,2163,5209,222,518,11,875,156,1439,38,
2026-08-06T14:00,14147,3698,2142,5217,222,347,7,874,152,1450,38,
2026-08-06T15:00,14196,3816,2088,5187,222,343,16,874,152,1460,38,
2026-08-06T16:00,13908,3777,2049,5118,222,292,12,874,150,1376,38,
2026-08-06T17:00,13464,3721,1926,4991,222,129,9,875,144,1409,38,
2026-08-06T18:00,13287,3704,1822,4968,221,45,12,875,144,1458,38,
2026-08-06T19:00,14227,3812,2424,5235,220,0,10,874,160,1454,38,
2026-08-06T19:30,14497,3584,2896,5293,220,0,15,874,152,1425,38,
2026-08-06T20:00,14510,3632,2882,5287,220,0,12,875,148,1416,38,
2026-08-06T21:00,14895,3866,3014,5304,220,0,5,875,154,1419,38,সন্ধ্যা পিক
2026-08-06T22:00,14724,3791,2958,5288,221,0,2,875,158,1393,38,
2026-08-06T23:00,14229,3825,2530,5128,220,0,3,875,158,1452,38,
2026-08-07T00:00,13664,3739,2204,5007,221,0,5,875,154,1421,38,
2026-08-07T01:00,13217,3749,1862,4878,222,0,10,874,154,1430,38,
2026-08-07T02:00,13085,3761,1730,4862,220,0,17,874,150,1433,38,
2026-08-07T03:00,12965,3768,1592,4860,220,0,22,875,150,1440,38,
2026-08-07T04:00,12927,3754,1560,4854,220,0,25,875,146,1455,38,
2026-08-07T05:00,12662,3562,1500,4852,220,0,16,875,146,1453,38,
2026-08-07T06:00,12229,3542,1398,4839,220,15,18,875,132,1152,38,
2026-08-07T07:00,12039,3520,1418,4735,221,80,18,874,130,1004,38,
2026-08-07T08:00,11894,3557,1139,4661,220,159,13,875,128,1102,38,
2026-08-07T09:00,11539,3605,576,4592,222,314,14,900,126,1149,38,
2026-08-07T10:00,11760,3537,656,4602,222,431,23,902,136,1208,38,
2026-08-07T11:00,11797,3592,611,4651,222,414,18,901,142,1201,38,
2026-08-07T12:00,12500,3465,1223,4701,222,574,14,901,148,1206,38,ডে পিক
2026-08-07T13:00,13170,3537,1795,4686,222,600,14,901,154,1215,38,
2026-08-07T14:00,12552,3539,1623,4501,222,558,15,900,146,1029,38,
2026-08-07T15:00,12546,3564,1599,4699,222,426,20,901,144,930,38,
2026-08-07T16:00,12333,3508,1604,4717,222,276,23,901,134,908,38,
2026-08-07T17:00,11853,3586,1211,4757,222,147,29,901,132,828,38,
2026-08-07T18:00,11818,3679,1282,4686,222,36,40,901,126,808,38,
2026-08-07T19:00,13209,3832,2189,5052,221,0,39,901,156,781,38,
2026-08-07T19:30,14354,3890,2882,5448,220,0,27,901,162,786,38,
2026-08-07T20:00,14314,3769,2922,5501,220,0,46,892,152,774,38,
2026-08-07T21:00,14534,3855,3008,5505,220,0,38,901,164,805,38,সন্ধ্যা পিক
2026-08-07T22:00,14536,3862,3005,5499,220,0,30,901,168,813,38,
2026-08-07T23:00,14391,3861,2889,5513,220,0,20,901,158,791,38,
2026-08-08T00:00,13480,3710,2355,5339,221,0,28,840,156,793,38,
2026-08-08T01:00,12910,3853,1796,5141,222,0,19,901,152,788,38,
2026-08-08T02:00,12821,3863,1688,5158,222,0,9,901,152,790,38,
2026-08-08T03:00,12755,3890,1603,5152,222,0,11,901,148,790,38,
2026-08-08T04:00,12702,3884,1567,5148,222,0,32,901,148,762,38,
2026-08-08T05:00,12697,3914,1545,5159,222,0,22,901,146,750,38,
2026-08-08T06:00,12475,3713,1544,5156,222,17,9,901,122,753,38,
2026-08-08T07:00,12412,3557,1534,5140,221,129,19,901,120,753,38,
2026-08-08T08:00,12748,3736,1534,5148,220,281,9,901,130,751,38,
2026-08-08T09:00,12802,3680,1525,5101,220,447,10,901,136,744,38,
2026-08-08T10:00,13210,3761,1735,5148,220,513,13,901,134,747,38,
2026-08-08T11:00,13330,3753,1739,5179,219,582,17,901,154,748,38,
2026-08-08T12:00,13435,3744,1802,5191,219,590,26,901,170,754,38,ডে পিক
2026-08-08T13:00,13568,3768,1858,5190,220,623,36,901,178,756,38,
2026-08-08T14:00,13376,3770,1795,5183,222,501,23,901,186,757,38,
2026-08-08T15:00,13078,3732,1812,5041,222,388,4,900,182,759,38,
2026-08-08T16:00,12848,3772,1924,4796,222,234,29,901,176,756,38,
2026-08-08T17:00,12905,3769,2110,4771,222,127,13,901,176,778,38,
2026-08-08T18:00,12926,3752,2345,4696,222,40,17,900,150,766,38,
2026-08-08T19:00,14025,3871,3136,4782,222,0,10,901,178,887,38,
2026-08-08T19:30,14507,3798,3352,4931,222,0,26,901,174,1065,38,
2026-08-08T20:00,14702,3730,3322,5156,222,0,26,901,180,1127,38,
2026-08-08T21:00,15077,3883,3531,5195,222,0,7,901,176,1124,38,সন্ধ্যা পিক
2026-08-08T22:00,14665,3785,3208,5196,220,0,13,901,176,1128,38,
2026-08-08T23:00,14151,3813,2670,5201,220,0,5,901,176,1127,38,
2026-08-09T00:00,13558,3802,2282,5192,220,0,2,901,172,949,38,
2026-08-09T01:00,13002,3819,1872,5147,220,0,1,901,170,834,38,
2026-08-09T02:00,12951,3843,1770,5182,220,0,8,901,164,825,38,
2026-08-09T03:00,12974,3830,1672,5311,222,0,6,901,162,832,38,
2026-08-09T04:00,12848,3837,1630,5231,222,0,9,901,156,824,38,
2026-08-09T05:00,12928,3848,1537,5399,222,0,4,901,156,823,38,
2026-08-09T06:00,12725,3721,1475,5379,222,11,8,901,150,820,38,
2026-08-09T07:00,12666,3604,1500,5381,182,86,1,902,146,826,38,
2026-08-09T08:00,12650,3570,1404,5378,182,203,0,901,152,822,38,
2026-08-09T09:00,12953,3620,1471,5378,182,392,0,901,152,819,38,
2026-08-09T10:00,13046,3651,1663,5120,182,506,0,901,168,817,38,
2026-08-09T11:00,13278,3644,1820,5115,180,590,4,901,176,810,38,
2026-08-09T12:00,13336,3704,1863,5121,180,522,7,901,188,812,38,ডে পিক
2026-08-09T13:00,13314,3553,1873,5145,220,565,7,901,186,826,38,
2026-08-09T14:00,13403,3656,1878,5253,220,433,17,901,188,819,38,
2026-08-09T15:00,13241,3671,1784,5274,220,342,7,901,186,818,38,
2026-08-09T16:00,13294,3698,1802,5328,220,312,5,901,180,810,38,
2026-08-09T17:00,13278,3589,2019,5362,220,164,0,901,170,815,38,
2026-08-09T18:00,13550,3596,2308,5307,222,34,4,902,174,965,38,
2026-08-09T19:00,14786,3763,2919,5627,222,0,4,901,200,1112,38,
2026-08-09T19:30,15159,3653,3237,5885,222,0,3,820,180,1121,38,
2026-08-09T20:00,15312,3707,3249,5901,222,0,8,901,180,1106,38,সন্ধ্যা পিক
2026-08-09T21:00,15246,3719,3241,5837,222,0,9,902,176,1102,38,
2026-08-09T22:00,15057,3746,2940,5916,221,0,11,901,184,1100,38,
2026-08-09T23:00,14684,3777,2551,5916,221,0,6,901,170,1104,38,
2026-08-10T00:00,13756,3752,2135,5564,221,0,3,901,196,946,38,
2026-08-10T01:00,13162,3846,1682,5466,220,0,7,901,184,818,38,
2026-08-10T02:00,13021,3918,1482,5469,220,0,1,901,174,818,38,
2026-08-10T03:00,13082,4030,1431,5470,220,0,0,902,174,817,38,
2026-08-10T04:00,12926,4058,1343,5376,221,0,1,901,170,818,38,
2026-08-10T05:00,12918,4058,1305,5358,222,0,12,939,166,820,38,
2026-08-10T06:00,12916,4160,1236,5361,222,16,4,901,156,822,38,
2026-08-10T07:00,12935,4157,1118,5404,222,97,0,901,150,848,38,
2026-08-10T08:00,13017,3962,1137,5434,222,252,0,901,162,909,38,
2026-08-10T09:00,13435,4073,1235,5425,222,463,4,902,170,903,38,
2026-08-10T10:00,13720,3916,1414,5465,222,576,9,902,166,1012,38,
2026-08-10T11:00,13749,3920,1440,5494,220,580,6,902,128,1021,38,
2026-08-10T12:00,14076,3884,1520,5719,219,642,0,901,136,1017,38,ডে পিক
2026-08-10T13:00,14254,4024,1536,5655,217,711,12,902,138,1021,38,
2026-08-10T14:00,14154,3989,1585,5718,218,526,12,903,146,1019,38,
2026-08-10T15:00,13924,3940,1632,5504,220,521,11,902,140,1016,38,
2026-08-10T16:00,13858,3906,1793,5444,181,399,31,902,148,1016,38,
2026-08-10T17:00,13803,3956,1884,5417,182,214,53,902,140,1017,38,
2026-08-10T18:00,14040,4069,2147,5421,222,37,38,902,153,1013,38,
2026-08-10T19:00,15394,4173,2828,5916,222,0,32,902,154,1129,38,
2026-08-10T19:30,15685,4205,3079,5935,222,0,10,902,138,1456,38,
2026-08-10T20:00,15621,4107,3107,5937,222,0,10,902,138,1160,38,
2026-08-10T21:00,15706,4143,3196,5904,222,0,19,903,146,1135,38,সন্ধ্যা পিক
2026-08-10T22:00,15305,4154,3025,5789,222,0,15,902,142,1018,38,
2026-08-10T23:00,14940,4102,2802,5701,222,0,10,903,156,1006,38,
2026-08-11T00:00,14178,4189,2214,5477,220,0,16,868,160,996,38,
2026-08-11T01:00,13859,4221,1868,5535,218,0,9,902,160,908,38,
2026-08-11T02:00,13757,4274,1660,5572,219,0,16,902,162,914,38,
2026-08-11T03:00,13687,4272,1597,5565,219,0,22,902,162,910,38,
2026-08-11T04:00,13593,4269,1550,5531,221,0,9,902,160,913,38,
2026-08-11T05:00,13520,4284,1503,5570,222,0,15,902,154,832,38,
2026-08-11T06:00,13227,3994,1498,5554,222,7,23,902,150,839,38,
2026-08-11T07:00,13413,4136,1445,5570,222,105,17,902,150,828,38,
2026-08-11T08:00,13336,4032,1370,5558,222,219,16,902,148,831,38,
2026-08-11T09:00,13526,4078,1394,5467,222,422,28,893,158,826,38,
2026-08-11T10:00,13712,3986,1539,5438,222,474,22,901,160,932,38,
2026-08-11T11:00,14023,4158,1559,5386,221,647,17,901,170,926,38,
2026-08-11T12:00,14115,4124,1667,5336,219,685,32,901,178,935,38,ডে পিক
2026-08-11T13:00,14251,4171,1704,5354,218,742,24,876,190,934,38,
2026-08-11T14:00,14152,4078,1711,5377,218,689,16,901,182,942,38,
2026-08-11T15:00,13990,3984,1722,5428,218,534,36,901,186,943,38,
2026-08-11T16:00,13817,4061,1774,5353,218,349,33,901,192,898,38,
2026-08-11T17:00,13819,4174,1886,5252,218,218,40,874,184,935,38,
2026-08-11T18:00,14105,4232,2075,5282,219,36,38,874,174,1137,38,
2026-08-11T19:00,15224,4238,2743,5653,220,0,40,874,134,1284,38,
2026-08-11T19:30,15357,3979,3162,5630,222,0,46,873,130,1277,38,
2026-08-11T20:00,15457,4138,3175,5592,222,0,49,874,96,1273,38,
2026-08-11T21:00,15834,4245,3378,5666,222,0,30,874,100,1281,38,সন্ধ্যা পিক
2026-08-11T22:00,15833,4207,3347,5695,222,0,53,874,114,1283,38,
2026-08-11T23:00,15537,4217,3063,5699,222,0,27,874,114,1283,38,
2026-08-12T00:00,14655,4024,2397,5699,222,0,13,874,112,1276,38,
2026-08-12T01:00,13996,4131,1912,5634,219,0,39,874,150,999,38,
2026-08-12T02:00,13746,4204,1735,5657,218,0,47,874,140,833,38,
2026-08-12T03:00,13409,4138,1490,5636,218,0,40,874,146,829,38,
2026-08-12T04:00,13576,4220,1583,5651,219,0,20,873,136,836,38,
2026-08-12T05:00,13482,4151,1580,5586,220,0,54,874,132,847,38,
2026-08-12T06:00,13386,4081,1542,5590,222,15,50,873,116,880,38,
2026-08-12T07:00,13371,4041,1495,5572,220,83,53,873,116,880,38,
2026-08-12T08:00,13440,3966,1484,5575,222,263,48,874,132,838,38,
2026-08-12T09:00,13632,4122,1416,5579,222,298,59,873,146,836,38,
2026-08-12T10:00,13808,3956,1579,5511,222,529,51,845,182,895,38,
2026-08-12T11:00,14279,4225,1728,5542,222,518,45,874,166,921,38,
2026-08-12T12:00,14635,4143,2039,5557,220,666,51,874,116,931,38,ডে পিক
2026-08-12T13:00,14610,4133,2131,5475,218,655,46,875,114,925,38,
2026-08-12T14:00,14544,4207,2151,5466,218,494,28,874,134,934,38,
2026-08-12T15:00,14594,4236,2195,5560,219,359,52,874,124,937,38,
2026-08-12T16:00,14174,3954,2188,5556,222,230,60,873,124,929,38,
2026-08-12T17:00,14324,4098,2359,5514,222,128,45,873,120,927,38,
2026-08-12T18:00,14577,4426,2447,5359,222,19,45,873,114,1034,38,
2026-08-12T19:00,15488,4250,3185,5554,222,0,46,847,120,1226,38,
2026-08-12T19:30,15333,4062,3287,5473,222,0,62,873,110,1206,38,
2026-08-12T20:00,15658,4238,3310,5610,222,0,55,873,116,1196,38,
2026-08-12T21:00,16093,4485,3501,5582,222,0,58,873,104,1230,38,সন্ধ্যা পিক
2026-08-12T22:00,16172,4678,3279,5678,222,0,62,852,108,1255,38,
2026-08-12T23:00,16099,4760,2130,5685,222,0,29,874,112,1259,38,
2026-08-13T00:00,15698,4574,2929,5637,222,0,44,874,114,1266,38,
2026-08-13T01:00,14586,4594,2022,5636,217,0,55,875,112,1037,38,
2026-08-13T02:00,14213,4610,1784,5600,218,0,36,876,104,947,38,
2026-08-13T03:00,14201,4774,1731,5591,218,0,41,876,102,830,38,
2026-08-13T04:00,14114,4820,1645,5538,218,0,44,876,104,831,38,
2026-08-13T05:00,14250,5022,1601,5564,218,0,6,876,96,829,38,
2026-08-13T06:00,14071,4866,1581,5528,218,7,38,876,88,831,38,
2026-08-13T07:00,14119,4836,1587,5533,218,55,47,876,90,839,38,
2026-08-13T08:00,14174,4724,1547,5517,220,206,7,876,100,939,38,
2026-08-13T09:00,14083,4630,1551,5552,222,183,4,876,104,923,38,
2026-08-13T10:00,14453,4955,1504,5512,222,347,3,876,74,922,38,
2026-08-13T11:00,14619,5100,1468,5534,222,336,16,876,102,927,38,
2026-08-13T12:00,15054,5123,1650,5644,222,456,8,875,110,928,38,ডে পিক
2026-08-13T13:00,15226,5118,1650,5607,220,477,10,876,108,1122,38,
2026-08-13T14:00,15057,5015,1492,5570,217,515,14,876,106,1214,38,
2026-08-13T15:00,15136,5217,1502,5580,216,361,21,96,96,1229,38,
2026-08-13T16:00,15048,5031,1501,5497,216,278,31,876,100,1480,38,
2026-08-13T17:00,14847,5092,1358,5549,217,111,27,876,104,1475,38,
2026-08-13T18:00,14477,4974,1363,5371,219,24,29,876,104,1479,38,
2026-08-13T19:00,15713,4904,2406,5651,220,0,35,876,110,1473,38,
2026-08-13T19:30,16280,5044,2849,5678,220,0,45,876,110,1473,38,সন্ধ্যা পিক
2026-08-13T20:00,16249,5222,2556,5721,221,0,33,872,110,1476,38,
2026-08-13T21:00,16189,5364,2322,5770,221,0,34,876,106,1458,38,
2026-08-13T22:00,16112,5207,2543,5616,222,0,26,876,108,1476,38,
2026-08-13T23:00,16070,5003,2821,5509,222,0,13,876,110,1478,38,
2026-08-14T00:00,15732,5231,3024,4980,222,0,13,876,112,1236,38,
2026-08-14T01:00,14968,5258,2431,4910,220,0,14,876,104,1117,38,
2026-08-14T02:00,14479,5218,2043,4849,220,0,11,876,96,1128,38,
2026-08-14T03:00,14302,5201,1900,4839,219,0,14,876,94,1121,38,
2026-08-14T04:00,14162,5109,1867,4820,218,0,24,876,92,1118,38,
2026-08-14T05:00,13975,5017,1781,4823,219,0,5,876,96,1120,38,
2026-08-14T06:00,13661,4816,1670,4805,219,19,15,875,86,1118,38,
2026-08-14T07:00,13551,4896,1334,4835,220,135,9,875,86,1123,38,
2026-08-14T08:00,13436,4898,1252,4734,0,301,13,876,88,1236,38,
2026-08-14T09:00,13183,4712,1162,4620,0,401,15,876,90,1269,38,
2026-08-14T10:00,13308,4914,999,4605,0,494,27,876,94,1261,38,
2026-08-14T11:00,13586,5150,1028,4630,0,515,8,876,82,1259,38,
2026-08-14T12:00,14173,5109,1317,4725,0,678,11,876,154,1265,38,ডে পিক
2026-08-14T13:00,14933,5176,1974,4783,0,671,22,876,160,1233,38,
2026-08-14T14:00,14281,4786,2135,4388,0,612,41,876,160,1245,38,
2026-08-14T15:00,14478,5172,1944,4520,0,495,23,876,150,1260,38,
2026-08-14T16:00,14079,5142,1538,4728,0,326,32,875,150,1250,38,
2026-08-14T17:00,13723,4881,1475,4754,86,159,50,875,150,1255,38,
2026-08-14T18:00,13244,4545,1471,4680,181,26,35,873,130,1265,38,
2026-08-14T19:00,15238,5176,2413,4925,182,0,30,876,138,1460,38,
2026-08-14T19:30,16059,4944,3270,5125,182,0,25,898,100,1477,38,
2026-08-14T20:00,16071,4880,3297,5175,182,0,26,898,100,1475,38,
2026-08-14T21:00,16293,5068,3329,5175,182,0,23,898,106,1474,38,সন্ধ্যা পিক
2026-08-14T22:00,16027,4822,3287,5172,182,0,44,898,106,1478,38,
2026-08-14T23:00,15583,4730,3165,4973,182,0,30,890,104,1471,38,
2026-08-15T00:00,15070,4584,3042,4970,182,0,21,889,100,1244,38,
2026-08-15T01:00,14556,4570,2410,5130,182,0,26,888,102,1210,38,
2026-08-15T02:00,14168,4398,2259,5169,180,0,12,888,98,1126,38,
2026-08-15T03:00,14125,4410,2148,5229,178,0,21,894,90,1117,38,
2026-08-15T04:00,13875,4390,2018,5131,178,0,14,895,92,1119,38,
2026-08-15T05:00,13829,4420,1935,5131,178,0,15,895,92,1125,38,
2026-08-15T06:00,13670,4244,1937,5129,179,21,14,895,88,1125,38,
2026-08-15T07:00,13874,4490,1863,5055,181,123,14,895,82,1133,38,
2026-08-15T08:00,13825,4524,1760,4916,181,278,17,902,92,1117,38,
2026-08-15T09:00,13793,4324,1737,4916,181,452,29,902,96,1118,38,
2026-08-15T10:00,14275,4362,2025,4920,182,597,36,902,96,1117,38,
2026-08-15T11:00,14699,4660,2095,4909,182,602,23,902,176,1118,38,
2026-08-15T12:00,15092,4978,2099,4909,182,648,34,902,176,1126,38,ডে পিক
2026-08-15T13:00,14763,4987,1797,4894,182,605,57,902,180,1121,38,
2026-08-15T14:00,14634,5129,1598,4961,180,493,21,902,188,1124,38,
2026-08-15T15:00,14983,5422,1517,5037,177,575,12,901,186,1118,38,
2026-08-15T16:00,14774,5438,1503,5045,175,323,53,902,180,1117,38,
2026-08-15T17:00,15050,5569,1807,5045,175,170,57,902,174,1113,38,
2026-08-15T18:00,14617,5194,2045,4918,176,39,28,902,170,1107,38,
2026-08-15T19:00,15629,5341,2531,5133,180,0,24,902,194,1286,38,
2026-08-15T19:30,15912,5178,2662,5362,220,0,46,902,190,1314,38,
2026-08-15T20:00,16114,5238,2617,5572,222,0,40,902,184,1301,38,
2026-08-15T21:00,16190,5247,2558,5582,222,0,28,903,180,1432,38,সন্ধ্যা পিক
2026-08-15T22:00,16172,5277,2469,5582,222,0,33,902,174,1475,38,
2026-08-15T23:00,16211,5160,2622,5581,222,0,29,902,184,1473,38,
2026-08-16T00:00,15943,4924,2897,5286,222,0,32,902,180,1462,38,
2026-08-16T01:00,15399,5259,2475,5181,222,0,28,902,174,1120,38,
2026-08-16T02:00,15044,5221,2464,5182,220,0,33,902,174,810,38,
2026-08-16T03:00,14894,5142,2403,5186,219,0,42,902,166,796,38,
2026-08-16T04:00,14814,5104,2373,5184,218,0,29,902,166,800,38,
2026-08-16T05:00,14837,5132,2367,5184,218,0,34,902,160,802,38,
2026-08-16T06:00,14261,5058,1856,5183,218,12,45,902,144,805,38,
2026-08-16T07:00,14294,5014,1834,5183,219,110,44,901,144,807,38,
2026-08-16T08:00,14183,4968,1660,5184,220,208,36,902,152,815,38,
2026-08-16T09:00,14242,4909,1667,5182,222,306,44,902,158,814,38,
2026-08-16T10:00,14255,4736,1823,5182,222,345,41,902,150,816,38,
2026-08-16T11:00,14592,4840,1938,5183,222,472,17,902,158,822,38,
2026-08-16T12:00,14925,5138,1979,5182,222,475,39,902,156,821,38,ডে পিক
2026-08-16T13:00,14894,5086,1937,5168,222,523,31,903,170,816,38,
2026-08-16T14:00,14852,5070,1958,5133,222,517,17,902,180,815,38,
2026-08-16T15:00,14864,5260,1912,5117,218,373,48,902,180,816,38,
2026-08-16T16:00,14495,4989,1974,5052,218,282,53,903,174,812,38,
2026-08-16T17:00,14464,5080,2069,5008,217,161,24,902,162,803,38,
2026-08-16T18:00,14424,5206,1883,5057,217,32,46,902,170,873,38,
2026-08-16T19:00,15436,5234,2355,5295,217,0,31,902,182,1183,38,
2026-08-16T19:30,15403,4918,2502,5293,217,0,35,899,180,1321,38,
2026-08-16T20:00,15789,5194,2547,5281,218,0,27,899,174,1411,38,
2026-08-16T21:00,16121,5516,2495,5282,219,0,37,900,160,1474,38,সন্ধ্যা পিক
2026-08-16T22:00,16101,5523,2470,5281,222,0,30,901,166,1470,38,
2026-08-16T23:00,15963,5481,2353,5279,222,0,35,900,174,1481,38,
2026-08-17T00:00,15631,5545,2455,4980,222,0,50,902,170,1369,38,
2026-08-17T01:00,15142,5588,2310,4879,222,0,50,900,160,1009,38,
2026-08-17T02:00,14953,5330,2337,4920,221,0,48,901,156,1002,38,
2026-08-17T03:00,14582,5388,1833,4996,221,0,50,900,154,1002,38,
2026-08-17T04:00,14265,5354,1514,5088,220,0,40,900,146,965,38,
2026-08-17T05:00,14133,5442,1373,5152,219,0,43,900,146,820,38,
2026-08-17T06:00,13726,5332,1114,5150,178,3,56,900,138,817,38,
2026-08-17T07:00,13622,5478,1041,4907,179,62,58,901,138,820,38,
2026-08-17T08:00,13574,5386,1137,4723,179,176,63,900,144,828,38,
2026-08-17T09:00,13568,4976,1552,4562,220,293,61,900,144,822,38,
2026-08-17T10:00,13879,5143,1834,4540,220,197,31,900,152,824,38,
2026-08-17T11:00,14284,5331,1911,4538,220,335,28,900,162,821,38,
2026-08-17T12:00,14356,5224,2011,4598,221,340,38,900,162,824,38,ডে পিক
2026-08-17T13:00,14366,5152,2031,4648,221,340,45,900,166,825,38,
2026-08-17T14:00,14465,5216,2004,4714,221,359,34,901,156,822,38,
2026-08-17T15:00,14410,5246,2003,4714,220,265,32,899,162,831,38,
2026-08-17T16:00,14074,5104,1890,4708,219,189,29,900,166,831,38,
2026-08-17T17:00,13894,5351,1639,4677,218,79,19,901,150,822,38,
2026-08-17T18:00,14232,5482,1724,4637,218,14,29,900,164,1026,38,
2026-08-17T19:00,15683,5496,2344,5122,219,0,31,900,172,1361,38,
2026-08-17T19:30,15891,5494,2312,5268,219,0,25,900,176,1459,38,সন্ধ্যা পিক
2026-08-17T20:00,15718,5316,2235,5349,220,0,26,900,166,1468,38,
2026-08-17T21:00,15749,5381,2146,5399,221,0,34,902,160,1468,38,
2026-08-17T22:00,15654,5353,2078,5398,222,0,27,902,162,1474,38,
2026-08-17T23:00,15519,5358,2032,5302,222,0,23,902,164,1478,38,
2026-08-18T00:00,15355,5282,2291,4952,222,0,30,902,164,1474,38,
2026-08-18T01:00,14784,5007,2231,4950,222,0,26,903,162,1245,38,
2026-08-18T02:00,14392,5088,2109,4946,222,0,19,902,156,912,38,
2026-08-18T03:00,13900,5280,1521,4960,221,0,18,903,144,815,38,
2026-08-18T04:00,13624,5256,1259,4959,220,0,27,902,150,813,38,
2026-08-18T05:00,13408,5366,951,4958,218,0,18,902,142,815,38,
2026-08-18T06:00,13100,5190,624,5159,218,11,4,902,134,820,38,
2026-08-18T07:00,13217,5261,540,5209,219,77,11,902,138,822,38,
2026-08-18T08:00,13381,5300,531,5247,219,175,13,902,134,822,38,
2026-08-18T09:00,13636,5424,577,5218,222,273,28,902,140,814,38,
2026-08-18T10:00,13711,5298,681,5185,222,361,49,902,148,827,38,
2026-08-18T11:00,14136,5366,848,5304,222,445,27,903,152,831,38,
2026-08-18T12:00,14871,5424,1451,5354,222,477,13,902,160,830,38,ডে পিক
2026-08-18T13:00,14826,5376,1523,5354,222,398,26,903,162,824,38,
2026-08-18T14:00,14734,5353,1409,5354,222,442,9,902,168,837,38,
2026-08-18T15:00,14890,5628,1407,5352,222,327,11,902,166,837,38,
2026-08-18T16:00,14400,5324,1386,5296,220,226,10,902,166,837,38,
2026-08-18T17:00,14451,5315,1576,5305,219,95,5,903,164,831,38,
2026-08-18T18:00,14133,5149,1710,5102,218,19,7,901,148,841,38,
2026-08-18T19:00,15772,5490,2126,5611,218,0,10,902,168,1209,38,
2026-08-18T19:30,16207,5400,2460,5653,219,0,15,902,170,1350,38,সন্ধ্যা পিক
2026-08-18T20:00,16020,5270,2313,5653,219,0,18,902,156,1451,38,
2026-08-18T21:00,16096,5262,2374,5650,220,0,17,902,152,1481,38,
2026-08-18T22:00,15928,5182,2293,5641,221,0,16,903,164,1470,38,
2026-08-18T23:00,15813,5137,2205,5639,221,0,21,901,168,1483,38,
2026-08-19T00:00,15857,5286,2351,5402,222,0,16,902,164,1476,38,
2026-08-19T01:00,15274,5198,2218,5367,222,0,16,903,156,1156,38,
2026-08-19T02:00,14899,5310,2081,5368,222,0,13,902,156,809,38,
2026-08-19T03:00,14576,5340,1690,5391,222,0,14,902,154,825,38,
2026-08-19T04:00,14242,5400,1284,5409,221,0,16,902,152,820,38,
2026-08-19T05:00,14001,5408,1041,5411,219,0,12,902,144,826,38,
2026-08-19T06:00,13710,5376,871,5325,218,8,15,902,138,819,38,
2026-08-19T07:00,13902,5522,848,5329,218,78,10,902,136,821,38,
2026-08-19T08:00,13853,5214,931,5355,178,259,6,903,144,825,38,
2026-08-19T09:00,13968,5138,983,5354,180,406,5,904,144,816,38,
2026-08-19T10:00,14367,5228,1205,5314,180,521,7,902,150,822,38,ডে পিক
2026-08-19T11:00,14184,5544,1312,4531,220,631,29,902,156,821,38,
2026-08-19T12:00,14321,5236,1792,4588,220,536,9,902,172,828,38,
2026-08-19T13:00,14566,5338,1913,4592,221,563,2,902,172,825,38,
2026-08-19T14:00,14643,5456,2000,4592,222,431,11,902,162,829,38,
2026-08-19T15:00,14596,5590,1927,4572,222,322,23,902,172,828,38,
2026-08-19T16:00,14314,5366,1948,4561,222,273,8,902,168,828,38,
2026-08-19T17:00,14176,5314,1996,4576,220,144,12,881,170,825,38,
2026-08-19T18:00,14300,5086,2296,4712,219,28,2,881,168,870,38,
2026-08-19T19:00,15426,5352,2576,4916,219,0,0,881,188,1256,38,
2026-08-19T19:30,15293,5040,2585,4897,219,0,4,880,176,1454,38,
2026-08-19T20:00,15420,5079,2528,5035,219,0,5,880,174,1462,38,
2026-08-19T21:00,15681,5256,2515,5122,220,0,0,881,176,1473,38,সন্ধ্যা পিক
2026-08-19T22:00,16181,5109,2917,5353,220,0,3,889,172,1480,38,
2026-08-19T23:00,16359,5032,3157,5352,220,0,6,896,182,1476,38,
2026-08-20T00:00,16483,5012,3317,5342,220,0,1,900,178,1475,38,
2026-08-20T01:00,15833,5138,2891,5350,221,0,2,900,174,1119,38,
2026-08-20T02:00,15584,5125,2909,5350,221,0,1,900,172,868,38,
2026-08-20T03:00,15347,5165,2685,5343,221,0,3,900,166,826,38,
2026-08-20T04:00,15009,5102,2405,5346,222,0,4,900,160,832,38,
2026-08-20T05:00,14726,5126,2099,5345,220,0,0,902,158,838,38,
2026-08-20T06:00,14274,4884,1891,5349,219,12,2,902,152,825,38,
2026-08-20T07:00,14415,5048,1770,5345,218,117,2,902,142,833,38,
2026-08-20T08:00,14434,4931,1721,5335,219,207,0,902,152,929,38,
2026-08-20T09:00,14584,4790,1776,5328,220,453,0,902,150,927,38,
2026-08-20T10:00,14840,4928,1850,5294,220,529,0,902,148,931,38,
2026-08-20T11:00,15013,5038,1874,5295,221,586,0,902,136,923,38,
2026-08-20T12:00,15307,5210,1951,5289,222,596,11,903,158,929,38,ডে পিক
2026-08-20T13:00,14992,4980,1900,5290,222,581,12,903,140,926,38,
2026-08-20T14:00,15131,5270,1853,5292,222,461,14,903,146,932,38,
2026-08-20T15:00,15080,5290,1844,5279,222,416,11,903,140,937,38,
2026-08-20T16:00,14821,5188,1820,5268,222,312,1,904,142,926,38,
2026-08-20T17:00,14800,5202,1959,5298,222,123,0,903,138,917,38,
2026-08-20T18:00,14795,5100,2143,5264,222,29,0,903,150,946,38,
2026-08-20T19:00,16076,5248,2781,5480,222,0,0,903,174,1230,38,
2026-08-20T19:30,16035,5065,2840,5474,222,0,0,903,166,1327,38,
2026-08-20T20:00,16136,5216,2676,5473,220,0,1,903,154,1455,38,
2026-08-20T21:00,16175,5420,2498,5470,220,0,2,902,158,1467,38,সন্ধ্যা পিক
2026-08-20T22:00,15917,5188,2433,5470,222,0,11,903,174,1478,38,
2026-08-20T23:00,16197,5176,2851,5356,221,0,2,903,178,1472,38,
2026-08-21T00:00,16390,5288,3130,5174,222,0,0,903,184,1451,38,
2026-08-21T01:00,15727,5297,2946,4918,222,0,0,903,184,1219,38,
2026-08-21T02:00,15520,5278,2948,4927,222,0,0,903,176,1028,38,
2026-08-21T03:00,15266,5246,2836,4927,222,0,0,903,166,928,38,
2026-08-21T04:00,15134,5318,2629,4927,222,0,1,904,170,925,38,
2026-08-21T05:00,14320,5004,2136,4928,222,0,0,903,164,925,38,
2026-08-21T06:00,13707,4640,1922,4929,182,12,0,903,154,927,38,
2026-08-21T07:00,13913,4784,1924,4930,179,90,0,903,140,925,38,
2026-08-21T08:00,13871,4750,1752,4938,179,260,0,903,126,925,38,
2026-08-21T09:00,13731,4694,1602,4936,219,323,0,903,90,926,38,
2026-08-21T10:00,13761,5036,1233,4861,219,462,0,903,85,924,38,
2026-08-21T11:00,13983,5062,1333,4833,220,577,0,903,95,922,38,
2026-08-21T12:00,14727,5488,1526,4914,220,563,1,903,103,971,38,ডে পিক
2026-08-21T13:00,15263,5432,1895,4997,222,605,3,902,100,1069,38,
2026-08-21T14:00,14559,5448,1412,4980,222,524,14,903,103,915,38,
2026-08-21T15:00,14592,5616,1454,4869,222,457,14,903,105,914,38,
2026-08-21T16:00,14380,5354,1631,4870,222,335,14,903,101,912,38,
2026-08-21T17:00,13882,5288,1424,4867,222,114,8,903,96,922,38,
2026-08-21T18:00,13527,4856,1546,4756,222,37,8,902,106,1056,38,
2026-08-21T19:00,15708,5272,2675,5130,222,0,5,903,146,1296,38,
2026-08-21T19:30,16364,5320,3302,5131,222,0,6,903,146,1296,38,
2026-08-21T20:00,16261,5258,3446,5129,220,0,2,713,152,1303,38,
2026-08-21T21:00,16376,5222,3604,5129,220,0,0,713,154,1296,38,সন্ধ্যা পিক
2026-08-21T22:00,16246,5356,3339,5130,220,0,1,713,152,1297,38,
2026-08-21T23:00,15924,5118,3131,5245,220,0,0,713,158,1301,38,
2026-08-22T00:00,15706,5284,2796,5193,220,0,0,713,158,1304,38,
2026-08-22T01:00,14982,5376,2316,5211,221,0,1,714,150,955,38,
2026-08-22T02:00,14574,5287,2271,4862,221,0,0,902,146,847,38,
2026-08-22T03:00,14467,5275,2196,4861,221,0,0,902,144,830,38,
2026-08-22T04:00,14444,5257,2171,4887,221,0,0,903,138,829,38,
2026-08-22T05:00,14461,5204,2131,5001,221,0,1,902,136,827,38,
2026-08-22T06:00,14350,5186,1965,5073,221,11,0,902,130,824,38,
2026-08-22T07:00,14457,5229,1936,5074,221,101,0,902,132,824,38,
2026-08-22T08:00,14528,5194,1899,5078,220,246,0,902,124,827,38,
2026-08-22T09:00,14602,5050,1951,5080,219,410,0,901,130,823,38,
2026-08-22T10:00,14723,4965,2042,5080,220,515,13,902,124,824,38,
2026-08-22T11:00,14846,5132,2020,5079,222,552,12,902,108,826,38,
2026-08-22T12:00,15251,5374,2068,5079,220,622,9,902,112,827,38,ডে পিক
2026-08-22T13:00,15211,5151,2075,5107,220,660,22,902,133,903,38,
2026-08-22T14:00,15166,5321,2021,5127,222,494,14,902,131,896,38,
2026-08-22T15:00,14777,5229,2031,4967,222,370,8,902,122,888,38,
2026-08-22T16:00,14738,5202,2069,5055,222,221,30,902,113,886,38,
2026-08-22T17:00,14774,5056,2176,5249,222,98,26,903,120,886,38,
2026-08-22T18:00,15244,5062,2569,5404,222,20,28,902,114,885,38,
2026-08-22T19:00,16464,5351,3385,5517,222,0,29,902,136,884,38,
2026-08-22T19:30,16470,5159,3612,5487,222,0,47,901,130,874,38,
2026-08-22T20:00,16523,5371,3662,5552,222,0,18,713,122,825,38,সন্ধ্যা পিক
2026-08-22T21:00,16478,5340,3660,5551,221,0,18,713,114,823,38,
2026-08-22T22:00,16523,5290,3560,5532,220,0,26,713,108,1036,38,
2026-08-22T23:00,16603,5310,3398,5553,220,0,19,712,122,1231,38,
2026-08-23T00:00,15996,4999,3116,5555,220,0,16,712,112,1228,38,
2026-08-23T01:00,15765,5031,2848,5577,221,0,16,711,104,1219,38,
2026-08-23T02:00,15481,5092,2508,5581,221,0,13,711,108,1209,38,
2026-08-23T03:00,15410,4858,2464,5583,221,0,23,901,108,1214,38,
2026-08-23T04:00,15199,4966,2426,5323,222,0,24,901,104,1195,38,
2026-08-23T05:00,15070,5239,2377,5318,222,0,31,901,106,838,38,
2026-08-23T06:00,14705,5179,2081,5308,222,13,37,901,104,822,38,
2026-08-23T07:00,14727,5319,1882,5304,222,109,24,901,100,828,38,
2026-08-23T08:00,14675,5155,1866,5311,222,212,33,901,104,833,38,
2026-08-23T09:00,14697,4855,1964,5412,220,340,31,903,108,826,38,
2026-08-23T10:00,14663,4846,1961,5267,220,464,25,902,112,828,38,
2026-08-23T11:00,14997,5017,1904,5295,219,649,34,903,108,830,38,
2026-08-23T12:00,15309,5206,2042,5305,219,604,39,903,124,829,38,ডে পিক
2026-08-23T13:00,15507,5105,2158,5341,219,729,57,903,120,837,38,
2026-08-23T14:00,15547,5218,2147,5385,219,639,28,903,130,840,38,
2026-08-23T15:00,15467,5362,2125,5287,220,544,22,903,126,840,38,
2026-08-23T16:00,15299,5233,2175,5415,222,337,22,903,120,834,38,
2026-08-23T17:00,15288,5213,2347,5401,222,147,39,903,128,850,38,
2026-08-23T18:00,15141,5131,2538,5257,222,30,35,903,120,867,38,
2026-08-23T19:00,16427,5085,3378,5535,222,0,40,903,118,1108,38,
2026-08-23T19:30,16583,4956,3742,5531,222,0,54,819,114,1106,38,
2026-08-23T20:00,16973,5205,3755,5524,222,0,42,903,112,1172,38,সন্ধ্যা পিক
2026-08-23T21:00,16779,5183,3545,5528,222,0,26,902,110,1225,38,
2026-08-23T22:00,16740,5308,3375,5532,222,0,7,903,112,1243,38,
2026-08-23T23:00,16602,5224,3211,5547,222,0,20,903,118,1319,38,
2026-08-24T00:00,16506,5478,2930,5498,222,0,31,903,118,1288,38,
2026-08-24T01:00,15584,5276,2330,5443,220,0,36,906,114,1221,38,
2026-08-24T02:00,15430,5245,2248,5442,220,0,22,906,110,1199,38,
2026-08-24T03:00,15135,5300,2233,5441,221,0,26,906,100,870,38,
2026-08-24T04:00,14979,5259,2156,5440,222,0,33,906,98,827,38,
2026-08-24T05:00,14899,5172,2147,5441,222,0,44,906,98,831,38,
2026-08-24T06:00,14469,4972,1911,5437,222,6,44,906,100,833,38,
2026-08-24T07:00,14420,4937,1789,5440,222,100,64,906,96,828,38,
2026-08-24T08:00,14001,4922,1464,5301,222,177,34,906,102,835,38,
2026-08-24T09:00,14380,4989,1520,5380,222,368,17,906,110,830,38,
2026-08-24T10:00,14544,5045,1555,5343,220,441,39,906,112,845,38,
2026-08-24T11:00,14597,5015,1691,5330,220,390,58,906,110,839,38,
2026-08-24T12:00,14999,4950,2012,5330,219,513,61,907,126,843,38,ডে পিক
2026-08-24T13:00,15097,4962,2082,5339,218,526,63,907,120,842,38,
2026-08-24T14:00,14694,4741,2150,5303,218,356,23,906,116,843,38,
2026-08-24T15:00,14477,4543,2035,5411,220,354,21,906,108,841,38,
2026-08-24T16:00,14345,4597,1889,5431,220,267,11,906,132,854,38,
2026-08-24T17:00,14625,4735,2154,5430,221,135,12,906,140,854,38,
2026-08-24T18:00,14936,4629,2643,5429,222,18,19,906,146,886,38,
2026-08-24T19:00,16374,4941,3419,5528,222,0,22,906,160,1138,38,
2026-08-24T19:30,16614,4893,3619,5530,222,0,27,906,156,1223,38,সন্ধ্যা পিক
2026-08-24T20:00,16479,4927,3555,5532,222,0,24,766,150,1265,38,
2026-08-24T21:00,16520,4981,3563,5531,222,0,19,764,140,1262,38,
2026-08-24T22:00,16365,5012,3380,5528,222,0,27,764,134,1260,38,
2026-08-24T23:00,16233,5102,3181,5527,222,0,5,763,140,1255,38,
2026-08-25T00:00,15873,5090,2859,5480,80,0,16,764,146,1260,38,
2026-08-25T01:00,15136,4952,2255,5429,218,0,20,906,144,1174,38,
2026-08-25T02:00,14963,4903,2248,5363,218,0,15,906,134,1138,38,
2026-08-25T03:00,14858,5031,2275,5364,218,0,16,906,130,880,38,
2026-08-25T04:00,14775,5006,2271,5364,218,0,18,907,128,825,38,
2026-08-25T05:00,14716,5142,2051,5366,220,0,30,906,130,833,38,
2026-08-25T06:00,14354,5150,1689,5364,220,11,12,906,128,836,38,
2026-08-25T07:00,14511,5262,1608,5369,221,116,22,906,118,852,38,
2026-08-25T08:00,14459,5111,1611,5370,222,242,16,906,120,823,38,
2026-08-25T09:00,14642,5096,1687,5374,222,356,8,906,124,831,38,
2026-08-25T10:00,15085,5185,1806,5369,222,592,8,907,132,826,38,
2026-08-25T11:00,15138,5145,2003,5369,222,488,7,906,132,828,38,
2026-08-25T12:00,15314,5095,2152,5325,219,594,6,906,156,823,38,ডে পিক
2026-08-25T13:00,14868,5211,2166,4756,218,584,3,906,152,834,38,
2026-08-25T14:00,14664,5081,2192,4762,218,463,10,906,160,834,38,
2026-08-25T15:00,14650,5126,2225,4773,218,367,8,906,160,829,38,
2026-08-25T16:00,14292,5032,2132,4802,219,206,1,906,130,826,38,
2026-08-25T17:00,14283,4986,2295,4789,220,93,1,906,132,823,38,
2026-08-25T18:00,14733,4932,2606,4888,222,14,7,906,126,994,38,
2026-08-25T19:00,15869,5020,3173,5143,222,0,14,905,158,1196,38,
2026-08-25T19:30,15986,4964,3422,5150,222,0,12,807,152,1219,38,
2026-08-25T20:00,16140,4986,3591,5143,222,0,11,764,160,1225,38,
2026-08-25T21:00,16362,5010,3651,5309,222,0,12,764,154,1202,38,সন্ধ্যা পিক
2026-08-25T22:00,16199,5058,3396,5358,222,0,15,763,150,1199,38,
2026-08-25T23:00,16226,5046,3294,5489,222,0,15,764,154,1204,38,
2026-08-26T00:00,16083,4936,3119,5485,222,0,9,905,150,1219,38,
2026-08-26T01:00,15135,4948,2299,5353,219,0,6,906,146,1220,38,
2026-08-26T02:00,14975,4995,2248,5226,219,0,15,906,146,1182,38,
2026-08-26T03:00,14626,5061,2237,5092,219,0,8,906,134,931,38,
2026-08-26T04:00,14496,5089,2132,5027,219,0,14,906,138,933,38,
2026-08-26T05:00,14447,5223,2129,4851,220,0,8,906,138,934,38,
2026-08-26T06:00,14161,5142,1923,4853,220,10,12,906,126,931,38,
2026-08-26T07:00,14038,5008,1865,4851,220,88,5,906,124,933,38,
2026-08-26T08:00,14143,5017,1824,4857,221,201,28,906,118,933,38,
2026-08-26T09:00,14100,5020,1683,4855,222,317,8,906,124,927,38,
2026-08-26T10:00,14147,5086,1480,4785,222,557,11,906,128,934,38,
2026-08-26T11:00,14304,5330,1408,4843,222,475,8,906,136,938,38,
2026-08-26T12:00,14559,5097,1690,4859,220,649,15,906,144,941,38,ডে পিক
2026-08-26T13:00,14476,5021,1794,4830,218,557,19,906,156,937,38,
2026-08-26T14:00,14421,4941,1858,4857,220,488,27,906,152,934,38,
2026-08-26T15:00,14382,4984,1843,4857,221,442,7,906,152,932,38,
2026-08-26T16:00,14273,4934,1909,4833,221,347,11,906,148,926,38,
2026-08-26T17:00,14186,4884,2157,4784,221,165,11,855,148,923,38,
2026-08-26T18:00,14280,4848,2419,4786,222,14,0,855,138,960,38,
2026-08-26T19:00,15580,4955,3150,4971,222,0,8,905,152,1179,38,
2026-08-26T19:30,15864,4895,3482,4961,222,0,7,901,128,1230,38,
2026-08-26T20:00,16187,5170,3567,4942,222,0,5,906,130,1207,38,সন্ধ্যা পিক
2026-08-26T21:00,15988,5046,3540,4942,222,0,17,834,138,1211,38,
2026-08-26T22:00,15750,5086,3260,4941,222,0,14,834,154,1201,38,
2026-08-26T23:00,15690,5121,3145,4943,222,0,14,834,164,1209,38,
2026-08-27T00:00,15423,5189,2804,4895,222,0,7,905,156,1207,38,
2026-08-27T01:00,14267,5140,2032,4845,222,0,2,905,150,933,38,
2026-08-27T02:00,14270,5183,1997,4837,220,0,8,906,144,937,38,
2026-08-27T03:00,14186,5147,1930,4841,219,0,2,906,142,961,38,
2026-08-27T04:00,14188,5130,1942,4845,219,0,4,906,144,960,38,
2026-08-27T05:00,14242,5202,1938,4845,220,0,0,906,142,951,38,
2026-08-27T06:00,13978,5157,1714,4860,221,10,4,906,138,930,38,
2026-08-27T07:00,13906,5091,1632,4860,222,96,6,906,130,925,38,
2026-08-27T08:00,14109,5129,1605,4874,222,261,0,906,130,944,38,
2026-08-27T09:00,14270,5013,1683,4869,222,461,2,906,136,940,38,
2026-08-27T10:00,14432,4993,1710,4861,222,631,8,906,140,923,38,
2026-08-27T11:00,14567,5012,1712,4860,222,733,11,906,138,935,38,
2026-08-27T12:00,14632,5075,1725,4857,222,700,18,906,160,931,38,ডে পিক
2026-08-27T13:00,14478,4897,1732,4858,219,723,20,906,154,931,38,
2026-08-27T14:00,14653,5066,1763,4861,218,697,11,906,162,931,38,
2026-08-27T15:00,14448,4995,1785,4858,220,532,12,906,172,930,38,
2026-08-27T16:00,14213,4910,1845,4858,220,318,25,906,168,925,38,
2026-08-27T17:00,14311,4899,2168,4855,222,141,6,906,156,920,38,
2026-08-27T18:00,14451,4822,2486,4856,220,22,30,906,154,917,38,
2026-08-27T19:00,15631,4810,3290,4968,220,0,15,907,164,1219,38,
2026-08-27T19:30,15552,4702,3334,4970,220,0,22,867,170,1229,38,
2026-08-27T20:00,15951,4898,3496,4970,220,0,34,906,170,1219,38,
2026-08-27T21:00,16062,4969,3602,4967,221,0,15,904,162,1222,0,সন্ধ্যা পিক
2026-08-27T22:00,16138,4944,3538,4941,222,0,16,904,166,1407,0,
2026-08-27T23:00,15499,4695,3222,4884,222,0,7,905,166,1398,0,
2026-08-28T00:00,15440,4979,2959,4799,222,0,6,905,176,1394,0,
2026-08-28T01:00,14624,4900,2332,4770,220,0,17,904,170,1311,0,
2026-08-28T02:00,14571,4938,2273,4773,219,0,4,905,162,1297,0,
2026-08-28T03:00,14172,5184,1961,4780,217,0,7,904,152,967,0,
2026-08-28T04:00,14093,5219,1872,4786,217,0,11,904,146,938,0,
2026-08-28T05:00,13986,5183,1808,4771,219,0,19,904,142,940,0,
2026-08-28T06:00,13758,5103,1732,4722,220,5,13,904,140,919,0,
2026-08-28T07:00,13645,5052,1592,4728,222,74,5,905,138,929,0,
2026-08-28T08:00,13645,4968,1543,4758,221,183,10,905,130,927,0,
2026-08-28T09:00,13339,4525,1575,4682,222,358,13,898,136,930,0,
2026-08-28T10:00,13767,4889,1601,4663,222,394,12,906,144,936,0,
2026-08-28T11:00,13900,4877,1708,4616,222,482,4,905,138,948,0,
2026-08-28T12:00,14384,4919,1730,4612,222,607,6,906,148,1234,0,ডে পিক
2026-08-28T13:00,14860,5145,1807,4659,220,598,19,906,160,1346,0,
2026-08-28T14:00,14322,5146,1824,4670,218,373,23,905,156,1007,0,
2026-08-28T15:00,14147,5127,1728,4698,219,393,18,905,156,903,0,
2026-08-28T16:00,14045,5042,1844,4670,220,281,35,905,148,900,0,
2026-08-28T17:00,13708,4916,1946,4547,220,82,38,905,146,908,0,
2026-08-28T18:00,13752,4613,2354,4495,222,16,36,906,144,966,0,
2026-08-28T19:00,15114,4851,3079,4717,222,0,24,841,168,1212,0,
2026-08-28T19:30,15315,4758,3307,4727,222,0,27,906,166,1202,0,
2026-08-28T20:00,15835,5232,3364,4724,222,0,10,905,162,1216,0,
2026-08-28T21:00,15894,5298,3356,4728,221,0,8,905,168,1210,0,সন্ধ্যা পিক
2026-08-28T22:00,15624,5233,3146,4726,221,0,9,905,174,1210,0,
2026-08-28T23:00,15553,5202,3102,4727,221,0,7,906,178,1210,0,
2026-08-29T00:00,14925,5010,2784,4620,221,0,7,905,170,1208,0,
2026-08-29T01:00,14275,5008,2379,4616,219,0,12,905,172,964,0,
2026-08-29T02:00,14117,4927,2370,4615,218,0,12,905,168,902,0,
2026-08-29T03:00,14021,4876,2311,4615,217,0,29,905,164,904,0,
2026-08-29T04:00,13662,4921,1926,4615,217,0,17,906,154,906,0,
2026-08-29T05:00,13621,4963,1839,4619,218,0,9,905,158,910,0,
2026-08-29T06:00,13417,4958,1713,4546,219,11,11,905,146,908,0,
2026-08-29T07:00,13491,5026,1657,4581,177,93,5,905,140,907,0,
2026-08-29T08:00,13593,4987,1624,4553,181,284,4,906,148,906,0,
2026-08-29T09:00,13603,4672,1716,4582,181,450,29,905,158,910,0,
2026-08-29T10:00,13979,4992,1687,4509,182,583,46,906,164,910,0,ডে পিক
2026-08-29T11:00,13924,4941,1710,4556,182,504,53,905,156,917,0,
2026-08-29T12:00,13945,4722,1723,4590,182,695,40,906,164,923,0,
2026-08-29T13:00,14173,4780,1999,4567,182,620,34,906,162,923,0,
2026-08-29T14:00,14283,4860,2055,4577,182,600,17,905,158,929,0,
2026-08-29T15:00,13580,4678,1782,4540,178,414,30,905,128,925,0,
2026-08-29T16:00,13592,3632,1935,4557,178,292,31,906,140,921,0,
2026-08-29T17:00,13510,4542,2051,4584,178,135,38,914,144,924,0,
2026-08-29T18:00,13818,4594,2358,4617,180,14,59,917,154,925,0,
2026-08-29T19:00,14874,4296,3333,4718,181,0,34,918,184,1210,0,
2026-08-29T19:30,15590,4532,3678,4745,181,0,37,919,180,1318,0,
2026-08-29T20:00,15756,4635,3720,4747,222,0,28,920,176,1308,0,সন্ধ্যা পিক
2026-08-29T21:00,15722,4628,3652,4764,222,0,48,923,170,1315,0,
2026-08-29T22:00,15539,4665,3405,4809,222,0,38,923,172,1305,0,
2026-08-29T23:00,15385,4699,3184,4807,222,0,48,923,182,1320,0,
2026-08-30T00:00,15214,4909,2968,4674,222,0,42,923,182,1294,0,
2026-08-30T01:00,14334,5049,2321,4670,222,0,52,932,172,916,0,
2026-08-30T02:00,14153,5025,2197,4669,218,0,35,933,176,900,0,
2026-08-30T03:00,14200,5070,2207,4669,218,0,32,933,168,903,0,
2026-08-30T04:00,14203,5206,2057,4669,218,0,48,933,168,904,0,
2026-08-30T05:00,14082,5263,1940,4669,172,0,28,933,164,913,0,
2026-08-30T06:00,14028,5195,1933,4670,218,10,17,933,150,902,0,
2026-08-30T07:00,14071,5283,1848,4585,219,119,29,923,152,913,0,
2026-08-30T08:00,13479,5076,1818,4072,220,275,26,928,154,910,0,
2026-08-30T09:00,13528,5055,1777,4027,220,447,31,928,136,907,0,
2026-08-30T10:00,13481,4846,1740,4073,220,599,44,928,124,907,0,
2026-08-30T11:00,13647,4937,1687,4223,219,572,32,928,140,909,0,
2026-08-30T12:00,13736,5082,1608,4225,219,594,13,933,148,914,0,ডে পিক
2026-08-30T13:00,13703,4999,1604,4229,218,646,25,933,128,921,0,
2026-08-30T14:00,13845,5123,1704,4234,218,525,28,934,164,915,0,
2026-08-30T15:00,13514,4940,1786,4230,219,265,38,933,180,923,0,
2026-08-30T16:00,13644,5063,1684,4406,219,219,33,933,170,917,0,
2026-08-30T17:00,13719,4946,1907,4489,219,109,34,933,158,924,0,
2026-08-30T18:00,14218,5049,2218,4560,219,12,38,933,162,1027,0,
2026-08-30T19:00,15509,5075,3082,4873,221,0,32,933,170,1123,0,
2026-08-30T19:30,15586,4926,3249,4924,221,0,38,933,172,1123,0,
2026-08-30T20:00,15698,5038,3239,4921,221,0,42,933,178,1126,0,
2026-08-30T21:00,15829,5060,3377,4918,221,0,41,933,168,1111,0,সন্ধ্যা পিক
2026-08-30T22:00,15628,5074,3175,4929,221,0,26,932,174,1097,0,
2026-08-30T23:00,15214,4894,2947,4922,221,0,29,932,176,1093,0,
2026-08-31T00:00,14651,4944,2710,4822,221,0,15,933,168,838,0,
2026-08-31T01:00,13805,4990,1944,4815,110,0,25,928,162,831,0,
2026-08-31T02:00,13718,4800,2039,4816,125,0,18,928,158,834,0,
2026-08-31T03:00,13763,4924,1948,4819,125,0,23,929,160,835,0,
2026-08-31T04:00,13718,5004,1837,4819,125,0,19,929,150,835,0,
2026-08-31T05:00,13684,5078,1736,4820,125,0,20,929,144,832,0,
2026-08-31T06:00,13476,5118,1476,4820,125,5,20,929,146,837,0,
2026-08-31T07:00,13380,5054,1394,4798,125,84,27,930,136,832,0,
2026-08-31T08:00,13361,4882,1383,4798,125,240,22,929,152,830,0,
2026-08-31T09:00,13548,4883,1369,4824,172,349,34,929,156,832,0,
2026-08-31T10:00,13816,4925,1498,4844,218,394,37,929,140,831,0,
2026-08-31T11:00,13955,5025,1508,4845,125,510,29,929,150,834,0,ডে পিক
2026-08-31T12:00,13930,5051,1455,4826,172,473,37,929,158,829,0,
2026-08-31T13:00,13911,4985,1460,4722,172,630,12,929,166,835,0,
2026-08-31T14:00,13677,4931,1424,4777,172,426,21,929,164,833,0,
2026-08-31T15:00,13626,4950,1427,4807,171,354,21,929,136,831,0,
2026-08-31T16:00,13352,4915,1461,4802,171,222,22,929,0,830,0,
2026-08-31T17:00,13405,4796,1750,4794,171,123,17,929,0,825,0,
2026-08-31T18:00,13825,4792,2185,4822,218,15,31,928,0,834,0,
2026-08-31T19:00,15430,4727,3198,5090,219,0,39,929,101,1127,0,
2026-08-31T19:30,15633,4783,3345,5120,219,0,19,928,98,1121,0,
2026-08-31T20:00,15443,4743,3226,5189,218,0,18,825,102,1122,0,
2026-08-31T21:00,15725,4832,3409,5247,218,0,17,790,95,1117,0,সন্ধ্যা পিক
2026-08-31T22:00,15780,4881,3348,5302,218,0,27,791,88,1125,0,
2026-08-31T23:00,15888,4921,3275,5388,219,0,41,791,132,1121,0,
2026-09-01T00:00,15509,4831,2970,5409,217,0,27,882,164,1009,0,
2026-09-01T01:00,14494,4792,2207,5361,217,0,15,929,158,815,0,
2026-09-01T02:00,14107,4826,1730,5407,217,0,23,929,150,825,0,
2026-09-01T03:00,14059,4840,1649,5406,216,0,42,928,150,828,0,
2026-09-01T04:00,14055,4846,1615,5410,215,0,60,928,154,827,0,
2026-09-01T05:00,13943,5002,1484,5288,215,0,37,929,156,832,0,
2026-09-01T06:00,13759,5082,1413,5113,215,2,26,929,144,835,0,
2026-09-01T07:00,13630,5060,1341,5085,170,35,40,930,136,833,0,
2026-09-01T08:00,13612,4985,1306,5085,170,129,27,929,146,835,0,
2026-09-01T09:00,13571,4830,1376,5093,170,203,15,928,124,832,0,
2026-09-01T10:00,13946,4660,1580,5116,217,463,26,929,122,833,0,
2026-09-01T11:00,14162,4763,1715,5221,217,318,38,929,126,835,0,
2026-09-01T12:00,14618,4874,1760,5422,217,401,50,929,132,833,0,ডে পিক
2026-09-01T13:00,14369,4887,1692,5414,217,247,43,897,136,836,0,
2026-09-01T14:00,14253,4699,1692,5369,217,378,22,897,146,833,0,
2026-09-01T15:00,14204,4683,1712,5334,217,335,47,897,150,829,0,
2026-09-01T16:00,14078,4752,1771,5183,217,250,28,896,152,829,0,
2026-09-01T17:00,14112,4847,1893,5194,217,64,28,896,146,827,0,
2026-09-01T18:00,14321,4872,2252,5085,217,5,13,870,146,861,0,
2026-09-01T19:00,15630,4786,3147,5116,217,0,17,871,162,1314,0,
2026-09-01T19:30,16097,4869,3478,5146,218,0,30,871,170,1315,0,সন্ধ্যা পিক
2026-09-01T20:00,16096,4900,3481,5173,218,0,14,822,176,1312,0,
2026-09-01T21:00,16080,4832,3537,5241,218,0,9,774,162,1307,0,
2026-09-01T22:00,15856,4881,3324,5183,218,0,22,775,160,1293,0,
2026-09-01T23:00,15792,4822,3274,5144,219,0,24,870,164,1275,0,
2026-09-02T00:00,15309,4906,2819,5097,219,0,24,812,158,1268,0,
2026-09-02T01:00,14194,5074,2017,4814,220,0,27,870,156,1016,0,
2026-09-02T02:00,13793,4984,1976,4764,220,0,18,870,150,811,0,
2026-09-02T03:00,13704,4946,1899,4763,220,0,21,870,152,833,0,
2026-09-02T04:00,13674,5006,1918,4664,217,0,21,871,148,829,0,
2026-09-02T05:00,13497,4990,1814,4614,217,0,16,870,146,830,0,
2026-09-02T06:00,13289,4956,1696,4544,217,6,26,870,142,832,0,
2026-09-02T07:00,13275,5042,1542,4555,217,47,32,870,140,830,0,
2026-09-02T08:00,13284,4962,1553,4543,217,147,32,870,132,828,0,
2026-09-02T09:00,13530,4862,1600,4609,217,275,29,870,140,928,0,
2026-09-02T10:00,13851,5018,1767,4609,217,276,21,870,150,923,0,
2026-09-02T11:00,13828,4892,1752,4607,218,377,24,870,164,924,0,
2026-09-02T12:00,14029,4748,1776,4806,218,509,20,871,168,913,0,ডে পিক
2026-09-02T13:00,13904,4754,1699,4826,218,403,43,870,170,921,0,
2026-09-02T14:00,14061,4682,1756,4870,218,529,41,869,176,920,0,
2026-09-02T15:00,13891,4858,1758,4778,219,258,33,870,174,943,0,
2026-09-02T16:00,13479,4840,1814,4419,219,197,24,870,172,924,0,
2026-09-02T17:00,13824,5004,2009,4406,218,75,15,870,166,1061,0,
2026-09-02T18:00,13848,4630,2357,4341,217,5,10,870,160,1258,0,
2026-09-02T19:00,14807,4620,3262,4403,218,0,18,789,178,1319,0,
2026-09-02T19:30,15474,4946,3459,4421,218,0,12,871,176,1371,0,
2026-09-02T20:00,15505,4832,3536,4605,218,0,12,794,172,1336,0,
2026-09-02T21:00,15537,4902,3559,4606,219,0,16,751,164,1320,0,সন্ধ্যা পিক
2026-09-02T22:00,15552,4960,3583,4550,219,0,6,749,174,1311,0,
2026-09-02T23:00,15426,4934,3477,4553,220,0,10,749,180,1303,0,
2026-09-03T00:00,14813,4892,3067,4402,222,0,10,749,170,1301,0,
2026-09-03T01:00,13984,5060,2233,4303,222,0,12,868,172,1114,0,
2026-09-03T02:00,13484,5126,1816,4412,222,0,9,773,162,964,0,
2026-09-03T03:00,13410,5084,1813,4408,222,0,2,773,156,952,0,
2026-09-03T04:00,13402,4983,1817,4408,222,0,1,867,152,952,0,
2026-09-03T05:00,13265,5056,1676,4408,220,0,11,792,152,950,0,
2026-09-03T06:00,13074,4930,1612,4411,218,6,0,792,144,961,0,
2026-09-03T07:00,13384,5144,1655,4411,219,77,13,792,142,931,0,
2026-09-03T08:00,13309,4970,1639,4405,218,136,15,867,150,909,0,
2026-09-03T09:00,13285,4842,1744,4405,219,150,4,866,152,903,0,
2026-09-03T10:00,13601,4864,1901,4408,219,278,3,867,156,905,0,
2026-09-03T11:00,14060,5000,1931,4539,220,425,8,867,154,916,0,
2026-09-03T12:00,14375,5066,1913,4665,220,567,3,867,162,912,0,ডে পিক
2026-09-03T13:00,14298,5012,1809,4641,221,668,3,875,150,919,0,
2026-09-03T14:00,14265,5040,1834,4707,222,468,8,883,158,945,0,
2026-09-03T15:00,13879,4884,1843,4677,222,258,26,889,152,928,0,
2026-09-03T16:00,13666,4826,1840,4599,221,206,20,890,140,924,0,
2026-09-03T17:00,13932,4696,2142,4598,220,138,10,889,148,1091,0,
2026-09-03T18:00,14439,4796,2467,4597,219,13,14,889,138,1306,0,
2026-09-03T19:00,15415,4898,3205,4700,219,0,28,890,164,1311,0,
2026-09-03T19:30,15719,4866,3458,4776,219,0,28,888,166,1318,0,
2026-09-03T20:00,15924,4908,3516,4804,220,0,27,889,162,1399,0,সন্ধ্যা পিক
2026-09-03T21:00,15741,4986,3273,4805,220,0,14,889,150,1404,0,
2026-09-03T22:00,15439,4946,3076,4805,221,0,24,787,158,1422,0,
2026-09-03T23:00,15295,4886,3020,4808,222,0,8,787,160,1404,0,
2026-09-04T00:00,14741,4986,2772,4403,222,0,15,788,152,1403,0,
2026-09-04T01:00,13593,4894,1945,4247,222,0,35,787,146,1317,0,
2026-09-04T02:00,13473,4974,1768,4249,222,0,13,788,146,1313,0,
2026-09-04T03:00,13384,4914,1709,4236,222,0,13,837,146,1307,0,
2026-09-04T04:00,13355,4958,1618,4243,222,0,13,838,148,1315,0,
2026-09-04T05:00,13117,4834,1459,4252,220,0,9,886,142,1315,0,
2026-09-04T06:00,12754,4562,1435,4188,219,6,3,891,138,1312,0,
2026-09-04T07:00,12787,4536,1460,4187,219,53,10,890,126,1306,0,
2026-09-04T08:00,12614,4775,1333,3969,219,152,0,896,116,1154,0,
2026-09-04T09:00,12634,4862,1343,3936,219,331,2,897,124,920,0,
2026-09-04T10:00,12663,4831,1288,3947,220,438,3,896,130,910,0,
2026-09-04T11:00,12845,4928,1337,3941,221,473,2,896,132,915,0,
2026-09-04T12:00,13583,5144,1535,4215,222,506,0,896,138,927,0,ডে পিক
2026-09-04T13:00,13864,4977,1619,4255,222,553,2,896,146,1194,0,
2026-09-04T14:00,13349,4604,1681,4205,222,333,0,865,148,1291,0,
2026-09-04T15:00,13319,4720,1603,4259,222,289,27,865,142,1192,0,
2026-09-04T16:00,12846,4825,1394,4206,222,203,22,865,142,967,0,
2026-09-04T17:00,12574,4661,1346,4201,222,89,11,837,124,1083,0,
2026-09-04T18:00,12598,4511,1485,4110,221,6,11,837,118,1299,0,
2026-09-04T19:00,14649,5102,2675,4412,220,0,10,767,148,1315,0,
2026-09-04T19:30,14971,5120,2983,4459,216,0,12,719,148,1314,0,
2026-09-04T20:00,15136,5082,3031,4558,219,0,9,766,150,1321,0,সন্ধ্যা পিক
2026-09-04T21:00,15110,4966,3029,4713,219,0,5,718,152,1308,0,
2026-09-04T22:00,15270,5088,2958,4787,220,0,13,719,168,1317,0,
2026-09-04T23:00,15104,5066,2871,4788,222,0,14,671,166,1306,0,
2026-09-05T00:00,14450,4670,2673,4738,222,0,11,671,166,1299,0,
2026-09-05T01:00,13985,4778,1956,4738,222,0,7,817,156,1311,0,
2026-09-05T02:00,13675,4890,1841,4741,222,0,3,766,144,1068,0,
2026-09-05T03:00,13551,4978,1826,4738,222,0,3,701,142,941,0,
2026-09-05T04:00,13331,4830,1751,4738,222,0,19,701,144,926,0,
2026-09-05T05:00,13300,4886,1608,4739,222,0,13,701,140,991,0,
2026-09-05T06:00,13229,4890,1542,4740,222,4,13,701,134,983,0,
2026-09-05T07:00,13447,4954,1511,4743,181,79,9,890,128,952,0,
2026-09-05T08:00,13609,4957,1543,4741,180,227,17,891,138,915,0,
2026-09-05T09:00,13669,4922,1578,4753,181,283,10,890,124,928,0,
2026-09-05T10:00,13726,4744,1757,4635,181,459,11,890,130,919,0,
2026-09-05T11:00,14001,4954,1704,4694,221,455,12,891,148,922,0,ডে পিক
2026-09-05T12:00,13910,4634,1743,4730,222,607,5,890,156,923,0,
2026-09-05T13:00,13929,4796,1702,4721,222,516,4,890,156,922,0,
2026-09-05T14:00,13841,4771,1733,4752,222,357,17,915,160,914,0,
2026-09-05T15:00,13825,4890,1679,4739,222,288,15,918,154,920,0,
2026-09-05T16:00,13708,4874,1690,4741,222,170,16,917,148,930,0,
2026-09-05T17:00,13913,4553,2099,4738,222,88,12,918,166,1117,0,
2026-09-05T18:00,14206,4481,2506,4686,222,5,6,917,166,1217,0,
2026-09-05T19:00,15091,4929,3323,4676,222,0,7,727,174,1033,0,
2026-09-05T19:30,15170,4766,3452,4788,222,0,5,731,166,1040,0,
2026-09-05T20:00,15288,4857,3476,4786,221,0,6,731,170,1041,0,
2026-09-05T21:00,15357,4860,3529,4783,221,0,11,734,172,1047,0,সন্ধ্যা পিক
2026-09-05T22:00,15363,4828,3460,4891,220,0,18,734,174,1038,0,
2026-09-05T23:00,15436,4976,3419,4868,220,0,2,734,168,1049,0,
2026-09-06T00:00,15235,5086,3100,4866,221,0,11,734,162,1055,0,
2026-09-06T01:00,14283,5047,1981,4862,222,0,12,702,170,1287,0,
2026-09-06T02:00,14102,5039,1848,4865,222,0,3,701,170,1254,0,
2026-09-06T03:00,14024,5008,1787,4864,222,0,4,702,166,1271,0,
2026-09-06T04:00,13844,4842,1799,4862,222,0,0,701,164,1254,0,
2026-09-06T05:00,13960,5162,1596,4873,222,0,8,702,152,1245,0,
2026-09-06T06:00,13627,4802,1615,4853,222,3,8,702,156,1266,0,
2026-09-06T07:00,13678,4978,1522,4802,222,56,0,702,134,1262,0,
2026-09-06T08:00,13496,4790,1496,4815,220,103,5,659,148,1260,0,
2026-09-06T09:00,13761,4782,1597,4802,220,190,0,906,156,1108,0,
2026-09-06T10:00,13914,4881,1651,4755,219,217,0,923,154,1114,0,
2026-09-06T11:00,13998,4875,1725,4691,219,298,1,928,158,1103,0,
2026-09-06T12:00,14239,5067,1734,4739,219,259,3,928,166,1124,0,ডে পিক
2026-09-06T13:00,13922,4763,1703,4693,220,341,6,928,166,1102,0,
2026-09-06T14:00,14036,4845,1727,4673,220,328,12,928,172,1131,0,
2026-09-06T15:00,14023,4838,1776,4669,220,306,3,928,182,1101,0,
2026-09-06T16:00,13971,4717,1817,4774,221,227,13,927,168,1107,0,
2026-09-06T17:00,14371,4931,2106,4794,221,102,6,928,168,1115,0,
2026-09-06T18:00,14430,4817,2339,4753,221,6,14,927,164,1189,0,
2026-09-06T19:00,15136,4929,2936,4834,222,0,4,739,162,1310,0,
2026-09-06T19:30,15190,4829,3090,4838,222,0,0,739,156,1316,0,
2026-09-06T20:00,15263,4870,3115,4839,222,0,0,738,162,1317,0,
2026-09-06T21:00,15304,4934,3092,4840,222,0,0,739,170,1307,0,সন্ধ্যা পিক
2026-09-06T22:00,15366,5039,3047,4841,220,0,0,739,174,1306,0,
2026-09-06T23:00,15143,4968,2906,4838,219,0,0,739,166,1307,0,
2026-09-07T00:00,14852,4976,2633,4836,219,0,0,739,158,1291,0,
2026-09-07T01:00,13768,4834,2065,4800,222,0,0,638,154,1055,0,
2026-09-07T02:00,13572,4815,1909,4809,222,0,1,737,158,921,0,
2026-09-07T03:00,13525,4715,1870,4808,222,0,0,833,158,919,0,
2026-09-07T04:00,13449,4809,1664,4814,222,0,38,833,154,915,0,
2026-09-07T05:00,13457,4833,1594,4811,222,0,0,927,146,924,0,
2026-09-07T06:00,13109,4791,1507,4800,222,6,0,739,144,900,0,
2026-09-07T07:00,13289,4795,1469,4843,222,66,0,738,146,1010,0,
2026-09-07T08:00,13344,4757,1507,4766,222,196,0,738,138,1020,0,
2026-09-07T09:00,13711,4684,1571,4796,220,348,0,928,144,1020,0,
2026-09-07T10:00,14088,4794,1682,4789,220,505,0,928,148,1022,0,
2026-09-07T11:00,14035,4817,1614,4705,219,562,0,928,160,1030,0,
2026-09-07T12:00,14230,4835,1678,4695,218,696,0,928,166,1014,0,ডে পিক
2026-09-07T13:00,13828,4653,1609,4695,218,529,0,928,164,1032,0,
2026-09-07T14:00,13847,4776,1637,4698,219,378,11,928,174,1026,0,
2026-09-07T15:00,13720,4653,1698,4692,220,342,3,928,168,1016,0,
2026-09-07T16:00,13633,4642,1806,4632,220,216,9,928,170,1010,0,
2026-09-07T17:00,13715,4633,2090,4604,222,70,8,928,160,1000,0,
2026-09-07T18:00,14004,4565,2380,4582,222,3,4,928,162,1158,0,
2026-09-07T19:00,14924,4645,3169,4681,222,0,0,734,180,1293,0,
2026-09-07T19:30,15321,4807,3399,4682,222,0,0,733,168,1310,0,
2026-09-07T20:00,15377,4779,3494,4682,222,0,2,734,164,1300,0,
2026-09-07T21:00,15473,4841,3528,4683,222,0,0,732,168,1299,0,সন্ধ্যা পিক
2026-09-07T22:00,15264,4666,3478,4684,222,0,0,732,180,1302,0,
2026-09-07T23:00,15356,4916,3329,4657,222,0,0,732,180,1320,0,
2026-09-08T00:00,14947,4870,2947,4652,218,0,2,779,188,1291,0,
2026-09-08T01:00,14074,5020,2198,4682,218,0,0,738,180,1038,0,
2026-09-08T02:00,13749,5090,1886,4717,218,0,1,738,170,929,0,
2026-09-08T03:00,13506,5086,1667,4725,220,0,7,738,162,901,0,
2026-09-08T04:00,13545,5100,1674,4727,220,0,0,737,164,923,0,
2026-09-08T05:00,13400,5116,1556,4682,221,0,0,738,164,923,0,
2026-09-08T06:00,13405,5204,1476,4686,221,6,0,738,156,918,0,
2026-09-08T07:00,13326,5030,1389,4690,221,116,0,738,156,986,0,
2026-09-08T08:00,13518,4918,1388,4647,221,220,0,927,154,1043,0,
2026-09-08T09:00,13731,5034,1396,4634,221,340,0,926,158,1022,0,
2026-09-08T10:00,14055,4876,1472,4616,221,626,0,927,160,1157,0,
2026-09-08T11:00,14263,4842,1536,4647,219,728,0,927,166,1198,0,
2026-09-08T12:00,14294,4814,1593,4651,217,711,12,926,144,1226,0,ডে পিক
2026-09-08T13:00,14240,4804,1627,4626,217,662,15,927,144,1218,0,
2026-09-08T14:00,13938,4544,1673,4619,217,562,13,926,146,1238,0,
2026-09-08T15:00,13984,4564,1749,4707,218,442,11,926,148,1219,0,
2026-09-08T16:00,13828,4528,1861,4724,219,197,1,926,152,1220,0,
2026-09-08T17:00,14138,4582,2192,4770,220,86,0,926,144,1218,0,
2026-09-08T18:00,14467,4662,2355,4764,220,3,0,927,152,1384,0,
2026-09-08T19:00,15032,4824,2831,4754,220,0,0,824,162,1417,0,
2026-09-08T19:30,15013,4783,2830,4779,220,0,0,824,168,1409,0,
2026-09-08T20:00,15344,4857,2968,4888,222,0,0,823,172,1414,0,
2026-09-08T21:00,15661,4974,3029,5042,222,0,2,823,160,1409,0,সন্ধ্যা পিক
2026-09-08T22:00,15637,4799,3062,5147,222,0,10,824,166,1407,0,
2026-09-08T23:00,15755,4932,3015,5175,222,0,3,823,172,1413,0,
2026-09-09T00:00,15332,4805,2704,5210,220,0,2,824,174,1393,0,
2026-09-09T01:00,14431,4983,1980,5135,219,0,4,829,164,1117,0,
2026-09-09T02:00,14220,4960,1920,5119,218,0,1,829,174,999,0,
2026-09-09T03:00,14127,4945,1919,5132,219,0,0,830,180,902,0,
2026-09-09T04:00,13999,4995,1753,5133,220,0,1,830,156,911,0,
2026-09-09T05:00,14049,5108,1687,5134,221,0,1,830,160,908,0,
2026-09-09T06:00,13835,5055,1530,5135,222,10,2,830,140,911,0,
2026-09-09T07:00,13903,5076,1501,5135,222,91,0,829,142,907,0,
2026-09-09T08:00,13870,4912,1492,5131,222,220,0,830,152,911,0,
2026-09-09T09:00,14149,4769,1622,5093,222,304,8,927,154,1050,0,
2026-09-09T10:00,14465,4673,1644,5074,222,539,1,927,164,1221,0,
2026-09-09T11:00,14509,4782,1610,4968,221,606,4,928,156,1234,0,
2026-09-09T12:00,14691,4748,1726,5084,219,600,6,927,164,1217,0,ডে পিক
2026-09-09T13:00,14339,4752,1739,4893,217,419,0,928,170,1221,0,
2026-09-09T14:00,14304,4568,1797,5054,217,338,0,930,174,1226,0,
2026-09-09T15:00,14120,4598,1742,4972,218,255,2,930,180,1223,0,
2026-09-09T16:00,14308,4620,1901,5089,219,134,7,929,180,1229,0,
2026-09-09T17:00,14566,4606,2314,5028,220,65,16,929,176,1212,0,
2026-09-09T18:00,14936,4825,2594,4847,221,3,19,930,180,1317,0,
2026-09-09T19:00,15730,4845,3096,5144,222,0,11,829,160,1423,0,
2026-09-09T19:30,15957,4881,3258,5190,222,0,16,810,162,1418,0,
2026-09-09T20:00,15842,4783,3246,5203,222,0,17,810,160,1401,0,
2026-09-09T21:00,16004,4780,3359,5207,222,0,2,834,170,1430,0,সন্ধ্যা পিক
2026-09-09T22:00,15814,4708,3242,5203,222,0,0,834,180,1425,0,
2026-09-09T23:00,15589,4695,3023,5204,222,0,0,833,182,1430,0,
2026-09-10T00:00,14758,4747,2911,5106,220,0,0,834,182,758,0,
2026-09-10T01:00,13989,4755,2101,5109,220,0,7,858,178,761,0,
2026-09-10T02:00,13698,4808,1770,5105,219,0,8,858,170,760,0,
2026-09-10T03:00,13543,4765,1658,5107,219,0,4,858,168,764,0,
2026-09-10T04:00,13467,4779,1571,5108,220,0,9,858,160,762,0,
2026-09-10T05:00,13510,4839,1556,5105,220,0,10,858,158,764,0,
2026-09-10T06:00,13364,4831,1431,5106,221,6,3,858,150,758,0,
2026-09-10T07:00,13369,4799,1354,5103,222,126,3,858,148,756,0,
2026-09-10T08:00,13568,4727,1380,5103,222,373,0,858,160,745,0,
2026-09-10T09:00,13883,4724,1494,5070,222,536,2,930,158,747,0,ডে পিক
2026-09-10T10:00,13732,4638,1523,4835,222,664,10,930,162,748,0,
2026-09-10T11:00,13604,4601,1553,4752,222,628,10,929,170,739,0,
2026-09-10T12:00,13675,4597,1561,4849,220,599,17,930,160,742,0,
2026-09-10T13:00,13903,4506,1830,4859,217,627,10,931,178,745,0,
2026-09-10T14:00,13977,4600,1910,4837,217,582,5,930,158,738,0,
2026-09-10T15:00,13965,4577,2001,4857,217,479,5,930,158,741,0,
2026-09-10T16:00,13297,4487,2055,4421,217,292,5,930,156,734,0,
2026-09-10T17:00,13819,4791,2408,4456,218,100,21,930,154,741,0,
2026-09-10T18:00,13906,4607,2622,4595,219,3,10,930,188,732,0,
2026-09-10T19:00,14672,4946,3037,4693,220,0,12,837,194,733,0,
2026-09-10T19:30,14765,4984,3125,4710,221,0,13,789,186,737,0,
2026-09-10T20:00,14947,5097,3154,4753,221,0,14,788,184,736,0,
2026-09-10T21:00,15060,5156,3256,4804,221,0,11,741,180,691,0,সন্ধ্যা পিক
2026-09-10T22:00,15210,5179,3203,4895,222,0,4,787,180,740,0,
2026-09-10T23:00,15076,5232,3072,4934,222,0,15,788,188,625,0,
2026-09-11T00:00,14459,4976,2693,4891,222,0,13,788,186,690,0,
2026-09-11T01:00,14001,5187,1997,4893,219,0,21,788,186,710,0,
2026-09-11T02:00,13778,5165,1756,4892,217,0,11,833,178,726,0,
2026-09-11T03:00,13580,5092,1624,4904,217,0,10,833,170,730,0,
2026-09-11T04:00,13512,5163,1476,4905,218,0,8,832,166,744,0,
2026-09-11T05:00,13458,5121,1477,4872,219,0,18,832,168,751,0,
2026-09-11T06:00,13253,5039,1315,4907,219,10,33,833,158,739,0,
2026-09-11T07:00,13340,5053,1295,4975,180,106,19,834,142,736,0,
2026-09-11T08:00,13281,4980,1308,4873,181,214,14,833,144,734,0,
2026-09-11T09:00,13027,4682,1019,4985,180,362,9,927,126,737,0,
2026-09-11T10:00,13099,4936,818,4779,221,556,13,926,126,724,0,
2026-09-11T11:00,13131,4748,842,4803,220,692,11,929,136,750,0,
2026-09-11T12:00,13839,5004,1071,4966,221,738,25,930,144,740,0,ডে পিক
2026-09-11T13:00,14634,5002,1851,5030,217,681,27,929,158,739,0,
2026-09-11T14:00,14047,4979,1554,4934,217,520,29,929,150,736,0,
2026-09-11T15:00,13959,4938,1572,4944,220,449,15,929,148,744,0,
2026-09-11T16:00,13767,4947,1545,4922,220,285,28,929,140,751,0,
2026-09-11T17:00,13470,4972,1481,4864,221,94,19,928,136,755,0,
2026-09-11T18:00,13254,4947,1548,4745,222,5,12,929,116,730,0,
2026-09-11T19:00,15182,5113,2897,5184,222,0,25,835,152,754,0,
2026-09-11T19:30,15618,5162,3260,5214,222,0,16,835,150,759,0,
2026-09-11T20:00,15707,5247,3267,5212,222,0,2,835,160,762,0,
2026-09-11T21:00,15737,5270,3281,5207,222,0,14,834,146,763,0,সন্ধ্যা পিক
2026-09-11T22:00,15754,5269,3295,5208,222,0,13,835,152,760,0,
2026-09-11T23:00,15632,5287,3158,5208,222,0,5,835,154,763,0,
2026-09-12T00:00,15225,5136,3008,5107,222,0,7,835,158,752,0,
2026-09-12T01:00,14449,5103,2256,5110,221,0,22,835,150,752,0,
2026-09-12T02:00,14382,5170,2185,5051,219,0,17,835,146,759,0,
2026-09-12T03:00,14352,5162,2182,5047,218,0,9,835,144,755,0,
2026-09-12T04:00,14317,5194,2101,5109,172,0,3,835,144,759,0,
2026-09-12T05:00,14294,5170,2097,5112,173,0,10,835,140,757,0,
2026-09-12T06:00,13849,4988,1898,5042,174,6,4,835,142,760,0,
2026-09-12T07:00,13782,4983,1756,5043,175,88,7,835,136,759,0,
2026-09-12T08:00,13917,4991,1744,5023,176,245,1,835,142,760,0,
2026-09-12T09:00,13716,4890,1441,4992,222,345,0,930,144,752,0,
2026-09-12T10:00,13890,5147,1280,4991,221,430,0,930,140,751,0,
2026-09-12T11:00,14219,5337,1287,4947,222,585,0,930,152,759,0,
2026-09-12T12:00,14673,5267,1723,5047,222,561,6,930,160,757,0,ডে পিক
2026-09-12T13:00,14837,5148,2008,5010,220,602,0,930,160,759,0,
2026-09-12T14:00,14835,5094,2060,5008,218,604,5,930,156,760,0,
2026-09-12T15:00,14690,5100,2127,4959,217,435,2,930,158,762,0,
2026-09-12T16:00,14456,5145,2207,4754,218,282,11,929,158,752,0,
2026-09-12T17:00,14388,5095,2443,4705,219,93,1,930,150,752,0,
2026-09-12T18:00,14709,5168,2811,4681,215,3,0,930,150,751,0,
2026-09-12T19:00,14903,5063,3092,4812,216,0,0,820,148,752,0,
2026-09-12T19:30,14675,5107,3333,4297,216,0,4,820,146,752,0,
2026-09-12T20:00,14853,5137,3507,4280,217,0,6,820,132,754,0,
2026-09-12T21:00,15255,5177,3791,4363,217,0,8,797,140,762,0,সন্ধ্যা পিক
2026-09-12T22:00,15370,5205,3802,4408,222,0,0,820,148,765,0,
2026-09-12T23:00,15246,5097,3674,4430,221,0,6,915,150,753,0,
2026-09-13T00:00,14898,5087,3162,4621,221,0,0,915,156,736,0,
2026-09-13T01:00,14216,5243,2209,4802,220,0,0,847,150,745,0,
2026-09-13T02:00,14017,5167,2027,4848,218,0,0,847,150,760,0,
2026-09-13T03:00,14073,5186,2004,4911,218,0,0,847,150,757,0,
2026-09-13T04:00,13973,5181,1924,4909,218,0,0,847,138,756,0,
2026-09-13T05:00,14032,5158,1916,5007,218,0,0,847,132,754,0,
2026-09-13T06:00,13935,5167,1819,5011,218,8,0,819,132,761,0,
2026-09-13T07:00,13890,5070,1766,5010,221,120,0,819,130,754,0,
2026-09-13T08:00,13818,4993,1744,4954,222,192,0,819,138,756,0,
2026-09-13T09:00,14095,4885,1810,5041,222,326,0,915,138,758,0,
2026-09-13T10:00,14301,4772,1942,5126,222,433,0,915,136,755,0,
2026-09-13T11:00,14854,5028,1924,5155,212,443,0,915,150,757,0,ডে পিক
2026-09-13T12:00,14469,4891,2054,4814,212,685,0,915,150,748,0,
2026-09-13T13:00,14607,4880,2048,4872,212,683,2,914,150,846,0,
2026-09-13T14:00,14691,4907,2108,4842,211,507,4,915,150,1047,0,
2026-09-13T15:00,14762,4809,2072,4896,209,564,4,914,160,1134,0,
2026-09-13T16:00,14647,4789,2122,4893,207,336,2,915,158,1225,0,
2026-09-13T17:00,14747,4692,2452,4863,208,131,2,915,156,1328,0,
2026-09-13T18:00,15096,4667,2820,4871,208,3,0,914,160,1453,0,
2026-09-13T19:00,15925,4832,3423,4936,210,0,0,914,142,1468,0,
2026-09-13T19:30,16309,5018,3588,4938,210,0,0,914,154,1487,0,
2026-09-13T20:00,16450,4986,3751,4950,210,0,0,915,154,1484,0,
2026-09-13T21:00,16541,5097,3753,4950,210,0,0,915,144,1472,0,সন্ধ্যা পিক
2026-09-13T22:00,16419,5115,3646,4949,217,0,0,867,156,1469,0,
2026-09-13T23:00,16062,4967,3433,4935,217,0,0,867,152,1491,0,
2026-09-14T00:00,15617,5007,3092,4780,217,0,0,915,130,1476,0,
2026-09-14T01:00,14715,5079,2357,4599,217,0,0,867,126,1470,0,
2026-09-14T02:00,14594,5021,2274,4578,217,0,0,887,132,1485,0,
2026-09-14T03:00,14537,5120,2044,4676,212,0,0,886,126,1473,0,
2026-09-14T04:00,14463,5018,1991,4762,212,0,0,886,122,1472,0,
2026-09-14T05:00,14533,4990,2004,4847,212,0,0,886,114,1480,0,
2026-09-14T06:00,14206,5071,1656,4787,214,9,0,886,112,1471,0,
2026-09-14T07:00,14460,5184,1619,4794,215,170,0,887,112,1479,0,
2026-09-14T08:00,14365,4704,1834,4786,221,352,0,886,118,1464,0,
2026-09-14T09:00,14421,4673,1961,4789,217,571,2,886,108,1214,0,
2026-09-14T10:00,14653,4981,2036,4816,217,652,4,886,120,1004,0,
2026-09-14T11:00,14847,5043,2078,4816,217,747,8,886,120,932,0,ডে পিক
2026-09-14T12:00,14635,4758,2081,4818,217,722,6,887,128,1018,0,
2026-09-14T13:00,14839,4727,2111,4815,222,750,2,887,122,1203,0,
2026-09-14T14:00,14810,4765,2123,4818,222,661,4,886,118,1213,0,
2026-09-14T15:00,14657,4796,2109,4828,221,471,5,886,128,1213,0,
2026-09-14T16:00,14466,4838,2038,4812,219,340,4,885,130,1200,0,
2026-09-14T17:00,14474,4809,2339,4800,219,114,0,886,110,1197,0,
2026-09-14T18:00,15052,4837,2853,4835,219,3,0,886,122,1297,0,
2026-09-14T19:00,16031,4882,3649,4961,220,0,0,793,112,1414,0,
2026-09-14T19:30,16130,4837,3797,4961,220,0,0,792,102,1421,0,
2026-09-14T20:00,16348,4978,3882,4962,221,0,0,792,104,1409,0,
2026-09-14T21:00,16354,5064,3924,4842,222,0,0,792,94,1416,0,সন্ধ্যা পিক
2026-09-14T22:00,16161,5037,3809,4839,222,0,0,743,100,1411,0,
2026-09-14T23:00,16255,5129,3625,4965,222,0,0,792,104,1418,0,
2026-09-15T00:00,15692,5027,3276,4861,222,0,0,791,110,1405,0,
2026-09-15T01:00,14900,5216,2458,4857,222,0,0,886,106,1155,0,
2026-09-15T02:00,14527,5228,2262,4858,222,0,2,886,102,967,0,
2026-09-15T03:00,14552,5406,2150,4859,220,0,2,886,106,923,0,
2026-09-15T04:00,14475,5386,2108,4859,219,0,5,886,94,918,0,
2026-09-15T05:00,14574,5474,2111,4859,218,0,7,886,98,921,0,
2026-09-15T06:00,14450,5420,2062,4840,218,8,10,886,90,916,0,
2026-09-15T07:00,14291,5270,2012,4860,220,123,2,808,88,908,0,
2026-09-15T08:00,14655,5270,2068,4860,220,335,0,885,90,927,0,
2026-09-15T09:00,15065,5144,2355,4836,221,510,2,885,98,1014,0,
2026-09-15T10:00,15346,5192,2386,4795,222,666,4,885,94,1102,0,
2026-09-15T11:00,15436,5232,2301,4862,222,728,2,886,98,1105,0,
2026-09-15T12:00,15449,5099,2517,4801,222,701,4,886,100,1119,0,ডে পিক
2026-09-15T13:00,15506,5298,2531,4801,222,517,0,890,104,1143,0,
2026-09-15T14:00,15362,5070,2571,4803,222,572,2,889,104,1129,0,
2026-09-15T15:00,15367,5198,2572,4804,222,451,8,894,104,1114,0,
2026-09-15T16:00,15267,5269,2643,4802,220,220,0,894,102,1117,0,
2026-09-15T17:00,15140,5146,2851,4722,219,98,0,897,102,1105,0,
2026-09-15T18:00,15706,5277,3243,4682,219,2,0,906,38,1339,0,
2026-09-15T19:00,16754,5426,3854,4968,220,0,5,819,44,1408,0,
2026-09-15T19:30,16888,5450,3958,4966,220,0,3,829,44,1418,0,
2026-09-15T20:00,17033,5480,4073,4969,221,0,1,829,44,1416,0,
2026-09-15T21:00,17063,5586,4013,4950,221,0,5,829,44,1415,0,সন্ধ্যা পিক
2026-09-15T22:00,16877,5374,4048,4946,222,0,0,829,44,1414,0,
2026-09-15T23:00,16842,5522,3789,4941,222,0,0,899,46,1423,0,
2026-09-16T00:00,16090,5422,3308,4781,222,0,4,900,44,1409,0,
2026-09-16T01:00,15282,5536,2584,4657,222,0,3,852,44,1384,0,
2026-09-16T02:00,14704,5622,2292,4562,222,0,9,804,42,1151,0,
2026-09-16T03:00,14333,5648,2238,4481,221,0,19,758,42,926,0,
2026-09-16T04:00,14148,5624,2237,4344,220,0,8,759,42,914,0,
2026-09-16T05:00,14057,5676,2241,4178,220,0,10,758,40,934,0,
2026-09-16T06:00,13984,5640,2224,4176,215,3,0,758,38,930,0,
2026-09-16T07:00,13809,5626,2095,4026,219,117,0,758,36,932,0,
2026-09-16T08:00,13609,5516,1788,4010,220,303,0,804,34,934,0,
2026-09-16T09:00,13963,5458,2036,3938,220,463,0,900,34,914,0,
2026-09-16T10:00,14219,5492,2221,3890,221,558,0,901,34,902,0,
2026-09-16T11:00,14419,5334,2315,3956,222,629,0,901,32,1030,0,
2026-09-16T12:00,14773,5498,2400,3958,222,624,0,900,32,1139,0,ডে পিক
2026-09-16T13:00,14745,5450,2401,4068,222,535,0,901,38,1130,0,
2026-09-16T14:00,14695,5351,2417,4161,222,472,2,900,36,1134,0,
2026-09-16T15:00,14758,5462,2423,4269,222,325,2,901,30,1124,0,
2026-09-16T16:00,14791,5440,2560,4277,222,253,1,900,32,1106,0,
2026-09-16T17:00,14798,5473,2732,4228,220,111,0,901,26,1107,0,
2026-09-16T18:00,15104,5380,3063,4156,220,6,0,901,30,1348,0,
2026-09-16T19:00,15911,5354,3670,4400,220,0,0,805,40,1422,0,
2026-09-16T19:30,16296,5542,3827,4446,221,0,0,805,42,1413,0,
2026-09-16T20:00,16496,5622,3951,4439,221,0,0,804,40,1419,0,
2026-09-16T21:00,16617,5649,4019,4456,222,0,0,805,40,1426,0,সন্ধ্যা পিক
2026-09-16T22:00,16410,5514,3938,4458,222,0,0,811,42,1425,0,
2026-09-16T23:00,16313,5544,3811,4451,222,0,0,814,42,1429,0,
2026-09-17T00:00,15932,5472,3621,4365,222,0,0,814,42,1396,0,
2026-09-17T01:00,14804,5516,2765,4335,222,0,0,776,40,1150,0,
2026-09-17T02:00,14436,5412,2663,4325,222,0,0,777,40,996,0,
2026-09-17T03:00,14106,5464,2330,4311,222,0,0,830,38,911,0,
2026-09-17T04:00,14026,5474,2145,4451,219,0,0,785,38,914,0,
2026-09-17T05:00,13945,5398,2133,4466,217,0,0,785,36,910,0,
2026-09-17T06:00,13704,5256,2082,4418,217,2,0,784,36,909,0,
2026-09-17T07:00,14004,5434,2041,4520,217,58,0,784,34,916,0,
2026-09-17T08:00,13853,5310,1924,4443,220,159,0,852,32,913,0,
2026-09-17T09:00,14042,5286,1784,4504,221,226,0,899,32,1090,0,
2026-09-17T10:00,14090,5290,1645,4587,221,310,0,899,32,1106,0,
2026-09-17T11:00,14271,5306,1584,4625,222,490,0,900,28,1116,0,
2026-09-17T12:00,14523,5188,1951,4653,222,445,1,899,34,1130,0,ডে পিক
2026-09-17T13:00,14811,5047,2441,4606,222,441,3,898,32,1121,0,
2026-09-17T14:00,14499,5222,2054,4597,222,333,6,899,36,1130,0,
2026-09-17T15:00,14514,5349,1975,4613,222,295,5,899,34,1122,0,
2026-09-17T16:00,14195,5288,1824,4638,222,163,3,900,36,1121,0,
2026-09-17T17:00,14197,5409,1768,4681,220,57,0,900,34,1128,0,
2026-09-17T18:00,14516,5427,2093,4570,220,1,0,852,38,1315,0,
2026-09-17T19:00,15965,5251,3356,4887,220,0,0,804,38,1409,0,সন্ধ্যা পিক
2026-09-17T19:30,15835,5448,2976,4935,220,0,0,805,38,1418,0,
2026-09-17T20:00,15840,5395,2999,4961,221,0,0,805,40,1419,0,
2026-09-17T21:00,15827,5379,2997,4962,221,0,0,805,40,1423,0,
2026-09-17T22:00,15739,5359,2833,4963,221,0,0,900,42,1421,0,
2026-09-17T23:00,15672,5424,2715,4948,222,0,0,900,38,1425,0,
2026-09-18T00:00,15513,5464,2624,4871,222,0,0,900,40,1392,0,
2026-09-18T01:00,15106,5425,2554,4819,222,0,0,900,40,1146,0,
2026-09-18T02:00,14501,5476,2099,4848,222,0,0,900,38,918,0,
2026-09-18T03:00,14162,5470,1784,4821,222,0,0,900,38,927,0,
2026-09-18T04:00,13820,5478,1333,4828,221,0,0,899,38,1023,0,
2026-09-18T05:00,13544,5588,1012,4852,220,0,0,900,36,936,0,
2026-09-18T06:00,13020,5372,797,4771,220,8,0,900,36,918,0,
2026-09-18T07:00,12841,5376,704,4616,180,108,0,899,32,926,0,
2026-09-18T08:00,12949,5308,712,4608,180,291,0,899,28,924,0,
2026-09-18T09:00,12640,5126,654,4382,181,465,0,900,28,904,0,
2026-09-18T10:00,12624,5244,608,4242,222,463,0,900,28,917,0,
2026-09-18T11:00,13070,5448,596,4299,222,569,0,899,34,1003,0,
2026-09-18T12:00,13759,5354,832,4658,222,741,0,900,34,1018,0,ডে পিক
2026-09-18T13:00,14472,5356,1399,4852,222,698,0,899,38,1008,0,
2026-09-18T14:00,13862,5064,1382,4643,222,580,6,900,36,1029,0,
2026-09-18T15:00,13865,5340,1270,4699,222,385,2,900,36,1011,0,
2026-09-18T16:00,13567,5268,1200,4695,222,226,3,899,34,1020,0,
2026-09-18T17:00,13258,5268,1236,4508,222,70,3,899,32,1020,0,
2026-09-18T18:00,13616,5167,1678,4459,220,1,1,900,36,1154,0,
2026-09-18T19:00,15745,5430,2916,4869,220,0,0,899,40,1371,0,
2026-09-18T19:30,15742,5244,3039,4885,220,0,0,899,38,1417,0,
2026-09-18T20:00,15934,5359,3049,4961,220,0,0,900,40,1405,0,সন্ধ্যা পিক
2026-09-18T21:00,15903,5509,2858,4963,219,0,0,899,38,1417,0,
2026-09-18T22:00,15991,5565,2890,4965,220,0,0,900,42,1409,0,
2026-09-18T23:00,16256,5566,3155,4963,220,0,0,900,42,1410,0,
2026-09-19T00:00,16316,5345,3605,4809,221,0,0,900,42,1394,0,
2026-09-19T01:00,15782,5517,3155,4855,222,0,0,899,42,1092,0,
2026-09-19T02:00,15274,5325,3075,4767,222,0,0,844,40,1001,0,
2026-09-19T03:00,14823,5387,2517,4799,222,0,0,844,40,1014,0,
2026-09-19T04:00,14324,5375,2033,4794,222,0,0,844,38,1018,0,
2026-09-19T05:00,14018,5404,1706,4791,221,0,5,843,38,1010,0,
2026-09-19T06:00,13708,5355,1501,4785,220,8,0,797,36,1006,0,
2026-09-19T07:00,13701,5535,1179,4793,219,130,3,797,32,1013,0,
2026-09-19T08:00,13523,5375,871,4791,218,333,0,891,32,1012,0,
2026-09-19T09:00,13405,5070,963,4692,218,527,0,891,30,1014,0,
2026-09-19T10:00,13716,5456,826,4642,218,630,0,891,32,1021,0,
2026-09-19T11:00,13906,5519,810,4744,218,666,0,891,34,1024,0,
2026-09-19T12:00,14437,5479,1298,4768,222,722,1,892,36,1019,0,ডে পিক
2026-09-19T13:00,15044,5270,2226,4705,222,676,13,891,36,1005,0,
2026-09-19T14:00,15146,5141,2578,4623,221,628,22,891,34,1008,0,
2026-09-19T15:00,15544,5504,2648,4738,221,491,0,891,38,1013,0,
2026-09-19T16:00,15418,5449,2726,4793,222,292,0,891,36,1009,0,
2026-09-19T17:00,15304,5328,2919,4773,222,89,0,892,74,1007,0,
2026-09-19T18:00,15822,5510,3184,4805,221,1,0,891,78,1132,0,
2026-09-19T19:00,16375,5235,3747,4898,221,0,0,796,78,1400,0,
2026-09-19T19:30,16403,5374,3619,4889,220,0,0,797,80,1424,0,
2026-09-19T20:00,16348,5378,3557,4889,219,0,0,796,82,1427,0,
2026-09-19T21:00,16591,5445,3735,4891,219,0,3,804,80,1414,0,সন্ধ্যা পিক
2026-09-19T22:00,16674,5569,3681,4904,219,0,0,804,78,1419,0,
2026-09-19T23:00,16621,5531,3662,4904,220,0,5,805,74,1420,0,
2026-09-20T00:00,16014,5423,3303,4765,221,0,15,805,85,1397,0,
2026-09-20T01:00,15162,5544,2644,4758,222,0,2,798,84,1110,0,
2026-09-20T02:00,14799,5595,2334,4756,221,0,4,798,82,1009,0,
2026-09-20T03:00,14627,5509,2255,4792,221,0,0,749,82,1019,0,
2026-09-20T04:00,14132,5294,1983,4762,221,0,0,776,80,1016,0,
2026-09-20T05:00,12727,5229,802,4586,222,0,0,796,76,1016,0,
2026-09-20T06:00,12208,5207,499,4421,222,2,0,796,32,1029,0,
2026-09-20T07:00,11982,5251,375,4231,222,31,0,796,62,1014,0,
2026-09-20T08:00,11742,5137,305,4097,115,104,0,891,62,1031,0,
2026-09-20T09:00,12162,5279,312,4399,115,98,0,891,64,1004,0,
2026-09-20T10:00,12926,5201,582,4879,127,157,1,891,78,1010,0,
2026-09-20T11:00,13580,4988,1232,4896,173,304,3,892,82,1010,0,
2026-09-20T12:00,14161,5349,1363,4883,219,341,0,891,84,1031,0,ডে পিক
2026-09-20T13:00,14794,5379,1695,5112,218,389,5,892,86,1018,0,
2026-09-20T14:00,14888,5294,1984,5107,218,300,5,891,76,1013,0,
2026-09-20T15:00,15139,5280,2330,5045,218,288,1,891,80,1006,0,
2026-09-20T16:00,14789,5189,2260,4980,218,160,0,891,80,1011,0,
2026-09-20T17:00,14695,5111,2263,5072,222,56,0,902,68,1001,0,
2026-09-20T18:00,15382,5275,2495,5204,222,0,0,908,74,1204,0,
2026-09-20T19:00,16452,5152,3364,5302,220,0,0,917,84,1413,0,
2026-09-20T19:30,16455,5078,3430,5304,220,0,0,918,82,1423,0,সন্ধ্যা পিক
2026-09-20T20:00,16435,5234,3258,5304,220,0,0,917,82,1420,0,
2026-09-20T21:00,16325,5276,3183,5304,218,0,8,832,80,1424,0,
